id,name,city,rating,rating_count,cost,cuisine,lic_no,link,address,menu
567335,AB FOODS POINT,Abohar,--,Too Few Ratings,₹ 200,"Beverages,Pizzas",22122652000138,https://www.swiggy.com/restaurants/ab-foods-point-central-abohar-abohar-567335,"AB FOODS POINT, NEAR RISHI NARANG DENTAL CLINIC , NEAR IDBI BANK, ABOHAR",Menu/567335.json
531342,Janta Sweet House,Abohar,4.4,50+ ratings,₹ 200,"Sweets,Bakery",12117201000112,https://www.swiggy.com/restaurants/janta-sweet-house-central-abohar-abohar-531342,"Janta Sweet House, Bazar No.9, Circullar Road, Abohar",Menu/531342.json
158203,theka coffee desi,Abohar,3.8,100+ ratings,₹ 100,Beverages,22121652000190,https://www.swiggy.com/restaurants/theka-coffee-desi-central-raipura-abohar-158203,"theka coffee desi, sahtiya sadan road city",Menu/158203.json
187912,Singh Hut,Abohar,3.7,20+ ratings,₹ 250,"Fast Food,Indian",22119652000167,https://www.swiggy.com/restaurants/singh-hut-nehru-park-main-bazar-abohar-187912,"Singh Hut, CIRCULAR ROAD NEAR NEHRU PARK ABOHAR",Menu/187912.json
543530,GRILL MASTERS,Abohar,--,Too Few Ratings,₹ 250,"Italian-American,Fast Food",12122201000053,https://www.swiggy.com/restaurants/grill-masters-central-abohar-abohar-543530,"GRILL MASTERS, ADA Heights, Abohar - Hanumangarh Rd, Raipura, Abohar, Punjab 152116, India",Menu/543530.json
158204,Sam Uncle,Abohar,3.6,20+ ratings,₹ 200,Continental,22119652000052,https://www.swiggy.com/restaurants/sam-uncle-central-main-bazar-abohar-158204,"Sam Uncle, hanumangarh road near raja bajaj showroom abohar",Menu/158204.json
156588,shere punjab veg,Abohar,4.0,100+ ratings,₹ 150,North Indian,22120652000021,https://www.swiggy.com/restaurants/shere-punjab-veg-central-krishna-nagri-abohar-156588,"shere punjab veg, major surinder chowk near verma sons petrol pump and lic building abohar",Menu/156588.json
244866,Shri Balaji Vaishno Dhaba,Abohar,--,Too Few Ratings,₹ 100,North Indian,22119652000389,https://www.swiggy.com/restaurants/shri-balaji-vaishno-dhaba-central-main-bazar-abohar-244866,"Shri Balaji Vaishno Dhaba, St no 13,6th chowk,main Bazar,near jain bhawan, abohar",Menu/244866.json
156602,Hinglaj Kachori Bhandhar,Abohar,4.2,20+ ratings,₹ 100,"Snacks,Chaat",22119652000042,https://www.swiggy.com/restaurants/hinglaj-kachori-bhandhar-central-main-bazar-abohar-156602,"Hinglaj Kachori Bhandhar, street no 11 circular road ,Abohar",Menu/156602.json
158193,yummy hub,Abohar,--,Too Few Ratings,₹ 200,Indian,22119652000045,https://www.swiggy.com/restaurants/yummy-hub-central-abohar-abohar-158193,"yummy hub, hanumangarh road near dr naveen sethi hospitalabohar",Menu/158193.json
407249,CHAWLA SAAB THE JUICE MASTER,Abohar,--,Too Few Ratings,₹ 300,"Juices,Beverages",22121652000374,https://www.swiggy.com/restaurants/chawla-saab-the-juice-master-central-abohar-abohar-407249,"CHAWLA SAAB THE JUICE MASTER, SAHITYA SADAN MARKET, ABOHAR ,  Abohar (M Cl) , Fazilka 1(Abohar), Fazilka,  Punjab-152116",Menu/407249.json
156590,Sethi Milk Badam,Abohar,4.2,20+ ratings,₹ 100,"Sweets,Desserts",22119652000039,https://www.swiggy.com/restaurants/sethi-milk-badam-central-krishna-nagri-abohar-156590,"Sethi Milk Badam, main bazar street no 11 abohar",Menu/156590.json
338749,Swastik Dhaba,Abohar,--,Too Few Ratings,₹ 200,North Indian,license,https://www.swiggy.com/restaurants/swastik-dhaba-central-krishna-nagri-abohar-338749,"Swastik Dhaba, Gaushala road street no 22 near shiv mandir abohar",Menu/338749.json
156601,Jodhpuri Kachori,Abohar,--,Too Few Ratings,₹ 100,Snacks,22121652000387,https://www.swiggy.com/restaurants/jodhpuri-kachori-central-main-bazar-abohar-156601,"Jodhpuri Kachori, mandi 1 street no 4 main bazar near sbi bank abohar",Menu/156601.json
156587,Bharawan Da Dhaba,Abohar,4.4,50+ ratings,₹ 300,Indian,license,https://www.swiggy.com/restaurants/bharawan-da-dhaba-central-abohar-abohar-156587,"Bharawan Da Dhaba, rimpy bakery 12 circular road main bazar abohar",Menu/156587.json
158192,Tandoori Nights,Abohar,--,Too Few Ratings,₹ 300,Tandoor,22121652000229,https://www.swiggy.com/restaurants/tandoori-nights-central-abohar-abohar-158192,"Tandoori Nights, near civil hospital canteen abohar",Menu/158192.json
394554,Roll Express,Abohar,4.0,20+ ratings,₹ 200,Fast Food,22117652000070,https://www.swiggy.com/restaurants/roll-express-central-abohar-abohar-394554,"Roll Express, Roll Express, Opposite Dr. Sarla Sethi Hospital, Near DAV College, Hanumangarh Road, Abohar",Menu/394554.json
158195,wah ji waah veg and non veg corner,Abohar,--,Too Few Ratings,₹ 200,"North Indian,Chinese",22119652000157,https://www.swiggy.com/restaurants/wah-ji-waah-veg-and-non-veg-corner-central-canal-colony-abohar-158195,"wah ji waah veg and non veg corner, Hanuman garh road, Down the flyover. Near Dr.Navin Sheety Abohar",Menu/158195.json
257181,Shri Balaji fast food and Variety store,Abohar,--,Too Few Ratings,₹ 100,Indian,license,https://www.swiggy.com/restaurants/shri-balaji-fast-food-and-variety-store-central-model-town-abohar-257181,"Shri Balaji fast food and Variety store, opposite Loona Nursing home",Menu/257181.json
530909,FOODY MOOD,Abohar,4.7,20+ ratings,₹ 300,"Fast Food,Chinese",22122652000115,https://www.swiggy.com/restaurants/foody-mood-central-abohar-abohar-530909,"FOODY MOOD, Arya nagar St no 7 Abohar, Abohar (M Cl),  Fazilka 1(Abohar), Fazilka, Punjab - 152116",Menu/530909.json
573649,PUNJABI TADKA,Abohar,--,Too Few Ratings,₹ 700,"Punjabi,North Indian",22121652000276,https://www.swiggy.com/restaurants/punjabi-tadka-central-abohar-abohar-573649,"PUNJABI TADKA, HANUMANGARH ROAD,UNDER  FLYOVER,OPP SETHI REGENCY ABOHAR,  Abohar (M Cl), Fazilka 1(Abohar), Fazilka,  Punjab - 152116",Menu/573649.json
573656,PUNJABI TADKA CHICKEN HUB,Abohar,--,Too Few Ratings,₹ 650,"North Indian,Tandoor",22121652000276,https://www.swiggy.com/restaurants/punjabi-tadka-chicken-hub-central-abohar-abohar-573656,"PUNJABI TADKA CHICKEN HUB, HANUMANGARH ROAD,UNDER  FLYOVER,OPP SETHI REGENCY ABOHAR,  Abohar (M Cl), Fazilka 1(Abohar), Fazilka,  Punjab - 152116",Menu/573656.json
420675,Royal Chicken,Abohar,4.2,20+ ratings,₹ 200,"Mughlai,North Indian",22121652000472,https://www.swiggy.com/restaurants/royal-chicken-central-abohar-abohar-420675,"Royal Chicken, Near Naveen Sethi Hospital, Under Flyover, Abohar",Menu/420675.json
427610,Just Baked,Abohar,--,Too Few Ratings,₹ 300,"Beverages,Pizzas",22121652000339,https://www.swiggy.com/restaurants/just-baked-central-abohar-abohar-427610,"Just Baked, New Abadi, Ward no. 22, Abohar (M Cl), Fazilka 1(Abohar), Fazilka, Punjab - 152116",Menu/427610.json
435582,Picado International Food,Abohar,--,Too Few Ratings,₹ 300,"Pizzas,Beverages",22121652000286,https://www.swiggy.com/restaurants/picado-international-food-central-abohar-abohar-435582,"Picado International Food, Opp New Grain Market, Fazilka Road, Abohar",Menu/435582.json
382204,PubG Cafe,Abohar,--,Too Few Ratings,₹ 200,"Chinese,Pizzas",22121652000181,https://www.swiggy.com/restaurants/pubg-cafe-central-abohar-abohar-382204,"PubG Cafe, St. No 2, Near Essar petrol pump, Sitto  road, Model Town , Abohar, Fazilka,  Abohar (M Cl), Fazilka 1(Abohar), Fazilka,  Punjab - 152116",Menu/382204.json
460692,Verma Dhaba,Abohar,--,Too Few Ratings,₹ 300,Indian,22121652000551,https://www.swiggy.com/restaurants/verma-dhaba-central-abohar-abohar-460692,"Verma Dhaba, GangaNagar Road, Near Tara Estate, Abohar",Menu/460692.json
368328,Fresh Food Cafe,Abohar,--,Too Few Ratings,₹ 150,North Indian,22121652000165,https://www.swiggy.com/restaurants/fresh-food-cafe-central-model-town-abohar-368328,"Fresh Food Cafe, Sito Road, Near Railway Crossing, Model Town, Abohar",Menu/368328.json
530878,NAVU PIZZA HOUSE,Abohar,--,Too Few Ratings,₹ 300,"Pizzas,Fast Food",22122652000121,https://www.swiggy.com/restaurants/navu-pizza-house-central-abohar-abohar-530878,"NAVU PIZZA HOUSE, COLLEGE ROAD ABOHAR,ABOHAR,FAZILKA 1,FAZILKA PUNJAB-152116",Menu/530878.json
171675,Domino's Pizza,Abohar,4.4,20+ ratings,₹ 400,Pizzas,12115201000054,https://www.swiggy.com/restaurants/dominos-pizza-central-raipura-abohar-171675,"Domino's Pizza, ADAHeights,HanumangarhRoad,SunderNagari,Abohar,District,Fazilka",Menu/171675.json
475283,Joker Cafe,Abohar,--,Too Few Ratings,₹ 200,Indian,license,https://www.swiggy.com/restaurants/joker-cafe-central-abohar-abohar-475283,"Joker Cafe, First Floor, Shop No.226, City Walk  Mall, College Road, Fazilka  1(Abohar), Fazilka, , Punjab, 152116",Menu/475283.json
421155,Deepak Dhaba,Abohar,--,Too Few Ratings,₹ 350,"North Indian,Chinese",22121652000505,https://www.swiggy.com/restaurants/deepak-dhaba-central-abohar-abohar-421155,"Deepak Dhaba, Sito Chowk Near By Pass, Abohar",Menu/421155.json
545273,FUN TIME (SHARMA DAIRY),Abohar,--,Too Few Ratings,₹ 300,Ice Cream,22118652000228,https://www.swiggy.com/restaurants/fun-time-sharma-dairy-central-abohar-abohar-545273,"FUN TIME (SHARMA DAIRY), ST NO. 10,NEW ABADI ABOHAR,FAZILKA,PUNJAB 152116",Menu/545273.json
440811,Pari Healthy Food,Abohar,--,Too Few Ratings,₹ 300,"Pizzas,American",22121652000348,https://www.swiggy.com/restaurants/pari-healthy-food-central-abohar-abohar-440811,"Pari Healthy Food, Dhani Bishesharnath, Kandhwal Road, Abohar",Menu/440811.json
420586,Bhatti Ki Rasoi,Abohar,--,Too Few Ratings,₹ 200,North Indian,license,https://www.swiggy.com/restaurants/bhatti-ki-rasoi-central-abohar-abohar-420586,"Bhatti Ki Rasoi, HANUMANGARH ROAD, AZIMGARH CHUNGI, Fazilka, Punjab- 152116",Menu/420586.json
448046,SETHI PUNJABI RASOI,Abohar,--,Too Few Ratings,₹ 300,Indian,22121652000267,https://www.swiggy.com/restaurants/sethi-punjabi-rasoi-central-abohar-abohar-448046,"SETHI PUNJABI RASOI, HANUMANGARH ROAD NEAR AZIMGARH  CHUNGI OPPOSITE BABA DEEP SINGH  GURUDHWARA ABOHAR, Abohar (M Cl),  Fazilka 1(Abohar), Fazilka, Punjab - 152116",Menu/448046.json
187921,Kurda Ram Desi Ghee Dhaba(Original & Famous),Abohar,--,Too Few Ratings,₹ 250,North Indian,22120652000055,https://www.swiggy.com/restaurants/kurda-ram-desi-ghee-dhaba-original-and-famous-near-sbi-nai-abadi-abohar-187921,"Kurda Ram Desi Ghee Dhaba(Original & Famous), BAZAR NO. 4, ABOHAR, Abohar (M Cl),  Fazilka 1(Abohar), Fazilka, Punjab - 152116",Menu/187921.json
551512,Paratha 24x7,Abohar,--,Too Few Ratings,₹ 150,"Indian,Thalis",22122652000127,https://www.swiggy.com/restaurants/paratha-24x7-central-abohar-abohar-551512,"Paratha 24x7, Waryam nagar, Abohar (M Cl), Fazilka   1(Abohar), Fazilka, Punjab - 152116",Menu/551512.json
351387,NIKKU VEG THALI,Abohar,4.1,100+ ratings,₹ 150,North Indian,22121652000183,https://www.swiggy.com/restaurants/nikku-veg-thali-central-old-suraj-nagari-abohar-351387,"NIKKU VEG THALI, College Road, Near Railway Line, Abohar",Menu/351387.json
432675,PARJAPATI FAST FOOD,Abohar,--,Too Few Ratings,₹ 200,"Fast Food,American",license,https://www.swiggy.com/restaurants/parjapati-fast-food-central-abohar-abohar-432675,"PARJAPATI FAST FOOD, NEW GRAIN MARKET, NEAR SEWA KENDR, Fazilka 1(Abohar), Fazilka, , Punjab, 152116",Menu/432675.json
302868,Ganesh Fast Food,Abohar,--,Too Few Ratings,₹ 150,Chaat,22120652000112,https://www.swiggy.com/restaurants/ganesh-fast-food-central-civil-line-abohar-302868,"Ganesh Fast Food, Abohar, Fazlika road chowk, near Barundham",Menu/302868.json
567664,Mitran Da dhaba,Abohar,--,Too Few Ratings,₹ 200,"North Indian,Indian",22122652000081,https://www.swiggy.com/restaurants/mitran-da-dhaba-central-abohar-abohar-567664,"Mitran Da dhaba, Uttam Vihar colony, gate-2, Last crossing, abohar, Punjab 152116",Menu/567664.json
440878,The Super Cafe,Abohar,--,Too Few Ratings,₹ 250,Beverages,22121652000518,https://www.swiggy.com/restaurants/the-super-cafe-central-abohar-abohar-440878,"The Super Cafe, NAI ABADI, BADI POUDI, ST. NO.19,  Abohar (M Cl), Fazilka 1(Abohar), Fazilka,  Punjab - 152116",Menu/440878.json
161396,chacha sweets house,Abohar,--,Too Few Ratings,₹ 200,"Sweets,Beverages",22119652000095,https://www.swiggy.com/restaurants/chacha-sweets-house-central-nanak-nagri-abohar-161396,"chacha sweets house, h no 2402 st no 24 gaushalla road opp sukhmani hospital abohar",Menu/161396.json
382249,Cafe M,Abohar,--,Too Few Ratings,₹ 200,"Continental,Snacks",license,https://www.swiggy.com/restaurants/cafe-m-central-abohar-abohar-382249,"Cafe M, NEAR SITO FATAK, OPP LOONA NURSING HOME, ABOHAR,  Fazilka, Punjab- 152116",Menu/382249.json
161408,Frankie roll junction,Abohar,--,Too Few Ratings,₹ 60,"North Indian,Fast Food",license,https://www.swiggy.com/restaurants/frankie-roll-junction-central-raipura-abohar-161408,"Frankie roll junction, lajpat rai market near nehru park abohar",Menu/161408.json
432684,G.K Dhaba,Abohar,--,Too Few Ratings,₹ 300,"North Indian,Thalis",22121652000344,https://www.swiggy.com/restaurants/g-k-dhaba-central-abohar-abohar-432684,"G.K Dhaba, Khandwala Road, Abohar",Menu/432684.json
459776,DAYA RAJ VEG VAISHNO DHABA AND  CATERS,Abohar,--,Too Few Ratings,₹ 300,"Chinese,Snacks",22121652000615,https://www.swiggy.com/restaurants/daya-raj-veg-vaishno-dhaba-and-caters-central-abohar-abohar-459776,"DAYA RAJ VEG VAISHNO DHABA AND  CATERS, THAKKAR ABADI ROAD NEAR RAILWAY  CROSSING ABOHAR, Abohar (M Cl), Fazilka  1(Abohar), Fazilka, Punjab - 152116",Menu/459776.json
459775,JUICY BAR N RESTO,Abohar,--,Too Few Ratings,₹ 300,"Beverages,Pizzas",22121652000564,https://www.swiggy.com/restaurants/juicy-bar-n-resto-central-abohar-abohar-459775,"JUICY BAR N RESTO, BABA NAMDEV CHOWK, NEAR DOMINOS,  HANUMANGARH ROAD, Abohar (M Cl),  Fazilka 1(Abohar), Fazilka, Punjab - 152116",Menu/459775.json
420637,FresHub,Abohar,--,Too Few Ratings,₹ 200,Beverages,22121652000474,https://www.swiggy.com/restaurants/freshub-central-abohar-abohar-420637,"FresHub, SHOP NO. 118, CITY WALK MALL, GROUND  FLOOR,HANUMANGARH ROAD,ABOHAR,  Abohar (M Cl), Fazilka 1(Abohar), Fazilka,  Punjab - 152116",Menu/420637.json
420479,The Food Factory,Abohar,--,Too Few Ratings,₹ 200,"North Indian,South Indian",22121652000419,https://www.swiggy.com/restaurants/the-food-factory-central-abohar-abohar-420479,"The Food Factory, SIDHU NAGRI ,ST NO.5, MAIN ROAD, ABOHAR, Abohar (M Cl), Fazilka 1(Abohar), Fazilka",Menu/420479.json
427606,MUNNA PUNJABI RASOI,Abohar,--,Too Few Ratings,₹ 400,"Chinese,Indian",license,https://www.swiggy.com/restaurants/munna-punjabi-rasoi-central-abohar-abohar-427606,"MUNNA PUNJABI RASOI, HANUMANGARH ROAD NEAR DAV COLLEGE ABOHAR",Menu/427606.json
531363,Grill Master By Sharda Anita Enterprises,Abohar,--,Too Few Ratings,₹ 250,"Fast Food,Italian",12122201000053,https://www.swiggy.com/restaurants/grill-master-by-sharda-anita-enterprises-central-abohar-abohar-531363,"Grill Master By Sharda Anita Enterprises, OPP DOMINO'S PIZZA, NEAR NAMDEV  CHOWK, HANUMANGARH ROAD, ABOHAR,  Fazilka 1(Abohar), Fazilka, Punjab-152116",Menu/531363.json
156592,Maruti Plaza,Abohar,--,Too Few Ratings,₹ 150,"Beverages,Snacks",22116652000061,https://www.swiggy.com/restaurants/maruti-plaza-central-main-bazar-abohar-156592,"Maruti Plaza, house no st no 4 near durga mata mandir abohar",Menu/156592.json
373319,Nikku Chaap Cafe,Abohar,--,Too Few Ratings,₹ 200,"Indian,Chinese",license,https://www.swiggy.com/restaurants/nikku-chaap-cafe-central-canal-colony-abohar-373319,"Nikku Chaap Cafe, 324, Street No: 3, Badi Puri, Nai Abadi, Abohar-152116",Menu/373319.json
508318,DK Food Point,Abohar,--,Too Few Ratings,₹ 100,Chaat,license,https://www.swiggy.com/restaurants/dk-food-point-central-abohar-abohar-508318,"DK Food Point, SCO 29, Sri Ganganagar Rd, opposite PSPCL Power Station, Kothi Faij, Abohar, Punjab 152116, India",Menu/508318.json
407243,TUMMY CLINIK FAST FOOD CORNER,Abohar,--,Too Few Ratings,₹ 200,"Snacks,Chinese",22121652000355,https://www.swiggy.com/restaurants/tummy-clinik-fast-food-corner-central-abohar-abohar-407243,"TUMMY CLINIK FAST FOOD CORNER, nai abadi, street no.12, near post office,  abohar , Abohar (M Cl) , Fazilka 1(Abohar),  Fazilka, Punjab-152116",Menu/407243.json
187915,Sagar Fast Food,Abohar,--,Too Few Ratings,₹ 200,"North Indian,Fast Food",22119652000081,https://www.swiggy.com/restaurants/sagar-fast-food-mohan-bazar-patel-nagar-abohar-187915,"Sagar Fast Food, STREET NO. 6 MOHAN BAZAR NEAR SHIV MANDIR ABOHAR",Menu/187915.json
461724,SUDESH FAST FOOD,Abohar,4.0,20+ ratings,₹ 250,"Bakery,Chinese",license,https://www.swiggy.com/restaurants/sudesh-fast-food-central-abohar-abohar-461724,"SUDESH FAST FOOD, Shri Ganganagar Road, Near Tara  Estate, Fazilka 1(Abohar), Fazilka, ,  Punjab, 152116",Menu/461724.json
156542,Sonu Tandoori Paties,Abohar,--,Too Few Ratings,₹ 100,North Indian,22119652000170,https://www.swiggy.com/restaurants/sonu-tandoori-paties-central-abohar-abohar-156542,"Sonu Tandoori Paties, near tehsil complex sitto road abohar",Menu/156542.json
161405,Bihari da vaishno dhaba,Abohar,4.0,20+ ratings,₹ 200,North Indian,22119652000092,https://www.swiggy.com/restaurants/bihari-da-vaishno-dhaba-central-nanak-nagri-abohar-161405,"Bihari da vaishno dhaba, hanumangarh road mahavir colony lajpat nagar abohar",Menu/161405.json
462070,SHRI GANESH SWEET HOUSE,Abohar,--,Too Few Ratings,₹ 200,Indian,22121652000594,https://www.swiggy.com/restaurants/shri-ganesh-sweet-house-central-abohar-abohar-462070,"SHRI GANESH SWEET HOUSE, NEW GRAIN MARKET, Abohar (M Cl),  Fazilka 1(Abohar), Fazilka, Punjab - 152116",Menu/462070.json
224008,Sharma Bakery,Adilabad,3.5,20+ ratings,₹ 100,Bakery,30201218107801,https://www.swiggy.com/restaurants/sharma-bakery-city-mahalaxmiwada-adilabad-224008,"Sharma Bakery, Near Kumar Janta Ganesh Mandal, Kumar Pet Adilabad",Menu/224008.json
165533,IFC Restaurant,Adilabad,3.5,100+ ratings,₹ 400,American,13619001000093,https://www.swiggy.com/restaurants/ifc-restaurant-mahalaxmiwada-adilabad-165533,"IFC Restaurant, Jagadamba Towers, Gandhi Printing Press, Adilabad",Menu/165533.json
225827,Ayappa Fast Food,Adilabad,3.6,20+ ratings,₹ 100,Chinese,license,https://www.swiggy.com/restaurants/ayappa-fast-food-city-ravindra-nagar-colony-adilabad-225827,"Ayappa Fast Food,  opp-little star high school, ravindra nagar colony,, Adilabad - 504001",Menu/225827.json
242943,Hot N Chill Restaurant,Adilabad,3.5,100+ ratings,₹ 150,"European,Italian",13619001000192,https://www.swiggy.com/restaurants/hot-n-chill-restaurant-city-bhuktapur-adilabad-242943,"Hot N Chill Restaurant, H NO 4 -4 -703 BHUKTHAPUR,ADILABAD 504001",Menu/242943.json
186286,China Kitchen Fast Food,Adilabad,3.1,20+ ratings,₹ 150,"Chinese,Fast Food",23621012000363,https://www.swiggy.com/restaurants/china-kitchen-fast-food-tamsi-bus-stand-adilabad-city-adilabad-186286,"China Kitchen Fast Food, Gunj Road,Near Tamsi BusStand,Adilabad",Menu/186286.json
166613,Devi Family Restaurant,Adilabad,3.4,50+ ratings,₹ 400,"Indian,Chinese",13618001000056,https://www.swiggy.com/restaurants/devi-family-restaurant-collector-chowk-chaitanyapuri-adilabad-166613,"Devi Family Restaurant, Collector Chowk, Adilabada",Menu/166613.json
500628,Instaa Fast Food Center,Adilabad,--,Too Few Ratings,₹ 250,"Chinese,Snacks",23622026000230,https://www.swiggy.com/restaurants/instaa-fast-food-center-puhlong-x-road-nizamabad-500628,"Instaa Fast Food Center, Door No:6-16-212, Near Sfc school Subashnagar,Nizamabad,(urban),Nizamabad,Telanagana -503001",Menu/500628.json
186289,Hotel Radha Grand Family restaurant,Adilabad,3.5,50+ ratings,₹ 200,Biryani,license,https://www.swiggy.com/restaurants/hotel-radha-grand-family-restaurant-collector-chock-chaitanyapuri-adilabad-186289,"Hotel Radha Grand Family restaurant, opp: Star Medicals,near RIMS Hospital,Collector Chock.Adilabad",Menu/186289.json
165532,Hotel Surabhi Grand,Adilabad,3.7,100+ ratings,₹ 300,"Indian,Chinese",13616001000288,https://www.swiggy.com/restaurants/hotel-surabhi-grand-mahalaxmiwada-adilabad-165532,"Hotel Surabhi Grand, Cinema Road, Adilabad",Menu/165532.json
169281,Food Court,Adilabad,3.4,50+ ratings,₹ 400,"Indian,Chinese",license,https://www.swiggy.com/restaurants/food-court-bus-stand-vidya-nagar-adilabad-169281,"Food Court, Bus Stand Road,Adilabad",Menu/169281.json
408059,T-Ruchi,Adilabad,--,Too Few Ratings,₹ 300,"Sweets,Snacks",23621033001822,https://www.swiggy.com/restaurants/t-ruchi-ameerpet-hyderabad-408059,"T-Ruchi, Pillar No C 1432, Meridian Plaza, Ground Floor, Ameerpet Rd,  Begumpet, Hyderabad, Telangana 500016",Menu/408059.json
529171,CRUNCHY FAST FOOD CENTRE,Adilabad,--,Too Few Ratings,₹ 150,"Chinese,Snacks",23621012000366,https://www.swiggy.com/restaurants/crunchy-fast-food-centre-adilabad-city-adilabad-529171,"CRUNCHY FAST FOOD CENTRE, GANDHI PARK ROAD, Adilbad (Urban),  Adilabad, Telangana - 504001",Menu/529171.json
517814,8AM TIFFINS,Adilabad,--,Too Few Ratings,₹ 100,South Indian,23622012000071,https://www.swiggy.com/restaurants/8am-tiffins-adilabad-city-adilabad-517814,"8AM TIFFINS, H. NO. 4-3-114, NETAJI CHOWK,  ADILABAD-504001 TELANGANA, Adilbad  (Urban), Adilabad, Telangana - 504001",Menu/517814.json
167432,Minerva Ice Cream,Adilabad,4.0,20+ ratings,₹ 250,Desserts,13617001000239,https://www.swiggy.com/restaurants/minerva-ice-cream-collector-chowk-adilabad-city-adilabad-167432,"Minerva Ice Cream, Collector Chowk, Adilabad",Menu/167432.json
166971,Ayyappa Mess,Adilabad,--,Too Few Ratings,₹ 200,South Indian,license,https://www.swiggy.com/restaurants/ayyappa-mess-ntr-circle-ravindra-nagar-colony-adilabad-166971,"Ayyappa Mess, NTR Circle, Adilabad",Menu/166971.json
516171,FRUITASTY,Adilabad,--,Too Few Ratings,₹ 100,"Beverages,Desserts",23619012000152,https://www.swiggy.com/restaurants/fruitasty-adilabad-city-adilabad-516171,"FRUITASTY, 6/5/59, Near Srinivasa Nursing Home Netaji Chowk, Adilabad , Adilbad (Urban), Adilabad (Telangana), - 504001",Menu/516171.json
226299,Lotus Grand Family Restaurant,Adilabad,3.6,50+ ratings,₹ 250,Biryani,13621001000019,https://www.swiggy.com/restaurants/lotus-grand-family-restaurant-city-ravindra-nagar-colony-adilabad-226299,"Lotus Grand Family Restaurant, opp bustand Adilabad",Menu/226299.json
374706,Shaifan Tiffin Centre,Adilabad,--,Too Few Ratings,₹ 110,"Street Food,Indian",license,https://www.swiggy.com/restaurants/shaifan-tiffin-centre-city-vidya-nagar-adilabad-374706,"Shaifan Tiffin Centre, New bus stand (opposite) telagana grammina bank,  Adilabad, Telangana-504001",Menu/374706.json
473193,Food On Wheels,Adilabad,--,Too Few Ratings,₹ 100,South Indian,23621012000356,https://www.swiggy.com/restaurants/food-on-wheels-adilabad-city-adilabad-473193,"Food On Wheels, C/O STU BHAVAN,Gandhi Park Road,  Adilbad (Urban), Adilabad, Telangana -  504001",Menu/473193.json
167412,Sri Sai Mom's Kitchen Restaurant,Adilabad,3.3,20+ ratings,₹ 400,Biryani,13619001000053,https://www.swiggy.com/restaurants/sri-sai-moms-kitchen-restaurant-dasnapur-teachers-colony-adilabad-167412,"Sri Sai Mom's Kitchen Restaurant, Teachers Coloney, Dasnapur, Adilabad",Menu/167412.json
503717,China Kitchen Restaurant,Adilabad,--,Too Few Ratings,₹ 250,Chinese,23621012000334,https://www.swiggy.com/restaurants/china-kitchen-restaurant-adilabad-city-adilabad-503717,"China Kitchen Restaurant, Near SVR petrol pump Tripelly,Adilabad,Adilabad(urban)Telangana - 504001",Menu/503717.json
165530,Renuka Hotel,Adilabad,3.1,20+ ratings,₹ 250,South Indian,license,https://www.swiggy.com/restaurants/renuka-hotel-punjabi-chowk-mahalaxmiwada-adilabad-165530,"Renuka Hotel, Punjabi Chowk, Opp To Kushi Bar, Adilabad",Menu/165530.json
255925,Tanishq Family Restaurant,Adilabad,3.7,50+ ratings,₹ 250,"Chinese,Indian",13078061000007,https://www.swiggy.com/restaurants/tanishq-family-restaurant-city-bhuktapur-adilabad-255925,"Tanishq Family Restaurant, Bhukthapur,Adilabad,Telanagana",Menu/255925.json
225921,KMC Hotel,Adilabad,3.6,20+ ratings,₹ 100,Biryani,license,https://www.swiggy.com/restaurants/kmc-hotel-city-ravindra-nagar-colony-adilabad-225921,"KMC Hotel, NTR CHOWK Adilabad",Menu/225921.json
549242,RAMA JUICE AND SHAKES PARLOUR (LASSI N SHAKES ),Adilabad,--,Too Few Ratings,₹ 150,"Indian,Beverages",23621012000338,https://www.swiggy.com/restaurants/rama-juice-and-shakes-parlour-lassi-n-shakes-adilabad-city-adilabad-549242,"RAMA JUICE AND SHAKES PARLOUR (LASSI N SHAKES ), 7-1-13/3/B  ADILABAD 504001",Menu/549242.json
321587,Kwality Walls Frozen Dessert and Ice Cream Shop,Adityapur,4.8,20+ ratings,₹ 300,Desserts,21122060000055,https://www.swiggy.com/restaurants/kwality-walls-frozen-dessert-and-ice-cream-shop-sakchi-jamshedpur-321587,"Kwality Walls Frozen Dessert and Ice Cream Shop, Shop No.1(II), B. No.1, Mango Bus Stand, P.S. Sakchi, P.S. Sitaramdera , District - Purbi Singhbhum, STATE - Jharkhand",Menu/321587.json
439487,La Pino'z Pizza,Adityapur,4.1,500+ ratings,₹ 200,"Pizzas,Fast Food",11121006000214,https://www.swiggy.com/restaurants/la-pinoz-pizza-bistupur-jamshedpur-439487,"La Pino'z Pizza, Ground Floor, 29, Kharkai Link Road, Bistupur, Jamshedpur, East Singhbhum, Jharkhand, 831001",Menu/439487.json
397980,Chaw Box,Adityapur,3.3,100+ ratings,₹ 300,"Chinese,North Indian",21120078000062,https://www.swiggy.com/restaurants/chaw-box-adityapur-jamshedpur-397980,"Chaw Box, 1295, MAIN ROAD ADITYAPUR, SERAIKELAKHARSAWAN, BEHIND SHARMA MARKET,  JHARKHAND, KHARSAWAN, KHARSAWAN,  Saraikela, Jharkhand-831013",Menu/397980.json
304302,Cafe Coffee Day,Adityapur,3.7,50+ ratings,₹ 300,"Beverages,Snacks",11117006000019,https://www.swiggy.com/restaurants/cafe-coffee-day-bistupur-jamshedpur-304302,"Cafe Coffee Day, cafecoffee day .D-costa mansion,Bistupur ,jamshedpur purbi singhbhum (jharkhand)",Menu/304302.json
533186,Aditya Inn Restaurant,Adityapur,3.6,100+ ratings,₹ 150,"Biryani,Chinese",21122083000020,https://www.swiggy.com/restaurants/aditya-inn-restaurant-adityapur-jamshedpur-533186,"Aditya Inn Restaurant, Plot number 1295, Main Rd, Behind  Sharma market, Adityapur Basti,  Adityapur,GAMAHARIA, Saraikela, ,  Jharkhand, 831013",Menu/533186.json
478348,Taste Ville,Adityapur,--,Too Few Ratings,₹ 100,"North Indian,Indian",21122060000008,https://www.swiggy.com/restaurants/taste-ville-telco-jamshedpur-478348,"Taste Ville, Old sitram dera jamshedpur",Menu/478348.json
138890,Indian Bakery,Adityapur,3.3,100+ ratings,₹ 200,Bakery,21119253000120,https://www.swiggy.com/restaurants/indian-bakery-sonari-bistupur-jamshedpur-138890,"Indian Bakery, SHOP NO 1, RANI KUDAR,KADMA, JAMSHEDPUR",Menu/138890.json
553999,Mannat Bakers,Adityapur,--,Too Few Ratings,₹ 300,Bakery,21122272000118,https://www.swiggy.com/restaurants/mannat-bakers-adityapur-jamshedpur-553999,"Mannat Bakers, S TYPE CHOWK, ADITYAPUR, NAGAR NIGAM, SARAIKELA, JHARKHAND - 831013",Menu/553999.json
410839,China Town,Adityapur,--,Too Few Ratings,₹ 200,Chinese,21121254000345,https://www.swiggy.com/restaurants/china-town-mango-jamshedpur-410839,"China Town, KAMLA SADAN, 3RD FLOOR, H. NO.: 6,  SUBHASH COLONY, DIMNA ROAD,  MANGO, Mango Municipality Word Nos 8,  Muncipality, Purbi Singhbhum, Jharkhand  - 831012",Menu/410839.json
137701,The Onyx (Pure veg),Adityapur,3.8,100+ ratings,₹ 300,"Indian,Chinese",21118083000027,https://www.swiggy.com/restaurants/the-onyx-pure-veg-adityapur-jamshedpur-137701,"The Onyx (Pure veg), SHERE-PUNJAB CHOUK, TATA KANDRA MAIN ROAD, BESIDE V MART, ADITYAPUR, JAMSHEDPUR",Menu/137701.json
575990,KI & KA KITCHEN,Adityapur,--,Too Few Ratings,₹ 200,"Chinese,North Indian",license,https://www.swiggy.com/restaurants/ki-and-ka-kitchen-adityapur-jamshedpur-575990,"KI & KA KITCHEN, road, near meditrina hospital, \\r\\nNaginapuri, Dindli Basti, Adityapur, \\r\\nJamshedpur,,",Menu/575990.json
410838,Magic Momo,Adityapur,--,Too Few Ratings,₹ 200,"Chinese,Tandoor",21121254000345,https://www.swiggy.com/restaurants/magic-momo-mango-jamshedpur-410838,"Magic Momo, KAMLA SADAN, 3RD FLOOR, H. NO.: 6,  SUBHASH COLONY, DIMNA ROAD,  MANGO, Mango Municipality Word Nos 8,  Muncipality, Purbi Singhbhum, Jharkhand  - 831012",Menu/410838.json
397258,Yes Yo Momo,Adityapur,--,Too Few Ratings,₹ 150,Chinese,21121083000165,https://www.swiggy.com/restaurants/yes-yo-momo-adityapur-jamshedpur-397258,"Yes Yo Momo, CHOUDHARY JAGARNATHPUR, GAMARIA,  ADITYAPUR 2, ADITYAPUR, GAMAHARIA,  Saraikela, Jharkhand - 832109",Menu/397258.json
133352,NEW GANGOUR SWEETS (Adityapur),Adityapur,4.0,50+ ratings,₹ 200,South Indian,21117083000312,https://www.swiggy.com/restaurants/new-gangour-sweets-adityapur-adityapur-jamshedpur-133352,"NEW GANGOUR SWEETS (Adityapur), JEET COMPLEX MAIN ADITYAPUR ROAD,NEAR SHERE PUNJAB CHOWK",Menu/133352.json
150497,National Bakery,Adityapur,4.4,50+ ratings,₹ 399,"Bakery,Snacks",21117060000169,https://www.swiggy.com/restaurants/national-bakery-sakchi-agrico-jamshedpur-150497,"National Bakery, 725, NEW SITARAM DERA, SAKCHI, JAMSHEDPUR",Menu/150497.json
383716,BAKERY POINT.,Adityapur,--,Too Few Ratings,₹ 200,"Bakery,Snacks",21121272000086,https://www.swiggy.com/restaurants/bakery-point-adityapur-jamshedpur-383716,"BAKERY POINT., DEEP COMPLEX, S TYPE MAIN ROAD, ADITYAPUR P/O ADITYAPUR, S - TYPE, 1 TYPE, ADITYAPUR NAGAR NIGAM (ADITYAPUR), SARAIKELA, JHARKHAND - 831013",Menu/383716.json
113948,KFC,Adityapur,4.0,500+ ratings,₹ 400,"American,Snacks",11117006000186,https://www.swiggy.com/restaurants/kfc-p-and-m-mall-bistupur-jamshedpur-113948,"KFC, P&M Mall ,Outer Circle Road ,Bistupur ,Jamshedpur Jharkhand 831001",Menu/113948.json
431552,LUV BITES BAKERY,Adityapur,--,Too Few Ratings,₹ 250,Bakery,21118083000259,https://www.swiggy.com/restaurants/luv-bites-bakery-adityapur-jamshedpur-431552,"LUV BITES BAKERY, Ward 20, Holding 12, Deep Complex, Tata Kandra Main Road, Adityapur, Bistupur, Jamshedpur",Menu/431552.json
412357,Buddha Delight - Gamharia,Adityapur,3.5,100+ ratings,₹ 200,"Chinese,Indian",21119272000017,https://www.swiggy.com/restaurants/buddha-delight-gamharia-adityapur-gamharia-jamshedpur-412357,"Buddha Delight - Gamharia, Road No-4,Near Railway Barrack,Adityapur-2,Inchagarh,Saraikela,Jharkhand-831013",Menu/412357.json
102037,Dosa Planet,Adityapur,3.9,500+ ratings,₹ 249,"South Indian,Indian",21118060000835,https://www.swiggy.com/restaurants/dosa-planet-bistupur-jamshedpur-102037,"Dosa Planet, Near Ramkrishan Mission School, Bistupur",Menu/102037.json
578207,SAMBHU DOSA,Adityapur,--,Too Few Ratings,₹ 150,"South Indian,Chinese",21121083000288,https://www.swiggy.com/restaurants/sambhu-dosa-adityapur-jamshedpur-578207,"SAMBHU DOSA, SHOP NO 103 GROUND FLOOR ADITYAPUR DINDLI BASTI, ADITYAPUR, GAMAHARIA, Saraikela, Jharkhand - 831013",Menu/578207.json
565260,Red Oven,Adityapur,--,Too Few Ratings,₹ 250,Bakery,21122272000109,https://www.swiggy.com/restaurants/red-oven-adityapur-jamshedpur-565260,"Red Oven, MAIN ROAD, SHER E PUNJAB CHOWK, ADITYAPUR, ADITYAPUR-2, ROAD NO-3,4,5,6,7,8,9,10, NAGAR NIGAM (ADITYAPUK Saraikela, jharkhand -831013",Menu/565260.json
101351,Pizza Hut,Adityapur,3.3,100+ ratings,₹ 350,Pizzas,11215333000968,https://www.swiggy.com/restaurants/pizza-hut-hi-tech-city-centre-bistupur-jamshedpur-101351,"Pizza Hut, Unit No RT -11 P amd M Hi Tech City Centre,Bistupur, Jamshedpur,Jharkhand",Menu/101351.json
480203,CHAMPARAN TASTE MUTTON CHICKEN,Adityapur,--,Too Few Ratings,₹ 100,North Indian,21121272000130,https://www.swiggy.com/restaurants/champaran-taste-mutton-chicken-adityapur-jamshedpur-480203,"CHAMPARAN TASTE MUTTON CHICKEN, SAAL BAGAAN, JAI PRAKASH UDYAAN, ADITYAPUR-2",Menu/480203.json
102842,Junction,Adityapur,3.9,500+ ratings,₹ 399,"Indian,Chinese",21117060000597,https://www.swiggy.com/restaurants/junction-bistupur-jamshedpur-102842,"Junction, Shop 22, Millennium Tower, South Park, Bistupur, Jamshedpur",Menu/102842.json
138891,Kolkata Royal Biryani,Adityapur,3.7,500+ ratings,₹ 150,"Biryani,Street Food",21118060001054,https://www.swiggy.com/restaurants/kolkata-royal-biryani-bistupur-jamshedpur-138891,"Kolkata Royal Biryani, Railway Crossing, near State Bank, Jugsalai Fatak, Chowk Bazar, Jugsalai, Jamshedpur, Jharkhand 813006",Menu/138891.json
143143,Yummerica Fries,Adityapur,3.8,50+ ratings,₹ 400,"American,Beverages",license,https://www.swiggy.com/restaurants/yummerica-fries-telco-bistupur-jamshedpur-143143,"Yummerica Fries, Yummerica Fries, Food Court, PM Mall, Bistupur, Jamshedpur",Menu/143143.json
558957,Tandoori Hut,Adityapur,4.4,20+ ratings,₹ 400,"North Indian,Tandoor",11121006000188,https://www.swiggy.com/restaurants/tandoori-hut-bistupur-jamshedpur-558957,"Tandoori Hut, H.NO- 21/A, AWTAR BUILDING, OUTER CIRCLE ROAD NO.2, GURUDWARA BASTI, BISTUPUR , Muncipality, Purbi Singhbhum, Jharkhand-831001",Menu/558957.json
489011,Karim's,Adityapur,2.7,20+ ratings,₹ 500,"Snacks,Kebabs",21122254000106,https://www.swiggy.com/restaurants/karims-bistupur-jamshedpur-489011,"Karim's , Bistupur Main Rd, South Park, Bistupur, Jamshedpur, Jharkhand 831001, India",Menu/489011.json
428013,Tanndoori Hut,Adityapur,--,Too Few Ratings,₹ 200,"Chinese,Indian",21121254000086,https://www.swiggy.com/restaurants/tanndoori-hut-bistupur-jamshedpur-428013,"Tanndoori Hut, H NO. 32, GURUDWARA BASTI, OUTER CIRCLE ROAD, BISTUPUR, JAMSHEDPUR - 831001",Menu/428013.json
116273,New Gangour Sweets (Bistupur),Adityapur,4.3,100+ ratings,₹ 99,Sweets,21118060000363,https://www.swiggy.com/restaurants/new-gangour-sweets-bistupur-bistupur-jamshedpur-116273,"New Gangour Sweets (Bistupur), Main road Bistupur",Menu/116273.json
478936,Momo Nation Cafe,Adityapur,3.8,50+ ratings,₹ 200,"Nepalese,Chinese",11122006000002,https://www.swiggy.com/restaurants/momo-nation-cafe-bistupur-jamshedpur-478936,"Momo Nation Cafe, Shop No. 21, Millennium Tower, R-Road, BIstupur, P.O. & P.S. Bistupur, Jamshedpur, Jamshedpur Urban, Purbi Singhbhum, Jharkhand-831001",Menu/478936.json
477627,NIC Natural Ice Creams,Adityapur,4.4,500+ ratings,₹ 120,"Ice Cream,Desserts",21121254000735,https://www.swiggy.com/restaurants/nic-natural-ice-creams-bistupur-jamshedpur-477627,"NIC Natural Ice Creams, 1st Floor, Outer Circle Rd, Dey Complex, Building No.5, near Kantilal Medica Hospital, South Park, Bistupur, Jamshedpur, Jharkhand 831001",Menu/477627.json
437616,Haldiram's Prabhuji,Adityapur,4.0,100+ ratings,₹ 300,"North Indian,South Indian",license,https://www.swiggy.com/restaurants/haldirams-prabhuji-bistupur-jamshedpur-437616,"Haldiram's Prabhuji, H.No. 2, Sura Bhawan, Bistpur, Near Gangotri House Jamshedpur, Jharkhand, JJ Heights 831001",Menu/437616.json
550910,BANARASI PAAN CAFE,Adityapur,--,Too Few Ratings,₹ 100,Paan,21121253000821,https://www.swiggy.com/restaurants/banarasi-paan-cafe-bistupur-jamshedpur-550910,"BANARASI PAAN CAFE, BANARASI PAAN CAFE KST-09 P&M HiTech City Centre, Jamshedpur, Jugsalai,  Jamshedpur, Purbi Singhbhum, Jharkhand  - 831001",Menu/550910.json
342366,Chowringhee Square,Adityapur,3.5,20+ ratings,₹ 250,"Biryani,North Indian",license,https://www.swiggy.com/restaurants/chowringhee-square-bistupur-jamshedpur-342366,"Chowringhee Square, PM MALL, BISTUPUR, JAMSHEDPUR",Menu/342366.json
557008,Kanya Restaurant,Adityapur,4.1,500+ ratings,₹ 200,"North Indian,Chinese",21122060000199,https://www.swiggy.com/restaurants/kanya-restaurant-bistupur-jamshedpur-557008,"Kanya Restaurant, PLOT NO 2606 BLOCK NO 1 SHASTRINAGAR KADMA",Menu/557008.json
97199,Domino's Pizza,Adityapur,4.1,50+ ratings,₹ 400,Pizzas,11116006000176,https://www.swiggy.com/restaurants/dominos-pizza-jharkhand-bistupur-jamshedpur-97199,"Domino's Pizza, ROSHAN TOWER,FIRST FLOORBISTUPUR MAIN ROADBESIDE SACHDEV CYCLE MARTJAMSHEDPURJAMSHEDPURJHARKHAND831001",Menu/97199.json
134569,Motel Madhuban,Adityapur,4.1,100+ ratings,₹ 499,"Indian,Chinese",11118008000028,https://www.swiggy.com/restaurants/motel-madhuban-adityapur-jamshedpur-134569,"Motel Madhuban, MAIN ROAD,INDUSTRIAL AREA ADITYAPUR,JAMSHEDPUR",Menu/134569.json
183009,Baker Street,Adityapur,4.1,100+ ratings,₹ 150,Bakery,11120006000099,https://www.swiggy.com/restaurants/baker-street-bistupur-jamshedpur-183009,"Baker Street, NEAR HERO SHOWROOM,DIAGOANAL ROAD, BISTUPUR, JAMSHEDPUR",Menu/183009.json
174586,Dasaprakash,Adityapur,4.3,100+ ratings,₹ 400,"South Indian,North Indian",11119006000104,https://www.swiggy.com/restaurants/dasaprakash-ashirwad-building-outer-circle-road-bistupur-jamshedpur-174586,"Dasaprakash, ASHIRWAD BUILDING,OUTER CIRCLE ROAD,BISTUPUR",Menu/174586.json
494588,Kailash Parbath,Adityapur,--,Too Few Ratings,₹ 400,"Chaat,Biryani",21122254000105,https://www.swiggy.com/restaurants/kailash-parbath-bistupur-jamshedpur-494588,"Kailash Parbath, KT09,FOOD COURT ,P&M&HITECH MALL  BISTUPUR, Bistupur, Muncipality, Purbi  Singhbhum, Jharkhand - 831001",Menu/494588.json
102042,Biryani House,Adityapur,2.9,20+ ratings,₹ 499,"Biryani,Indian",11117006000117,https://www.swiggy.com/restaurants/biryani-house-bistupur-jamshedpur-102042,"Biryani House, Crystal Square, kharkhai road link road, Bistupur, Jamshedpur",Menu/102042.json
431339,Little Metro,Adityapur,3.9,100+ ratings,₹ 200,"North Indian,Chinese",21122254000233,https://www.swiggy.com/restaurants/little-metro-bistupur-jamshedpur-431339,"Little Metro, Bhadani Trade Center, R. Road, (near  rollacosta), Jamshedpur-831001, Kadma,  Muncipality, Purbi Singhbhum,  Jharkhand-831001",Menu/431339.json
109550,The Madrasi Hotel,Adityapur,4.3,100+ ratings,₹ 299,South Indian,11117006000022,https://www.swiggy.com/restaurants/the-madrasi-hotel-bistupur-jamshedpur-109550,"The Madrasi Hotel, 10, J.Road, Bistupur, Jamshedpur",Menu/109550.json
477628,Grameen Kulfi,Adityapur,4.5,100+ ratings,₹ 120,"Ice Cream,Desserts",21121254000735,https://www.swiggy.com/restaurants/grameen-kulfi-bistupur-jamshedpur-477628,"Grameen Kulfi, 1st Floor, Outer Circle Rd, Dey Complex, Building No.5, near Kantilal Medica Hospital, South Park, Bistupur, Jamshedpur, Jharkhand 831001",Menu/477628.json
129550,Asian Inn,Adityapur,4.0,1K+ ratings,₹ 399,"Indian,Tandoor",11117006000048,https://www.swiggy.com/restaurants/asian-inn-bistupur-jamshedpur-129550,"Asian Inn, 89, DHATIDIH MARKET , DATKIDIH",Menu/129550.json
387674,Biggies Burger,Adityapur,3.8,100+ ratings,₹ 300,"American,Fast Food",21121254000023,https://www.swiggy.com/restaurants/biggies-burger-bistupur-jamshedpur-387674,"Biggies Burger, H NO. - NIL04, KASHI KUNJ, ROAD NO. - 2 BISTUPUR, MUNICIPALITY, PURBI SINGHBHUM, JHARKHAND - 831001",Menu/387674.json
183165,Kaveri (Adityapur),Adityapur,3.5,100+ ratings,₹ 200,Indian,21117083000238,https://www.swiggy.com/restaurants/kaveri-adityapur-m-3-adityapur-jamshedpur-183165,"Kaveri (Adityapur), NIT, M-3, ADITYAPUR, JAMSHEDPUR",Menu/183165.json
310273,Scoops Of Joy,Adityapur,--,Too Few Ratings,₹ 200,"Ice Cream,Desserts",21120254000341,https://www.swiggy.com/restaurants/scoops-of-joy-bistupur-jamshedpur-310273,"Scoops Of Joy, 3RD FLOOR, DREAM HEIGHTS BUILDING, Q ROAD, SOUTH PARK, BISTUPUR, JAMSHEDPUR",Menu/310273.json
293915,Subway,Adityapur,3.3,100+ ratings,₹ 350,"Healthy Food,Salads",11116006000161,https://www.swiggy.com/restaurants/subway-bistupur-jamshedpur-293915,"Subway, Road no. 2, Contractors area, Bistupur, Jamshedpur",Menu/293915.json
131676,Deep Chinese Fast Food,Adityapur,--,Too Few Ratings,₹ 200,Chinese,21119100000000,https://www.swiggy.com/restaurants/deep-chinese-fast-food-bistupur-jamshedpur-131676,"Deep Chinese Fast Food, Line no 1 holding no. 4 gurudwara basti, bistupur, jamshedpur",Menu/131676.json
109258,What's up Food,Adityapur,3.6,20+ ratings,₹ 200,Chinese,21119243000021,https://www.swiggy.com/restaurants/whats-up-food-bistupur-sonari-jamshedpur-109258,"What's up Food, Inner Circular Road, TMH Back Gate, Near Shambhu Paan Bhandhar, Bistupur, Jamshedpur",Menu/109258.json
483552,AUROUS RESTRO LOUNGE,Adityapur,4.0,100+ ratings,₹ 500,"Continental,American",21121254000706,https://www.swiggy.com/restaurants/aurous-restro-lounge-bistupur-jamshedpur-483552,"AUROUS RESTRO LOUNGE, SHANGRILLA TOWER 1ST FLOOR  SHANGRILLA TOWER,SB SHOP AREA MAIN  ROAD,BISTUPUR, Bistupur, Muncipality,  Purbi Singhbhum, Jharkhand - 831001",Menu/483552.json
517939,The Novelty,Adityapur,2.7,20+ ratings,₹ 249,"South Indian,Chinese",21121272000247,https://www.swiggy.com/restaurants/the-novelty-adityapur-jamshedpur-517939,"The Novelty, M- 4 , NIT Coperative Society , NIT Main  Road , Adityapur 2 , District - Saraikela  Kharaswan , Jharkhand , ADITYAPUR-2,  ROAD NO- 3,4,5,6,7,8,9,10, NAGAR NIGAM  (ADITYAPUR), Saraikela, Jharkhand -",Menu/517939.json
154840,Anand,Adityapur,4.3,500+ ratings,₹ 299,"South Indian,Indian",11120006000027,https://www.swiggy.com/restaurants/anand-bistupur-jamshedpur-154840,"Anand, 7 J-road bistupr",Menu/154840.json
494001,Kolkata Biryani - Jugsalai,Adityapur,3.8,50+ ratings,₹ 150,Biryani,21118060001054,https://www.swiggy.com/restaurants/kolkata-biryani-jugsalai-bistupur-jamshedpur-494001,"Kolkata Biryani - Jugsalai, Near jugsalai Railway fatak, Jugsalai, P.O & P.SJugsala, Churda,Patamda,purbi Singhbhum,Jharkhand,831006",Menu/494001.json
489362,Mahi Momos,Adityapur,--,Too Few Ratings,₹ 200,Chinese,21121254000677,https://www.swiggy.com/restaurants/mahi-momos-bistupur-jamshedpur-489362,"Mahi Momos, J ROAD NEAR MRS.KMPM VOCATIONAL  COLLEGE BISTUPUR JAMSHEDPUR,  Bistupur, Muncipality, Purbi Singhbhum,  Jharkhand - 831001",Menu/489362.json
510109,The Bawarchi,Adityapur,2.5,20+ ratings,₹ 150,"North Indian,Chinese",21122060000125,https://www.swiggy.com/restaurants/the-bawarchi-bistupur-jamshedpur-510109,"The Bawarchi, GNS Tower, Ram Das Bhatta, Bistupur, Jamshedpur, Jharkhand 831005",Menu/510109.json
249335,BEYOND TEMPTATION,Adityapur,3.3,20+ ratings,₹ 199,"Pizzas,Pastas",21119254000260,https://www.swiggy.com/restaurants/beyond-temptation-bistupur-jamshedpur-249335,"BEYOND TEMPTATION, E/3, RAM DAS BHATTA ROAD, MUNCIPALITY",Menu/249335.json
174458,Milanee s Kitchen,Adityapur,4.2,100+ ratings,₹ 399,"Bengali,Indian",11120006000071,https://www.swiggy.com/restaurants/milanee-s-kitchen-womens-college-bistupur-jamshedpur-174458,"Milanee s Kitchen, J Road, infront of women's college, bistupur, jamshedpur",Menu/174458.json
129691,Al Karim Fast Food,Adityapur,4.2,100+ ratings,₹ 200,"Street Food,Chinese",21121253000473,https://www.swiggy.com/restaurants/al-karim-fast-food-bistupur-sonari-jamshedpur-129691,"Al Karim Fast Food, DHATKIDIH , B BLOCK , LINE NO 01 , H NO 04 ,NEAR KIDS INTERNATIONAL PLAY  SCOOL",Menu/129691.json
139864,Raj Sweets and Snackes (Sindhi),Adityapur,3.7,20+ ratings,₹ 200,"Indian,South Indian",21118060000062,https://www.swiggy.com/restaurants/raj-sweets-and-snackes-sindhi-bistupur-jamshedpur-139864,"Raj Sweets and Snackes (Sindhi), Raj Sweets, Main Road Bistupur, Near Auto stand, Opposite Canara Bank, Jamshedpur",Menu/139864.json
486482,The Moti Mahal,Adityapur,3.2,100+ ratings,₹ 399,"Indian,Chinese",21122254000062,https://www.swiggy.com/restaurants/the-moti-mahal-bistupur-jamshedpur-486482,"The Moti Mahal, BESIDE CHAGANLAL JEWELERS OPP  FLOWER SHOP BISTUPUR MARKET,  Bistupur, Muncipality, Purbi Singhbhum,  Jharkhand - 831001",Menu/486482.json
109839,Manohar Maharaj & Sons,Adityapur,4.3,50+ ratings,₹ 100,"South Indian,Chaat",21119060000211,https://www.swiggy.com/restaurants/manohar-maharaj-and-sons-bistupur-jamshedpur-109839,"Manohar Maharaj & Sons, 1/14, Bistupur Market, Bistupur, Jamshedpur",Menu/109839.json
102219,Chinese Inn,Adityapur,4.2,50+ ratings,₹ 399,"Chinese,Indian",11120006000026,https://www.swiggy.com/restaurants/chinese-inn-bistupur-jamshedpur-102219,"Chinese Inn, Contractors area, Bistupur, Jamshedpur",Menu/102219.json
364571,DELLISH,Adityapur,3.6,20+ ratings,₹ 300,"Chinese,Continental",21119254000264,https://www.swiggy.com/restaurants/dellish-bistupur-jamshedpur-364571,"DELLISH, H NO. - NIL 32, 8TH AVENUE, SOUTHERN TOWN, BISTUPUR, P.O. & P.S,  BISTUPUR, MUNICIPALITY, PURBI SINGHBHUM (JHARKHAND) - 831001",Menu/364571.json
413342,Ramesh Kulfi,Adityapur,3.3,20+ ratings,₹ 200,"Chinese,North Indian",21118060000997,https://www.swiggy.com/restaurants/ramesh-kulfi-bistupur-jamshedpur-413342,"Ramesh Kulfi, Masala Patti Bistupur,Near Fruit  Market,Jamshedpur,Jamshedpur Urban,Purbi Singhbhum,Jharkhand-831001",Menu/413342.json
387177,New Gangour Sweets,Adityapur,4.1,50+ ratings,₹ 200,"Sweets,Snacks",11118006000168,https://www.swiggy.com/restaurants/new-gangour-sweets-bistupur-jamshedpur-387177,"New Gangour Sweets, SBI BUILDING, RAILWAY CROSSING, JUGSALAI, JAMSHEDPUR22",Menu/387177.json
141706,Fakira Chanachur,Adityapur,4.3,20+ ratings,₹ 199,Snacks,21118060000822,https://www.swiggy.com/restaurants/fakira-chanachur-bistupur-jamshedpur-141706,"Fakira Chanachur, MAIN ROAD CO KIOSK, B.20 B INFRONT KAMANI CENTRE, BISTUPUR, JAMSHEDPUR",Menu/141706.json
501701,Yash Siddhant Takeaway,Adityapur,--,Too Few Ratings,₹ 100,"South Indian,Chinese",license,https://www.swiggy.com/restaurants/yash-siddhant-takeaway-bistupur-jamshedpur-501701,"Yash Siddhant Takeaway, Chowk bazar opposite Bank of  Baroda Jugsalai ,  Jamshedpur, Purbi Singhbhum, ,  Jharkhand",Menu/501701.json
456922,Sehat World,Adityapur,3.8,20+ ratings,₹ 50,"Beverages,Italian",21121254000649,https://www.swiggy.com/restaurants/sehat-world-bistupur-jamshedpur-456922,"Sehat World, E3 RoadRam Das BhattaBistupur Jamshedpur Jharkhand 831001India",Menu/456922.json
102582,Brubeck Bakery,Adityapur,4.1,100+ ratings,₹ 200,"Bakery,Desserts",11118006000151,https://www.swiggy.com/restaurants/brubeck-bakery-bistupur-jamshedpur-102582,"Brubeck Bakery, Dcosta mansion, main road Bistupur",Menu/102582.json
405031,Annapurna,Adityapur,4.2,20+ ratings,₹ 200,"Chinese,Tandoor",11119006000200,https://www.swiggy.com/restaurants/annapurna-bistupur-jamshedpur-405031,"Annapurna, HOTEL CASTLE,ROAD NO - 2,CONTRACTOR'S AREA,BISTUPUR, Jamshedpur Urban, Purbi Singhbhum(Jharkhand) -831001",Menu/405031.json
263185,The Chocolate Room,Adityapur,3.7,20+ ratings,₹ 400,"Bakery,Beverages",21117060000473,https://www.swiggy.com/restaurants/the-chocolate-room-bistupur-jamshedpur-263185,"The Chocolate Room, SHOP NO - 2 ,JYOTI APARTMENT CONTRACTOR'S AREA , BISTUPUR",Menu/263185.json
109549,Le Bon,Adityapur,4.2,100+ ratings,₹ 399,"Bakery,Pizzas",11119006000047,https://www.swiggy.com/restaurants/le-bon-bistupur-jamshedpur-109549,"Le Bon, Aviskar Tower, Inner Circle Road, Bistupur",Menu/109549.json
487422,Foodie Baba,Adityapur,--,Too Few Ratings,₹ 200,"Chinese,South Indian",21120272000100,https://www.swiggy.com/restaurants/foodie-baba-adityapur-jamshedpur-487422,"Foodie Baba, M-43, RIT, Co-operative society, Ichhapur Durgapuja Maidan, Gwalapara, Adityapur-2, Adityapur, Jamshedpur",Menu/487422.json
163436,New Chappan Bhog - Bistupur,Adityapur,4.3,20+ ratings,₹ 200,"Sweets,Snacks",license,https://www.swiggy.com/restaurants/new-chappan-bhog-bistupur-bistupur-jamshedpur-163436,"New Chappan Bhog - Bistupur, chappan bhog, bistupur, main road",Menu/163436.json
282630,TIME OUT,Adityapur,4.1,100+ ratings,₹ 299,"Chaat,South Indian",11117006000044,https://www.swiggy.com/restaurants/time-out-bistupur-jamshedpur-282630,"TIME OUT, Road no.3, contractors area, Bistupur, Jamshedpur",Menu/282630.json
255651,GUAVA - ALL DAY BISTRO,Adityapur,3.8,50+ ratings,₹ 300,"Chinese,Biryani",11119006000209,https://www.swiggy.com/restaurants/guava-all-day-bistro-bistupur-jamshedpur-255651,"GUAVA - ALL DAY BISTRO, ASL Tower, Lower Ground Floor, Road No. 4, Contractors Area, Bistupur, Jamshedpur, Jamshedpur Urban, Purbi Singhbhum(Jharkhand) -831001",Menu/255651.json
549624,Laziz Biryani,Adityapur,--,Too Few Ratings,₹ 150,Biryani,21122254000236,https://www.swiggy.com/restaurants/laziz-biryani-bistupur-jamshedpur-549624,"Laziz Biryani, Ground Floor, GNS Tower, Ram Das  Bhatta, Bistupur, Muncipality, Purbi  Singhbhum, , Jharkhand, 831001",Menu/549624.json
413451,Chulha Chauka,Adityapur,3.5,20+ ratings,₹ 100,"Thalis,Indian",21121053000105,https://www.swiggy.com/restaurants/chulha-chauka-bistupur-jamshedpur-413451,"Chulha Chauka, Near Royal Enfield Service Center - Ndg Motors Pvt. Ltd. Front of Munilal Hotel.",Menu/413451.json
523044,Olive  Multicuisine Restaurant,Adityapur,4.0,50+ ratings,₹ 300,"Chinese,North Indian",21122253000221,https://www.swiggy.com/restaurants/olive-multicuisine-restaurant-bistupur-jamshedpur-523044,"Olive  Multicuisine Restaurant, HOTEL GRAND RESIDENCY KADMA  JAMSHEDPUR PS KADMA, Kadma,  Jamshedpur, Purbi Singhbhum, Jharkhand  - 831005",Menu/523044.json
102038,Hong Kong,Adityapur,4.0,20+ ratings,₹ 400,Chinese,11112006000304,https://www.swiggy.com/restaurants/hong-kong-bistupur-jamshedpur-102038,"Hong Kong, Contractors Area, Near The Sonnet Hotel, Bistupur, Jamshedpur",Menu/102038.json
403754,BAKING BOND,Adityapur,4.4,20+ ratings,₹ 199,"Bakery,Desserts",11119006000282,https://www.swiggy.com/restaurants/baking-bond-mango-bistupur-jamshedpur-403754,"BAKING BOND, H NO. 6, GYATRI ENCLAVE, KHAO GALI, BISTUPUR, JAMSHEDPUR - 831001",Menu/403754.json
545808,MUMMY SPECIAL KITCHEN,Adityapur,--,Too Few Ratings,₹ 250,"Indian,Chinese",21122254000228,https://www.swiggy.com/restaurants/mummy-special-kitchen-bistupur-jamshedpur-545808,"MUMMY SPECIAL KITCHEN, Near J Road,Bistupur,PURBI SINGBHUM ,  Jamshedpur -831001",Menu/545808.json
439417,DESI BIDESI,Adityapur,--,Too Few Ratings,₹ 200,North Indian,21121083000227,https://www.swiggy.com/restaurants/desi-bidesi-bistupur-jamshedpur-439417,"DESI BIDESI, D B FOODS & SERVICES, SHOP NO -1 , BUMBRA ENCLAVE DIAGONAL ROAD, BISTUPUR, JAMSHEDPUR, Muncipality, Purbi Singhbhum, , Jharkhand, 831001",Menu/439417.json
390478,Puja Bhojnalaya,Adityapur,--,Too Few Ratings,₹ 200,"Indian,Biryani",21121053000053,https://www.swiggy.com/restaurants/puja-bhojnalaya-bistupur-jamshedpur-390478,"Puja Bhojnalaya, Puja Bhojnalay, Bistupur, Near Blue Sapphire,Bistupur Market,Bistupur-831001",Menu/390478.json
103649,Blooms,Adityapur,3.8,50+ ratings,₹ 250,Indian,11116006000089,https://www.swiggy.com/restaurants/blooms-bistupur-jamshedpur-103649,"Blooms, Aditya tower Bistupur main road",Menu/103649.json
430451,Chai Break,Adityapur,4.3,20+ ratings,₹ 400,"North Indian,Chinese",11121006000185,https://www.swiggy.com/restaurants/chai-break-bistupur-jamshedpur-430451,"Chai Break, Regal Square, 3rd Floor, Opp. Regal Ground, Bistupur, P.O. & P.S. Bistupur, Jamshedpur, Jamshedpur Urban, Purbi Singhbhum, Jharkhand-831001",Menu/430451.json
518548,BIRYANI  WALE,Adityapur,2.4,50+ ratings,₹ 200,Biryani,21122060000125,https://www.swiggy.com/restaurants/biryani-wale-bistupur-jamshedpur-518548,"BIRYANI  WALE, Q5WG+F73, Ram Das Bhatta, Bistupur, Jamshedpur, Jharkhand 831005, India",Menu/518548.json
518819,Kebabchi,Adityapur,--,Too Few Ratings,₹ 300,"Indian,Snacks",21122254000057,https://www.swiggy.com/restaurants/kebabchi-bistupur-jamshedpur-518819,"Kebabchi, MUNESHWARI BHAWAN, ROAD NO 2, B1, CONTRACTORS AREA, PS BISTUPUR,, Bistupur, Muncipality, Purbi Singhbhum, Jharkhand - 831001",Menu/518819.json
447526,Pizza Peddler,Adityapur,3.8,50+ ratings,₹ 200,"Pizzas,Pastas",license,https://www.swiggy.com/restaurants/pizza-peddler-bistupur-jamshedpur-447526,"Pizza Peddler, SHOP NO. 21, DHATKIDIH MARKET,  DHATKIDIH, Muncipality, Purbi  Singhbhum, , Jharkhand, 831001",Menu/447526.json
102579,Veggie Corner( Hotel Nataraj),Adityapur,4.3,20+ ratings,₹ 499,"Pizzas,South Indian",license,https://www.swiggy.com/restaurants/veggie-corner-hotel-nataraj-bistupur-jamshedpur-102579,"Veggie Corner( Hotel Nataraj), Bistupur Main Road, Bistupur, Jamshedpur",Menu/102579.json
126128,Dosa king,Adityapur,--,Too Few Ratings,₹ 200,South Indian,11112006000304,https://www.swiggy.com/restaurants/dosa-king-bistupur-jamshedpur-126128,"Dosa king, Bistupur main road",Menu/126128.json
518803,Bhatia Milkshake,Adityapur,4.3,20+ ratings,₹ 299,Beverages,21121254000084,https://www.swiggy.com/restaurants/bhatia-milkshake-bistupur-jamshedpur-518803,"Bhatia Milkshake, 8,9 C-1, FRUIT MARKET, BISTUPUR,  JAMSHEDPUR, Bistupur, Muncipality, Purbi  Singhbhum, Jharkhand - 831001",Menu/518803.json
377434,Candle light,Adityapur,--,Too Few Ratings,₹ 250,"Indian,Chinese",21119254000185,https://www.swiggy.com/restaurants/candle-light-bistupur-jamshedpur-377434,"Candle light, 2nd floor, bhagwan das building , beside P C jwellers, main road , bistupur - 831001",Menu/377434.json
442180,RECIPE,Adityapur,--,Too Few Ratings,₹ 300,"Indian,Bengali",21121254000351,https://www.swiggy.com/restaurants/recipe-bistupur-jamshedpur-442180,"RECIPE, HOLDING NO- Nil , SITUATED Q ROAD SOUTH PARK AREA, BISTUPUR, MUNCIPALITY, PURBI SINGHBHUM, JHARKHAND -831001",Menu/442180.json
129551,Equinox,Adityapur,4.5,20+ ratings,₹ 400,"Indian,Chinese",11116006000222,https://www.swiggy.com/restaurants/equinox-bistupur-jamshedpur-129551,"Equinox, The Sonnet Hotel, Contractor Area",Menu/129551.json
577891,THE BOULANGERIE,Adityapur,--,Too Few Ratings,₹ 300,"Bakery,Burgers",21122238000061,https://www.swiggy.com/restaurants/the-boulangerie-bistupur-jamshedpur-577891,"THE BOULANGERIE, P.O.-RAKHA COPPER PROJECT,JADUGORA,TETULDANGA, Rakha Copper Project, Ghatsila, Purbi Singhbhum, Jharkhand - 831001",Menu/577891.json
462172,MOTHER'S BAKERY,Adityapur,--,Too Few Ratings,₹ 200,Bakery,21121083000202,https://www.swiggy.com/restaurants/mothers-bakery-adityapur-jamshedpur-462172,"MOTHER'S BAKERY, 53/2/4, Road no 17, Adityapur 1, site no. 1 , beside patanjali store",Menu/462172.json
104481,Thanco's Natural Ice Cream,Adityapur,4.5,20+ ratings,₹ 299,Ice Cream,11116006000086,https://www.swiggy.com/restaurants/thancos-natural-ice-cream-bistupur-jamshedpur-104481,"Thanco's Natural Ice Cream, Bistupur main road",Menu/104481.json
536499,Gopalram Restaurant,Adityapur,--,Too Few Ratings,₹ 100,"South Indian,Chinese",license,https://www.swiggy.com/restaurants/gopalram-restaurant-bistupur-jamshedpur-536499,"Gopalram Restaurant, Road no 2, contractors area,  bistupur, jamshedpur, Muncipality,  Purbi Singhbhum, , Jharkhand",Menu/536499.json
532670,MEDIVALS MEAL,Adityapur,--,Too Few Ratings,₹ 250,"Chinese,Indian",license,https://www.swiggy.com/restaurants/medivals-meal-bistupur-jamshedpur-532670,"MEDIVALS MEAL, Q5WG+F73, Ram Das Bhatta, Bistupur, Jamshedpur, Jharkhand 831005, India",Menu/532670.json
113036,Kwality,Adityapur,4.0,20+ ratings,₹ 499,"Indian,Chinese",11116006000030,https://www.swiggy.com/restaurants/kwality-bistupur-jamshedpur-113036,"Kwality, Main Road Bistupur",Menu/113036.json
536328,Chinese Fusion,Adityapur,--,Too Few Ratings,₹ 200,Indian,21122060000125,https://www.swiggy.com/restaurants/chinese-fusion-bistupur-jamshedpur-536328,"Chinese Fusion, GNS Tower, Ram Das Bhatta, Bistupur, Jamshedpur, Jharkhand 831005",Menu/536328.json
109548,Bon Appetit,Adityapur,4.1,20+ ratings,₹ 300,"Indian,Chinese",11121006000103,https://www.swiggy.com/restaurants/bon-appetit-bistupur-jamshedpur-109548,"Bon Appetit, Aviskar Tower, Bistupur Inner Circle Road",Menu/109548.json
364627,JH05 Cafe,Adityapur,--,Too Few Ratings,₹ 200,"Chinese,Beverages",11121006000083,https://www.swiggy.com/restaurants/jh05-cafe-bistupur-jamshedpur-364627,"JH05 Cafe, COKE DEPO, M ROAD, BISTUPUR, P.O. & P.S. Bistupur, Muncipality, Purbi Singhbhum (Jharkhand), - 831001",Menu/364627.json
104147,Social 75,Adityapur,4.0,20+ ratings,₹ 399,"Continental,Indian",21118060000309,https://www.swiggy.com/restaurants/social-75-bistupur-jamshedpur-104147,"Social 75, Aditya Tower, Bistupur main road, Jamshedpur",Menu/104147.json
553404,AADD M AADD B,Adityapur,--,Too Few Ratings,₹ 180,"Ice Cream,Beverages",21122254000217,https://www.swiggy.com/restaurants/aadd-m-aadd-b-bistupur-jamshedpur-553404,"AADD M AADD B, Q5VM+2JC, N Rd, South Park, Bistupur, Jamshedpur, Jharkhand 831001, India",Menu/553404.json
271964,Baskin Robbins,Adityapur,4.6,50+ ratings,₹ 250,"Desserts,Ice Cream",21116060000033,https://www.swiggy.com/restaurants/baskin-robbins-bistupur-jamshedpur-271964,"Baskin Robbins, EW20,MAIN ROAD, BISTUPUR NEAR BANK OF BARODA JAMSHEDPUR EAST SINGHBHUM, JHARKHAND",Menu/271964.json
102041,Blue Sapphire,Adityapur,--,Too Few Ratings,₹ 200,"Indian,Biryani",11112006000029,https://www.swiggy.com/restaurants/blue-sapphire-bistupur-jamshedpur-102041,"Blue Sapphire, Shop No. 6A, Line No. 4, Bistupur Market, Jamshedpur",Menu/102041.json
497063,BAMBOO CAFE,Adityapur,--,Too Few Ratings,₹ 100,"Indian,Chinese",license,https://www.swiggy.com/restaurants/bamboo-cafe-bistupur-jamshedpur-497063,"BAMBOO CAFE, G.NS TOWER RAMDAS BHATTA BISTUPUR",Menu/497063.json
378028,Sagar's Kitchen Kraft,Adityapur,3.7,50+ ratings,₹ 199,"Indian,Chinese",21121254000223,https://www.swiggy.com/restaurants/sagars-kitchen-kraft-bistupur-jamshedpur-378028,"Sagar's Kitchen Kraft, HOLDING NO 1, LINE NO 4, BISTUPUR MARKET, BESIDE SAGAR SWEETS,  PurbiSinghbhum, Jharkhand-831001",Menu/378028.json
549633,Pajji Da Lassi,Adityapur,--,Too Few Ratings,₹ 100,Beverages,21122254000236,https://www.swiggy.com/restaurants/pajji-da-lassi-bistupur-jamshedpur-549633,"Pajji Da Lassi, Ground Floor, GNS Tower, Ram Das  Bhatta, Bistupur, Muncipality, Purbi  Singhbhum, , Jharkhand, 831001",Menu/549633.json
143194,Fakira Chanachur (Tulsi Bhawan),Adityapur,--,Too Few Ratings,₹ 100,"Indian,Snacks",21118060000822,https://www.swiggy.com/restaurants/fakira-chanachur-tulsi-bhawan-bistupur-jamshedpur-143194,"Fakira Chanachur (Tulsi Bhawan), 30 TULSI BHAWAN, BISTUPUR, JAMSHEDPUR",Menu/143194.json
327008,The Food Circus,Adityapur,--,Too Few Ratings,₹ 299,"Chinese,Continental",21120254000327,https://www.swiggy.com/restaurants/the-food-circus-bistupur-jamshedpur-327008,"The Food Circus, Contractors Area Road No 2, Contractors Area, Bistupur, Jamshedpur, Jharkhand, India",Menu/327008.json
497638,Crunchicken,Adityapur,--,Too Few Ratings,₹ 300,"Indian,American",11122006000002,https://www.swiggy.com/restaurants/crunchicken-bistupur-jamshedpur-497638,"Crunchicken, Shop No. 21, Millennium Tower, R-Road, BIstupur, P.O. & P.S. Bistupur, Jamshedpur, Jamshedpur Urban, Purbi Singhbhum, Jharkhand-831001",Menu/497638.json
580202,Delight Foods,Adityapur,--,Too Few Ratings,₹ 200,Indian,21119253000099,https://www.swiggy.com/restaurants/delight-foods-bistupur-jamshedpur-580202,"Delight Foods, H.no DE3 Rani kudar Rd bhatta shop kadma",Menu/580202.json
377292,SAGAR SWEETS,Adityapur,--,Too Few Ratings,₹ 250,"Indian,Snacks",11119006000049,https://www.swiggy.com/restaurants/sagar-sweets-bistupur-jamshedpur-377292,"SAGAR SWEETS, L4/1, Bistupur Market, P.O. & P.S. Bistupur , Jamshedpur Urban, Purbi Singhbhum, Jharkhand-831001",Menu/377292.json
102571,Spice Zone( Hotel Nataraj),Adityapur,--,Too Few Ratings,₹ 250,Indian,11120006000112,https://www.swiggy.com/restaurants/spice-zone-hotel-nataraj-bistupur-jamshedpur-102571,"Spice Zone( Hotel Nataraj), Natraj Mansion Main Road Bistupur - 831001",Menu/102571.json
476303,Lion's Pride,Adityapur,3.5,20+ ratings,₹ 200,North Indian,21121254000517,https://www.swiggy.com/restaurants/lions-pride-bistupur-jamshedpur-476303,"Lion's Pride, KRISHNA KUNJ  INNER CIRCLE ROAD",Menu/476303.json
451742,Mainland India,Adityapur,--,Too Few Ratings,₹ 200,"Indian,Thalis",license,https://www.swiggy.com/restaurants/mainland-india-bistupur-jamshedpur-451742,"Mainland India, 2ND FLOOR, ADITYA TOWER, MAIN  ROAD, BISTUPUR, JASMHEDPUR,  Muncipality, Purbi Singhbhum, ,  Jharkhand, 831001",Menu/451742.json
451743,So china,Adityapur,--,Too Few Ratings,₹ 299,"Chinese,Tibetan",license,https://www.swiggy.com/restaurants/so-china-bistupur-jamshedpur-451743,"So china, 2ND FLOOR, ADITYA TOWER, MAIN  ROAD, BISTUPUR, JASMHEDPUR,  Muncipality, Purbi Singhbhum, ,  Jharkhand, 831001",Menu/451743.json
116272,Cafe Regal,Adityapur,--,Too Few Ratings,₹ 200,"Fast Food,Snacks",21119060000045,https://www.swiggy.com/restaurants/cafe-regal-bistupur-jamshedpur-116272,"Cafe Regal, 33, Regal building, Bistupur main road",Menu/116272.json
102581,Chopsticks,Adityapur,3.3,20+ ratings,₹ 499,"Indian,Chinese",11118006000155,https://www.swiggy.com/restaurants/chopsticks-bistupur-jamshedpur-102581,"Chopsticks, Dcosta mansion, main road Bistupur",Menu/102581.json
508701,Momo Kitchen,Adityapur,--,Too Few Ratings,₹ 200,"Chinese,Snacks",21122272000048,https://www.swiggy.com/restaurants/momo-kitchen-adityapur-jamshedpur-508701,"Momo Kitchen, A, Rd no.4,phase-2, Anand vihar, Adityapur, Jamshedpur, Jharkhand 832109, India",Menu/508701.json
549383,AL- HUSSAIN RESTAURANT,Adityapur,--,Too Few Ratings,₹ 300,"Chinese,Biryani",21122254000144,https://www.swiggy.com/restaurants/al-hussain-restaurant-bistupur-jamshedpur-549383,"AL- HUSSAIN RESTAURANT, SHOP NO. 2 , DHATKIDIH MARKET AREA, BISTUPUR, MUNICIPALITY, PURBI SINGBHUM , JHARKHAND -831001",Menu/549383.json
440950,Taste of China,Adityapur,--,Too Few Ratings,₹ 199,"Chinese,Thai",license,https://www.swiggy.com/restaurants/taste-of-china-bistupur-jamshedpur-440950,"Taste of China, SHOP NO. 89, DHATKIDIH MARKET,  BISTUPUR, Muncipality, Purbi  Singhbhum, , Jharkhand, 831001",Menu/440950.json
355561,TAZ CAKES N MOUSSE.,Adityapur,--,Too Few Ratings,₹ 200,Desserts,21121060000044,https://www.swiggy.com/restaurants/taz-cakes-n-mousse-bistupur-jamshedpur-355561,"TAZ CAKES N MOUSSE., SULTANIA MANSION , PURANI BASTI  ROAD, INFRONT OF AL MADINA MEDICAL  STORE, JUGSALAI , JAMSHEDPUR 831006,  Jugsalai, Jamshedpur Urban, Purbi  Singhbhum, Jharkhand-831006",Menu/355561.json
462505,Tasty Spoon & Gungun Tiffin,Adityapur,--,Too Few Ratings,₹ 200,"Indian,Chinese",21121253000146,https://www.swiggy.com/restaurants/tasty-spoon-and-gungun-tiffin-bistupur-jamshedpur-462505,"Tasty Spoon & Gungun Tiffin, Krishna complex Near vishwakarma mandir Barbera db road",Menu/462505.json
186264,New US Pizza,Adityapur,3.6,100+ ratings,₹ 299,"Pizzas,Snacks",21117060000667,https://www.swiggy.com/restaurants/new-us-pizza-bistupur-jamshedpur-186264,"New US Pizza, J P Road, Bagbera Colony, Jugsalai, Jamshedpur, Jharkhand, India",Menu/186264.json
211142,Bhook Pyaas,Adityapur,3.5,20+ ratings,₹ 200,"Chinese,Indian",11119006000262,https://www.swiggy.com/restaurants/bhook-pyaas-bistupur-jamshedpur-211142,"Bhook Pyaas, Station Road, Kumar Chowk, Jugsalai, Jamshedpur, Jharkhand, India",Menu/211142.json
489422,Aditi Foods,Adityapur,3.8,20+ ratings,₹ 100,Indian,21118060000753,https://www.swiggy.com/restaurants/aditi-foods-b-h-area-kadma-bh-area-kadma-jamshedpur-489422,"Aditi Foods, D B M S Canteen Road No-7 B,H area, Municipality, Purbi Singbhum, Jharkhand, 831005",Menu/489422.json
401391,Chinimama,Adityapur,4.3,20+ ratings,₹ 199,"Chinese,Biryani",21122053000098,https://www.swiggy.com/restaurants/chinimama-bistupur-jamshedpur-401391,"Chinimama, Block No. 92/2/4, Road No. 3, Bagbera  Colony, Bagbera, Jamshedpur, Purbi  Singhbhum, Jharkhand - 831002",Menu/401391.json
354669,Brunch Italino (Kadma Market),Adityapur,3.9,20+ ratings,₹ 200,"Bakery,Desserts",license,https://www.swiggy.com/restaurants/brunch-italino-kadma-market-sonari-jamshedpur-354669,"Brunch Italino (Kadma Market), KADMA BAZAAR, BESIDE SWEET MART,  Purbi Singhbhum, Jharkhand-831005",Menu/354669.json
519622,Rajasthan Sharma Hotel,Adityapur,--,Too Few Ratings,₹ 200,"Sweets,Snacks",11121006000205,https://www.swiggy.com/restaurants/rajasthan-sharma-hotel-bistupur-jamshedpur-519622,"Rajasthan Sharma Hotel, PLOT NO. 70-71, STRAIGHT MILE ROAD, MAIN ROAD DHATKIDIH, P.O & P.S, BISTUPUR, JAMSHEDPUR, JAMSHEDPUR URBAN, PURBI SINGHBHUM, JHARKHAND - 831001",Menu/519622.json
153339,Chef Corner,Adityapur,3.9,500+ ratings,₹ 299,"Indian,Chinese",11121006000235,https://www.swiggy.com/restaurants/chef-corner-sonari-jamshedpur-153339,"Chef Corner, 1ST FLOOR,SARLA COMPLEX, KADMA MARKET",Menu/153339.json
443028,Brunch Italiano,Adityapur,--,Too Few Ratings,₹ 200,"Bakery,Desserts",21121253000004,https://www.swiggy.com/restaurants/brunch-italiano-bistupur-jamshedpur-443028,"Brunch Italiano, Station Road, Opp. Chappan Bhog, Near  Railway Station, Jugsalai, Jugsalai,  Jamshedpur, Purbi Singhbhum, Jharkhand  - 831002",Menu/443028.json
226773,AB Palace,Adityapur,3.4,20+ ratings,₹ 200,"Chinese,Indian",21118060000998,https://www.swiggy.com/restaurants/ab-palace-bistupur-jamshedpur-226773,"AB Palace, HOTEL AB PALACE, STATION ROAD, JUGSALAI, JAMSHEDPUR",Menu/226773.json
385197,Mathura Mistan Bhandar,Adityapur,4.5,100+ ratings,₹ 200,"Sweets,Snacks",21121253000406,https://www.swiggy.com/restaurants/mathura-mistan-bhandar-sakchi-sonari-jamshedpur-385197,"Mathura Mistan Bhandar, Kadma Bazar,Jamshedpur, Jharkhand-831005",Menu/385197.json
431115,Bs Bakery & Cafe,Adityapur,--,Too Few Ratings,₹ 200,"Bakery,Desserts",21121253000011,https://www.swiggy.com/restaurants/bs-bakery-and-cafe-bistupur-jamshedpur-431115,"Bs Bakery & Cafe, 1ST FLOOR, HOTEL MERIDIAN, STATION ROAD, JAMSHEDPUR, Jugsalai, Jamshedpur, Purbi Singhbhum, Jharkhand-831002",Menu/431115.json
508583,MUMBAI CHAT,Adityapur,--,Too Few Ratings,₹ 100,Chaat,license,https://www.swiggy.com/restaurants/mumbai-chat-bistupur-jamshedpur-508583,"MUMBAI CHAT, MODI PARK BISTUPUR JAMSHEDPUR",Menu/508583.json
132538,Pizzapuram,Adityapur,3.7,100+ ratings,₹ 200,"Pizzas,Italian",21121060000711,https://www.swiggy.com/restaurants/pizzapuram-bistupur-jamshedpur-132538,"Pizzapuram, C H AREA, ROAD NO 5, BANGLOW NO 11,NEAR KIDZEE SCHOOL, SONARI,JAMSHEDPUR",Menu/132538.json
394140,SURESH SOUTH INDIAN KITCHEN,Adityapur,--,Too Few Ratings,₹ 200,South Indian,21121253000296,https://www.swiggy.com/restaurants/suresh-south-indian-kitchen-sonari-jamshedpur-394140,"SURESH SOUTH INDIAN KITCHEN, MATHURA MISTAN BHANDAR ROAD, KADMA, JAMSHEDPUR, PURBI SINGHBHUM, JHARKHAND - 831005",Menu/394140.json
124500,Gopal Dosa,Adityapur,4.1,100+ ratings,₹ 100,South Indian,21119060000263,https://www.swiggy.com/restaurants/gopal-dosa-sakchi-jamshedpur-124500,"Gopal Dosa, jubliee Park gate, Sackhi, Sakchi, Jamshedpur",Menu/124500.json
370259,Apna Adda,Adityapur,4.1,50+ ratings,₹ 150,"Chinese,Snacks",21120253000288,https://www.swiggy.com/restaurants/apna-adda-sonari-jamshedpur-370259,"Apna Adda, Flat No. C3 / 1,4th Floor,Shri Sharda Krishna Apartment,Dhananjay Path,Uliyan,Kadma,Jamshedpur,Purbi Singhbhum,Jharkhand-831005",Menu/370259.json
533855,Aryan Maggi Stall,Adityapur,--,Too Few Ratings,₹ 150,"Fast Food,Pastas",21121253000582,https://www.swiggy.com/restaurants/aryan-maggi-stall-bistupur-jamshedpur-533855,"Aryan Maggi Stall, Outer Circle road, Gwalpara, Kadma, Jamshedpur, Purbi Singhbhumi, Jharkhand, 831005",Menu/533855.json
125180,Babu Moshai,Adityapur,4.0,50+ ratings,₹ 349,"Indian,Chinese",21118060000695,https://www.swiggy.com/restaurants/babu-moshai-sonari-jamshedpur-125180,"Babu Moshai, SHIVA USHA COMPLEX, ULLIYAN KADMA",Menu/125180.json
263297,Junction Restaurant,Adityapur,3.7,1K+ ratings,₹ 399,"Indian,Biryani",11119006000191,https://www.swiggy.com/restaurants/junction-restaurant-sakchi-jamshedpur-263297,"Junction Restaurant, 53,SAKCHI, NEW PLANNING AREA, THAKURBARI ROAD, PURBI SINGHBHUM",Menu/263297.json
410629,Mintelaa,Adityapur,--,Too Few Ratings,₹ 1000,"Chinese,Indian",11121006000067,https://www.swiggy.com/restaurants/mintelaa-sakchi-jamshedpur-410629,"Mintelaa, 3RD FLOOR, BASANT CENRAL, HANDI LINE ,PO PS SAKCHI JAMSHEDPUR, PurbiPremises Address Singhbhum, Jharkhand-831001",Menu/410629.json
461084,The Bihari  Resturant,Adityapur,4.4,50+ ratings,₹ 200,"North Indian,Snacks",21121253000488,https://www.swiggy.com/restaurants/the-bihari-resturant-bistupur-jamshedpur-461084,"The Bihari  Resturant, Right side from kali Mandir, 416 A, Ecc Flat Ulliyan, kadma Jamshedpur Near-Kerala Public School, Jamshedpur, Jharkhand 831005",Menu/461084.json
499377,DELIGHT FOOD CORNER,Adityapur,--,Too Few Ratings,₹ 100,Chinese,21119253000099,https://www.swiggy.com/restaurants/delight-food-corner-bistupur-jamshedpur-499377,"DELIGHT FOOD CORNER, H.NO 20 ASHOK PATH DOWN BABA LOKNATH PATH BHATIA BASTI",Menu/499377.json
390901,Delhi Darbar (Sakchi ),Adityapur,3.7,100+ ratings,₹ 200,"Chinese,Biryani",21121254000212,https://www.swiggy.com/restaurants/delhi-darbar-sakchi-sakchi-jamshedpur-390901,"Delhi Darbar (Sakchi ), 1 , GROUND FLOOR , SARKAR BUILDING,  OLD PURULIA RD, SAKCHI, Sakchi,  Muncipality, Purbi Singhbhum, Jharkhand  - 831001",Menu/390901.json
127306,Shyam Store,Adityapur,--,Too Few Ratings,₹ 250,"Indian,Chinese",license,https://www.swiggy.com/restaurants/shyam-store-bistupur-sonari-jamshedpur-127306,"Shyam Store, BANGLA NO.17 BACK SIDE CH AREA , NEAR SBI BNK XLRI, BISTUPUR",Menu/127306.json
111386,The Hungry Bird,Adityapur,3.9,500+ ratings,₹ 300,"North Indian,Chinese",21120253000117,https://www.swiggy.com/restaurants/the-hungry-bird-bistupur-sonari-jamshedpur-111386,"The Hungry Bird, 6, Infront of astha cottage, uliyan, sonari, Jamshedpur",Menu/111386.json
308169,FOODILICIOUS,Adityapur,--,Too Few Ratings,₹ 400,Indian,21120254000115,https://www.swiggy.com/restaurants/foodilicious-sonari-jamshedpur-308169,"FOODILICIOUS, HOUSE NO 2  BAJRANG PATH ULIYAN KADMA JAMSHEDPUR Muncipality Purbi Singhbhum Jharkhand 831005",Menu/308169.json
537808,The Kannelite,Adityapur,--,Too Few Ratings,₹ 599,"Indian,Snacks",11121028000039,https://www.swiggy.com/restaurants/the-kannelite-sakchi-jamshedpur-537808,"The Kannelite, PLOT NO 2002, WARD NO 07, SAKCHI MAIN  ROAD BESIDE POLICE STATION,  Dhalbhumgarh, Purbi Singhbhum,  Jharkhand-831001",Menu/537808.json
433648,Manohar Chat,Adityapur,4.1,100+ ratings,₹ 150,"Chinese,Chaat",11121006000111,https://www.swiggy.com/restaurants/manohar-chat-sakchi-jamshedpur-433648,"Manohar Chat, Handi Line, Sakchi Market, Purbi Singhbhum, Sakchi, Jamshedpur",Menu/433648.json
115931,Dosa Hut,Adityapur,4.0,100+ ratings,₹ 200,"South Indian,Chinese",21119060000309,https://www.swiggy.com/restaurants/dosa-hut-sakchi-jamshedpur-115931,"Dosa Hut, 101, Alison's Apartment Aambagan, Sakchi, Jamshedpur",Menu/115931.json
579047,Cook'S Corner,Adityapur,--,Too Few Ratings,₹ 200,"Chinese,Indian",21121053000197,https://www.swiggy.com/restaurants/cooks-corner-telco-jamshedpur-579047,"Cook'S Corner, Singh Complex Balajee Nagar Govindpur Chota Govindpur",Menu/579047.json
174464,Chicago Pizza,Adityapur,3.1,100+ ratings,₹ 299,"Pizzas,Pastas",license,https://www.swiggy.com/restaurants/chicago-pizza-jhanda-chowk-jamshedpur-174464,"Chicago Pizza, 1ST FLOOR,HOLDING NO 39, OPPOSITE BASANT CINEMA, SAKCHI JAMSHEDPUR",Menu/174464.json
163435,New Chappan Bhog - Sakchi,Adityapur,4.3,100+ ratings,₹ 200,"Sweets,Snacks",license,https://www.swiggy.com/restaurants/new-chappan-bhog-sakchi-sakchi-jamshedpur-163435,"New Chappan Bhog - Sakchi, KALIMATI ROAD, OPP. SAKCHI GURUDWARA",Menu/163435.json
417015,Laziz Pizza,Adityapur,3.9,100+ ratings,₹ 300,"Pizzas,Beverages",21121254000274,https://www.swiggy.com/restaurants/laziz-pizza-sakchi-jamshedpur-417015,"Laziz Pizza, JAYANT BUILDING, H.NO-2, S.N.P AREA,  SAKCHI, Sakchi, Muncipality, Purbi  Singhbhum, Jharkhand - 831001",Menu/417015.json
376602,SAKCHI MISTAN BHANDAR,Adityapur,4.2,100+ ratings,₹ 200,"Sweets,Snacks",11119006000117,https://www.swiggy.com/restaurants/sakchi-mistan-bhandar-sakchi-jamshedpur-376602,"SAKCHI MISTAN BHANDAR, 2/2, HOTEL LINE, JHANDA CHOWK, SAKCHI, P.O & P.S. SAKCHI, JAMSHEDPUR URBAN, PURBI SINGHBHUM (JHARKHAND) - 831001",Menu/376602.json
546139,BIKKGANE BIRYANI,Adityapur,4.1,100+ ratings,₹ 350,"Biryani,Hyderabadi",11122006000092,https://www.swiggy.com/restaurants/bikkgane-biryani-sakchi-jamshedpur-546139,"BIKKGANE BIRYANI, House No. 0053, Thakur Bari Road, Sakchi New Planning Area, Jamshedpur, Purbi Singhbhum, Jharkhand-831001",Menu/546139.json
102578,Campus Adda,Adityapur,3.9,100+ ratings,₹ 200,"Chinese,Biryani",license,https://www.swiggy.com/restaurants/campus-adda-sakchi-jamshedpur-102578,"Campus Adda, Parulia Highway, Sakchi Market, Sakchi, Jamshedpur",Menu/102578.json
503432,NEW KOLKATA ARSALAN BIRYANI,Adityapur,3.8,50+ ratings,₹ 250,"Biryani,Fast Food",21122060000031,https://www.swiggy.com/restaurants/new-kolkata-arsalan-biryani-sakchi-jamshedpur-503432,"NEW KOLKATA ARSALAN BIRYANI, SHOP NO 24-01, MUHRI LINE , SAKCHI , JAMSHEDPUR , PURBI  SINGBHUM , JHARKHAND 831001",Menu/503432.json
514288,Pizza Campus,Adityapur,--,Too Few Ratings,₹ 150,"Fast Food,Pizzas",21122060000006,https://www.swiggy.com/restaurants/chai-n-smokerz-sakchi-jamshedpur-514288,"Pizza Campus, Sakchi, Behind Ravidnranath Tygore School,  Jamshedpur, Sakchi, Jharkhand- 831001",Menu/514288.json
552372,Deep Delighted Kitchen,Adityapur,--,Too Few Ratings,₹ 150,"Chinese,Snacks",21122253000323,https://www.swiggy.com/restaurants/deep-delighted-kitchen-sakchi-jamshedpur-552372,"Deep Delighted Kitchen, Subarnarekha link Road , Sakchi, Golmuri,  Jamshedpur, Purbi Singhbhum, Jharkhand  - 831001",Menu/552372.json
385938,Biryani By Kilo,Adityapur,4.1,500+ ratings,₹ 600,"Biryani,Hyderabadi",11121006000091,https://www.swiggy.com/restaurants/biryani-by-kilo-sakchi-jamshedpur-385938,"Biryani By Kilo, HOLDING NO-16,MILLS & GODOWN ROAD AREA, KALI MATI ROAD,BLOCK-JAMSHEDPUR",Menu/385938.json
164297,American Waffle House,Adityapur,4.1,100+ ratings,₹ 200,"Waffle,Ice Cream",license,https://www.swiggy.com/restaurants/american-waffle-house-sakchi-jamshedpur-164297,"American Waffle House, Sakchi, Aambagarn, beside keventers",Menu/164297.json
579040,Chai Sutta Bar,Adityapur,--,Too Few Ratings,₹ 200,"Beverages,Fast Food",license,https://www.swiggy.com/restaurants/chai-sutta-bar-bistupur-jamshedpur-579040,"Chai Sutta Bar, ground floor, avishkar building, \\\\r\\\\nbeside mahindra showroom, \\\\r\\\\nkharkai link road, Jamshedpur, \\\\r\\\\nPurbi Singhbhum, Jharkhan, \\\\r\\\\nMuncipality, Purbi Singhbhum, , \\\\r\\\\nJ",Menu/579040.json
539663,New Dolphin Bakery,Adityapur,--,Too Few Ratings,₹ 250,Bakery,21121060000804,https://www.swiggy.com/restaurants/new-dolphin-bakery-sakchi-jamshedpur-539663,"New Dolphin Bakery, Shop No 27, Ambagan Masjid Complex, Sakchi, Jamshedpur, Jamshedpur, Purbi Singhbhum, Jharkhand- 831001",Menu/539663.json
120193,Lakhi Egg Roll & Caterer,Adityapur,3.5,100+ ratings,₹ 299,"Chinese,Indian",21116060000023,https://www.swiggy.com/restaurants/lakhi-egg-roll-and-caterer-sakchi-jamshedpur-120193,"Lakhi Egg Roll & Caterer, H-38, Sakchi Market, Near Basant Talkies",Menu/120193.json
102631,The White Rose,Adityapur,3.9,100+ ratings,₹ 499,"Indian,Chinese",11118006000094,https://www.swiggy.com/restaurants/the-white-rose-sakchi-jamshedpur-102631,"The White Rose, Taj Building, 30 Aambagan Sakchi",Menu/102631.json
189441,The Belgian Waffle Co.,Adityapur,4.5,100+ ratings,₹ 200,"Beverages,Desserts",21119060000748,https://www.swiggy.com/restaurants/the-belgian-waffle-co-sakchi-jamshedpur-189441,"The Belgian Waffle Co., RISHAB SHANTI APARTMENT  142  SHOP NO 2  AAMBAGAN ROAD  SAKCHI  JAMSHEDPUR 831001",Menu/189441.json
102039,Saffron,Adityapur,4.0,100+ ratings,₹ 400,"Indian,Chinese",11116006000086,https://www.swiggy.com/restaurants/saffron-sakchi-jamshedpur-102039,"Saffron, Parulia Highway, Sakchi Market, Sakchi, Jamshedpur",Menu/102039.json
127463,Brunch Italiano (sakchi),Adityapur,3.7,50+ ratings,₹ 300,Bakery,11118000000000,https://www.swiggy.com/restaurants/brunch-italiano-sakchi-sakchi-jamshedpur-127463,"Brunch Italiano (sakchi), Opposite Shitla Mandir Chowk, Near Vodafone, Sakchi, Jamshedpur",Menu/127463.json
109387,Uttar Dakshin,Adityapur,3.7,500+ ratings,₹ 200,"Indian,Chinese",21118243000124,https://www.swiggy.com/restaurants/uttar-dakshin-sakchi-telco-jamshedpur-109387,"Uttar Dakshin, Kalimati Road Near Howrah bridge, Sakchi",Menu/109387.json
306094,SAGAR RESTAURANT,Adityapur,4.1,20+ ratings,₹ 299,"Indian,Chinese",21120060000098,https://www.swiggy.com/restaurants/sagar-restaurant-sakchi-jamshedpur-306094,"SAGAR RESTAURANT, [00007, BLOCK NO 1, SAKCHI MARKET, KALI MATI ROAD, SAKCHI, JAMSHEDPUR URBAN, PURBI JHARKHAND",Menu/306094.json
102577,Silver Spoon,Adityapur,4.2,100+ ratings,₹ 200,Indian,21121060000734,https://www.swiggy.com/restaurants/silver-spoon-sakchi-jamshedpur-102577,"Silver Spoon, Aam Bagan, sakchi, Sakchi, Jamshedpur",Menu/102577.json
242722,Pappu Hotel,Adityapur,3.0,100+ ratings,₹ 200,"Biryani,Chinese",11118006000066,https://www.swiggy.com/restaurants/pappu-hotel-sakchi-jamshedpur-242722,"Pappu Hotel, KALIMATI ROAD, NEAR SAKCHI GURUDWARA, SAKCHI, JAMSHEDPUR",Menu/242722.json
528374,Shreshtham,Adityapur,3.5,20+ ratings,₹ 200,"Snacks,Sweets",21121060000942,https://www.swiggy.com/restaurants/shreshtham-sakchi-jamshedpur-528374,"Shreshtham, Plot 83, BB Tower, Ground Floor, 1st Floor, 2nd Floor, Near Sitla Mandir, Tank Road, Purbi Singhbhum, Sakchi, Jamshedpur",Menu/528374.json
355563,Royal Max - Sakchi,Adityapur,--,Too Few Ratings,₹ 399,"Bakery,Pizzas",license,https://www.swiggy.com/restaurants/royal-max-sakchi-sakchi-jamshedpur-355563,"Royal Max - Sakchi, OPPOSITE BLUE DIAMOND RESTAURANT, KALIMATI ROAD, SAKCHI, JAMSHEDPUR - 831001,  Purbi Singhbhum, Jharkhand-831001",Menu/355563.json
417020,The Biryani Boxx,Adityapur,3.7,20+ ratings,₹ 200,"Biryani,Beverages",21121254000275,https://www.swiggy.com/restaurants/the-biryani-boxx-sakchi-jamshedpur-417020,"The Biryani Boxx, JAYANT BUILDING, H.NO-2, S.N.P AREA,  SAKCHI, Sakchi, Muncipality, Purbi  Singhbhum, Jharkhand - 831001",Menu/417020.json
385636,CAKE PLANET,Adityapur,--,Too Few Ratings,₹ 200,"Bakery,Desserts",21121254000025,https://www.swiggy.com/restaurants/cake-planet-sakchi-jamshedpur-385636,"CAKE PLANET, 16, AAMBAGAN ROAD P.O SAKCHI , Sakchi, Muncipality, Purbi Singhbhum, Jharkhand-831001",Menu/385636.json
546127,BIRYANI BADSHAH,Adityapur,4.1,50+ ratings,₹ 350,"Biryani,Hyderabadi",11122006000092,https://www.swiggy.com/restaurants/biryani-badshah-sakchi-jamshedpur-546127,"BIRYANI BADSHAH, House No. 0053, Thakur Bari Road, Sakchi New Planning Area, Jamshedpur, Purbi Singhbhum, Jharkhand-831001",Menu/546127.json
195788,Tinkoniya Hotel,Adityapur,3.9,50+ ratings,₹ 150,"Snacks,Sweets",21119060000836,https://www.swiggy.com/restaurants/tinkoniya-hotel-sakchi-jamshedpur-195788,"Tinkoniya Hotel, Sakchi, Jamshedpur, Jharkhand, India",Menu/195788.json
102040,Pappu Restaurant,Adityapur,3.4,500+ ratings,₹ 200,"Indian,Biryani",21118243000122,https://www.swiggy.com/restaurants/pappu-restaurant-sakchi-jamshedpur-102040,"Pappu Restaurant, Hotel Sagar, 14/4, Nand Singh Area, New Kalimati road",Menu/102040.json
414252,Jalsa Restaurant,Adityapur,4.3,100+ ratings,₹ 200,"Bengali,Indian",21121060000716,https://www.swiggy.com/restaurants/jalsa-restaurant-sakchi-jamshedpur-414252,"Jalsa Restaurant, Holding No-46, SNP area, Thakurbari  Road, P.O and P.S Sakchi, Sakchi,  Jamshedpur Urban, Purbi Singhbhum,  Jharkhand - 831001",Menu/414252.json
484449,Brother's Chaap and Dhaba,Adityapur,4.0,20+ ratings,₹ 200,"North Indian,Snacks",21121060000933,https://www.swiggy.com/restaurants/brothers-chaap-and-dhaba-sakchi-jamshedpur-484449,"Brother's Chaap and Dhaba, PLOT 3522, DARU BHATTI ROAD, SAKCHI, JAMSHEDPUR - 831001",Menu/484449.json
530955,A2B  Anirams Aahar Bhavan,Adityapur,--,Too Few Ratings,₹ 300,"South Indian,Chinese",21121060000764,https://www.swiggy.com/restaurants/a2b-anirams-aahar-bhavan-sakchi-jamshedpur-530955,"A2B  Anirams Aahar Bhavan, GROUND FLOOR, PACIFIC HEIGHT, H.NO-  34, PURULIA HIGHWAY, AMBAGAN,  SAKCHI, JAMSHEDPUR, Sakchi,  Jamshedpur Urban, Purbi Singhbhum,  Jharkhand - 831001",Menu/530955.json
554195,THE HUNGER OUT,Adityapur,--,Too Few Ratings,₹ 200,"North Indian,South Indian",21122060000071,https://www.swiggy.com/restaurants/the-hunger-out-sakchi-jamshedpur-554195,"THE HUNGER OUT, Kasidih line no 1, near Sai glasses, near Durga Puja maidan, sakchi jamshedpur,india",Menu/554195.json
450591,Brother's Dhaba,Adityapur,--,Too Few Ratings,₹ 399,"North Indian,Thalis",11121006000234,https://www.swiggy.com/restaurants/brothers-dhaba-sakchi-jamshedpur-450591,"Brother's Dhaba, Roof Top, 37, Super Centre, Kalimati Road,  Sakchi, Jamshedpur, Jamshedpur Urban, Purbi  Singhbhum, Jharkhand-831001",Menu/450591.json
509389,Kathi Junction,Adityapur,--,Too Few Ratings,₹ 200,"Snacks,Indian",21122254000113,https://www.swiggy.com/restaurants/kathi-junction-sakchi-jamshedpur-509389,"Kathi Junction, Shop no 2, 2nd floor,Paronoma center mall, Aambagan Rd, opposite sitla Mandir, SNP Area, Ambagan, Sakchi, Jamshedpur, Jharkhand 831001, India",Menu/509389.json
385811,COZY CORNER,Adityapur,--,Too Few Ratings,₹ 200,"Indian,Chinese",21121254000251,https://www.swiggy.com/restaurants/cozy-corner-sonari-jamshedpur-385811,"COZY CORNER, R.V COLONY ULIYAN, KADMA, JAMSHEDPUR, Kadma, Muncipality, Purbi Singhbhum, Jharkhand - 831005",Menu/385811.json
419356,Shawarma 83,Adityapur,--,Too Few Ratings,₹ 199,"Arabian,Lebanese",21121254000274,https://www.swiggy.com/restaurants/shawarma-83-sakchi-jamshedpur-419356,"Shawarma 83, JAYANT BUILDING, H.NO-2, S.N.P AREA,  SAKCHI, Sakchi, Muncipality, Purbi  Singhbhum, Jharkhand - 831001",Menu/419356.json
103646,The Dugout,Adityapur,3.7,20+ ratings,₹ 499,"Indian,Chinese",21119060000906,https://www.swiggy.com/restaurants/the-dugout-sakchi-jamshedpur-103646,"The Dugout, 6, S.N.P area, om Central, 4th floor, Sakchi, Jamshedpur",Menu/103646.json
120977,J K Residency,Adityapur,4.1,50+ ratings,₹ 400,"Indian,Continental",11117006000026,https://www.swiggy.com/restaurants/j-k-residency-sakchi-jamshedpur-120977,"J K Residency, 218, 7C TOWN, NEW KALIMATI ROAD, SAKCHI, JAMSHEDPUR",Menu/120977.json
372399,MEALS @ ONE,Adityapur,3.5,100+ ratings,₹ 200,"Combo,Indian",21120060000203,https://www.swiggy.com/restaurants/meals-one-sakchi-jamshedpur-372399,"MEALS @ ONE, 53 THAKURBADI ROAD, SAKCHI, JAMSHEDPUR, Jamshedpur Urban, Purbi Singhbhum (Jharkhand), - 831001",Menu/372399.json
455954,Kebabs & Curry,Adityapur,3.8,20+ ratings,₹ 300,"Indian,Chinese",11121006000233,https://www.swiggy.com/restaurants/kebabs-and-curry-sakchi-jamshedpur-455954,"Kebabs & Curry, 12/26, SAND LINE ROAD, SAKCHI, Jamshedpur, Purbi Singhbhum, Jharkhand-831001",Menu/455954.json
292480,NABJIBAN KULFI,Adityapur,4.2,20+ ratings,₹ 299,"Ice Cream,Pizzas",21117060000824,https://www.swiggy.com/restaurants/nabjiban-kulfi-sakchi-jamshedpur-292480,"NABJIBAN KULFI, 106, SAKCHI BAZAR, P.O. & P.S. SAKCHIJAMSHEDPUR URBAN, PURBI SINGHBHUM - JHARKHAND-831001",Menu/292480.json
512637,Brewers cafe,Adityapur,--,Too Few Ratings,₹ 200,Chinese,license,https://www.swiggy.com/restaurants/brewers-cafe-sakchi-jamshedpur-512637,"Brewers cafe, H.N-36,SNP Area commonly known as 36,Purulia Highway,Sakchi,Jamshedpur,Jharkhand",Menu/512637.json
372402,PARATHA EXPRESS,Adityapur,--,Too Few Ratings,₹ 200,Indian,21120060000203,https://www.swiggy.com/restaurants/paratha-express-sakchi-jamshedpur-372402,"PARATHA EXPRESS, 53 THAKURBADI ROAD, SAKCHI, JAMSHEDPUR, Jamshedpur Urban, Purbi Singhbhum (Jharkhand), - 831001",Menu/372402.json
530390,PUJA SWEETS SAKCHI,Adityapur,--,Too Few Ratings,₹ 100,Sweets,11121006000014,https://www.swiggy.com/restaurants/puja-sweets-sakchi-sakchi-jamshedpur-530390,"PUJA SWEETS SAKCHI, GROUND FLOOR 06 H.NO 89 WATER WORKS  ROAD  SAKCHI",Menu/530390.json
372748,Truly Publik,Adityapur,--,Too Few Ratings,₹ 800,"Chinese,Continental",11119006000092,https://www.swiggy.com/restaurants/truly-publik-sakchi-jamshedpur-372748,"Truly Publik, 4th Floor, Holding NO -F, Basant  Central, Sakchi Mils and Godown  area, Jamshedpur, East Singbhum,  Jharkhand -831001",Menu/372748.json
236464,Unplugged Restaurant,Adityapur,--,Too Few Ratings,₹ 350,"North Indian,Tandoor",11119006000203,https://www.swiggy.com/restaurants/unplugged-restaurant-sakchi-jamshedpur-236464,"Unplugged Restaurant, 148 A, DALBHUM ROAD, SAKCHI, JAMSHEDPUR",Menu/236464.json
257314,HAVELI,Adityapur,--,Too Few Ratings,₹ 450,"Chinese,South Indian",license,https://www.swiggy.com/restaurants/haveli-sakchi-jamshedpur-257314,"HAVELI, H.NO-6,SNP AREA NEAR V2 ,SAKCHI",Menu/257314.json
525290,ZAAFFRAN RESTAURANT,Adityapur,--,Too Few Ratings,₹ 100,"Biryani,Indian",11119006000294,https://www.swiggy.com/restaurants/zaaffran-restaurant-sakchi-jamshedpur-525290,"ZAAFFRAN RESTAURANT, H.NO 112 SNAP AREA AAMBAGAN SAKCHI JAMSHEDPUR",Menu/525290.json
372401,CRAZY PAKODA,Adityapur,--,Too Few Ratings,₹ 200,Snacks,21120060000203,https://www.swiggy.com/restaurants/crazy-pakoda-sakchi-jamshedpur-372401,"CRAZY PAKODA, 53 THAKURBADI ROAD, SAKCHI, JAMSHEDPUR, Jamshedpur Urban, Purbi Singhbhum (Jharkhand), - 831001",Menu/372401.json
566600,Lounge And Sky Dining,Adityapur,--,Too Few Ratings,₹ 300,"North Indian,Chinese",license,https://www.swiggy.com/restaurants/lounge-and-sky-dining-sakchi-jamshedpur-566600,"Lounge And Sky Dining, 4th Floor, Landmark tower, Thakurbari Road, Near Aambagan, Sakchi, Jamshedpur Urban, Purbi Singhbhum, , Jharkhand, 831001",Menu/566600.json
187581,Momo Square,Adityapur,3.3,50+ ratings,₹ 200,"Tibetan,Nepalese",21120060000148,https://www.swiggy.com/restaurants/momo-square-sakchi-jamshedpur-187581,"Momo Square, Hotel JIVA, SNP Area, Ambagan, Sakchi, Jamshedpur, Jharkhand, India",Menu/187581.json
364460,SAI REGENCY,Adityapur,4.0,100+ ratings,₹ 200,"Indian,Biryani",11121006000045,https://www.swiggy.com/restaurants/sai-regency-sakchi-jamshedpur-364460,"SAI REGENCY, 140, SNP Area, Aambagan, Sakchi, Jamshedpur  Urban, Purbi Singhbhum, Jharkhand-831001",Menu/364460.json
350908,Wok Tok Asia,Adityapur,--,Too Few Ratings,₹ 299,Chinese,21120060000203,https://www.swiggy.com/restaurants/wok-tok-asia-sakchi-jamshedpur-350908,"Wok Tok Asia, 53 THAKURBADI ROAD, SAKCHI, JAMSHEDPUR, Jamshedpur Urban, Purbi Singhbhum (Jharkhand), - 831001",Menu/350908.json
103645,Jiva Hotel,Adityapur,4.2,100+ ratings,₹ 599,"North Indian,Chinese",11117006000040,https://www.swiggy.com/restaurants/jiva-hotel-sakchi-jamshedpur-103645,"Jiva Hotel, 93, Sakchi New Planning Area, Water Works Road, Sakchi, Jamshedpur",Menu/103645.json
547588,T Matter,Adityapur,--,Too Few Ratings,₹ 300,"Beverages,Fast Food",21122254000240,https://www.swiggy.com/restaurants/t-matter-sakchi-jamshedpur-547588,"T Matter, Pennar Rd, SNP Area, Ambagan, Sakchi, Jamshedpur, Jharkhand 831001, India",Menu/547588.json
363377,Ice Cream Conection,Adityapur,--,Too Few Ratings,₹ 200,"Beverages,Desserts",21120060000198,https://www.swiggy.com/restaurants/ice-cream-conection-sakchi-jamshedpur-363377,"Ice Cream Conection, 18,Kalimati Road, Sakchi, Jamshedpur,Jamshedpur Urban,Purbi Singhbhum,Jharkhand-831001",Menu/363377.json
365286,Nani's Homemade Chocolates,Adityapur,--,Too Few Ratings,₹ 100,Desserts,21119254000226,https://www.swiggy.com/restaurants/nanis-homemade-chocolates-sonari-jamshedpur-365286,"Nani's Homemade Chocolates, 412, Shivalik Apt,Vijaya Heritage, Kadma, Jamshedpur, Mucipality, Purbi Singhbhum (Jharkhand) - 831005",Menu/365286.json
174578,Lalaji,Adityapur,--,Too Few Ratings,₹ 250,Indian,license,https://www.swiggy.com/restaurants/lalaji-ambagan-area-sakchi-jamshedpur-174578,"Lalaji, KRISHNA VILLA, 4TH FLOOR AMBAGAN AREA NEAR DHALBHUM CLUB,SAKCHI,JAMSHEDPUR",Menu/174578.json
207907,Galaxy Sweet & Snacks,Adityapur,3.8,20+ ratings,₹ 150,"Chinese,Snacks",21117060000821,https://www.swiggy.com/restaurants/galaxy-sweet-and-snacks-sakchi-jamshedpur-207907,"Galaxy Sweet & Snacks, Straight Mile Rd, Sakchi, Jamshedpur, Jharkhand 831001, India",Menu/207907.json
480302,BAKING LOVE BY ANITA,Adityapur,--,Too Few Ratings,₹ 100,Bakery,21121253000853,https://www.swiggy.com/restaurants/baking-love-by-anita-bistupur-jamshedpur-480302,"BAKING LOVE BY ANITA, 6th Phase Vijaya Heritage uliyan kadma",Menu/480302.json
229462,THAALI WALA (Pure Veg Thali),Adityapur,3.2,20+ ratings,₹ 199,"Thalis,Indian",21120060000148,https://www.swiggy.com/restaurants/thaali-wala-pure-veg-thali-sakchi-jamshedpur-229462,"THAALI WALA (Pure Veg Thali), 94 A , SNP AREA , SAKCHI",Menu/229462.json
509922,Aqua Fumes,Adityapur,--,Too Few Ratings,₹ 400,"Chinese,Beverages",license,https://www.swiggy.com/restaurants/aqua-fumes-sakchi-jamshedpur-509922,"Aqua Fumes, 2 ND FLOOR, OM PLAZA, SNP AREA, SAKCHI, JAMSHEDPUR",Menu/509922.json
244302,The Food Bowl,Adityapur,--,Too Few Ratings,₹ 200,"Chinese,Continental",21120060000148,https://www.swiggy.com/restaurants/the-food-bowl-sakchi-jamshedpur-244302,"The Food Bowl, 94 A,SNP AREA,SAKCHI",Menu/244302.json
229475,Mad Jack Continental & South Indian,Adityapur,--,Too Few Ratings,₹ 200,"Indian,South Indian",21120060000148,https://www.swiggy.com/restaurants/mad-jack-continental-and-south-indian-sakchi-jamshedpur-229475,"Mad Jack Continental & South Indian, 94 A , SNP AREA ,SAKCHI",Menu/229475.json
417740,3 Peg Restro & Bar,Adityapur,--,Too Few Ratings,₹ 200,"Indian,Chinese",21121254000424,https://www.swiggy.com/restaurants/3-peg-restro-and-bar-sakchi-jamshedpur-417740,"3 Peg Restro & Bar, H.NO 94, WATER WORKS ROAD, SAKCHI,  JAMSHEDPUR, Sakchi, Muncipality, Purbi  Singhbhum, Jharkhand - 831001",Menu/417740.json
388007,Retro Garden,Adityapur,--,Too Few Ratings,₹ 200,"Chinese,North Indian",21121253000079,https://www.swiggy.com/restaurants/retro-garden-sakchi-jamshedpur-388007,"Retro Garden, 94A, SNP AREA , SAKCHI, JAMSHEDPUR -  831001, Kashidih, Jamshedpur, Purbi  Singhbhum, Jharkhand - 831001",Menu/388007.json
300380,BURGER BUDDY,Adityapur,4.2,100+ ratings,₹ 150,"Burgers,Street Food",21120254000188,https://www.swiggy.com/restaurants/burger-buddy-mango-sakchi-jamshedpur-300380,"BURGER BUDDY, KASHIDIH GOLCHAKAR, KALIMATI ROAD, OPPOSITE DEODUTT PALACE, SAKCHI, JAMSHEDPUR",Menu/300380.json
190030,Biryani King,Adityapur,--,Too Few Ratings,₹ 200,"Biryani,North Indian",21119060000175,https://www.swiggy.com/restaurants/biryani-king-sakchi-jamshedpur-190030,"Biryani King, Hotel JIVA, SNP Area, Ambagan, Sakchi, Jamshedpur, Jharkhand, India",Menu/190030.json
180225,Happier,Adityapur,--,Too Few Ratings,₹ 200,"South Indian,North Indian",license,https://www.swiggy.com/restaurants/happier-sakchi-jamshedpur-180225,"Happier, 94 A,SNP AREA,SAKCHI,JAMSHEDPUR-831001",Menu/180225.json
186918,DynaBite,Adityapur,--,Too Few Ratings,₹ 100,"North Indian,South Indian",21120060000148,https://www.swiggy.com/restaurants/dynabite-sakchi-jamshedpur-186918,"DynaBite, Hotel JIVA, SNP Area, Ambagan, Sakchi, Jamshedpur, Jharkhand, India",Menu/186918.json
383698,"Frozen Bottle - Milkshakes, Desserts And Ice Cream",Adityapur,--,Too Few Ratings,₹ 200,"Beverages,Desserts",license,https://www.swiggy.com/restaurants/frozen-bottle-milkshakes-desserts-and-ice-cream-sakchi-jamshedpur-383698,"Frozen Bottle - Milkshakes, Desserts And Ice Cream, 55, RAJENDRA NAGAR,  Purbi Singhbhum, Jharkhand- 831001",Menu/383698.json
365232,Kavya Momos,Adityapur,--,Too Few Ratings,₹ 150,"Street Food,Chinese",21120254000176,https://www.swiggy.com/restaurants/kavya-momos-bistupur-sonari-jamshedpur-365232,"Kavya Momos, Holding no c/842B B/B SONARI KUMHAR PARA NEAR CINEMA MAIDAN, SONARI, JAMSHEDPUR",Menu/365232.json
383695,The Sandwich Co,Adityapur,--,Too Few Ratings,₹ 200,"Snacks,Beverages",license,https://www.swiggy.com/restaurants/the-sandwich-co-sakchi-jamshedpur-383695,"The Sandwich Co, 55, RAJENDRA NAGAR,  Purbi Singhbhum, Jharkhand- 831001",Menu/383695.json
551764,Biryani Blooms,Adityapur,--,Too Few Ratings,₹ 200,"Biryani,Chinese",21122060000161,https://www.swiggy.com/restaurants/biryani-blooms-sonari-jamshedpur-551764,"Biryani Blooms, 490, Ballichela, Sonari, Jamshedpur, Jharkhand 831011, India",Menu/551764.json
546062,VADILAL ICE CREAMS,Adityapur,4.6,50+ ratings,₹ 200,Ice Cream,21122060000196,https://www.swiggy.com/restaurants/vadilal-ice-creams-sakchi-jamshedpur-546062,"VADILAL ICE CREAMS, RAJESH KESHRI-JAMSHEDPUR-33 Kasidih Bustee-LineNo 1, Near Sidhi VinayakMandir, Kasidih, SakchiJamshedpur Urban, PurbiSinghbhum, Jharkhand-831001",Menu/546062.json
193441,Fusion Restaurant,Adityapur,3.9,500+ ratings,₹ 350,"North Indian,Chinese",21119060000545,https://www.swiggy.com/restaurants/fusion-restaurant-sakchi-jamshedpur-193441,"Fusion Restaurant , Sakchi, Jamshedpur, Jharkhand, India",Menu/193441.json
165411,The Height 18,Adityapur,3.0,20+ ratings,₹ 200,"Indian,Chinese",21119083000067,https://www.swiggy.com/restaurants/the-height-18-adityapur-jamshedpur-165411,"The Height 18, MANVEER TREAD CENTER GAMHARIYA, IN FRONT OF TOYATA SHOWROOM",Menu/165411.json
127035,The Villa (Malgudi Station),Adityapur,--,Too Few Ratings,₹ 200,"South Indian,Desserts",21119060000150,https://www.swiggy.com/restaurants/the-villa-malgudi-station-sakchi-jamshedpur-127035,"The Villa (Malgudi Station), 55 RAJENDRA NAGAR, NEAR LIFE LINE HOSPITAL, SAKCHI, JAMSHEDPUR",Menu/127035.json
281294,CHEERS PARATHA,Adityapur,--,Too Few Ratings,₹ 300,"North Indian,Chinese",21120254000091,https://www.swiggy.com/restaurants/cheers-paratha-sakchi-jamshedpur-281294,"CHEERS PARATHA, 2ND FLOOR 55 RAJENDRA NAGAR SAKCHI , Muncipality, Purbi Singhbhum",Menu/281294.json
383696,The Bun Factory,Adityapur,--,Too Few Ratings,₹ 200,"Snacks,Beverages",license,https://www.swiggy.com/restaurants/the-bun-factory-sakchi-jamshedpur-383696,"The Bun Factory, 55, RAJENDRA NAGAR,  Purbi Singhbhum, Jharkhand- 831001",Menu/383696.json
383699,Coffee House,Adityapur,--,Too Few Ratings,₹ 150,"Beverages,Snacks",license,https://www.swiggy.com/restaurants/coffee-house-sakchi-jamshedpur-383699,"Coffee House, 55, RAJENDRA NAGAR,  Purbi Singhbhum, Jharkhand- 831001",Menu/383699.json
406415,Ande Ka Funda,Adityapur,--,Too Few Ratings,₹ 199,Snacks,21121254000342,https://www.swiggy.com/restaurants/ande-ka-funda-sakchi-jamshedpur-406415,"Ande Ka Funda, 55, RAJENDRA NAGAR , , Sakchi,  Muncipality, Purbi Singhbhum, Jharkhand  - 831001",Menu/406415.json
400606,Dosa Cafe (Hotel Ganga Regency),Adityapur,4.5,100+ ratings,₹ 199,South Indian,21121060000635,https://www.swiggy.com/restaurants/dosa-cafe-hotel-ganga-regency-sakchi-jamshedpur-400606,"Dosa Cafe (Hotel Ganga Regency), 171, KASIDIH NEWLAYOUT, SAKCHI, Sakchi,  Jamshedpur Urban, Purbi Singhbhum,  Jharkhand - 831001",Menu/400606.json
127034,Hotel Ganga Regency,Adityapur,4.2,1K+ ratings,₹ 399,"Indian,Chinese",11119006000202,https://www.swiggy.com/restaurants/hotel-ganga-regency-sakchi-jamshedpur-127034,"Hotel Ganga Regency, 171, NEW BARADWARI, SAKCHI, JAMSHEDPUR",Menu/127034.json
496555,BASANT PARCEL,Adityapur,3.6,20+ ratings,₹ 100,"North Indian,Chinese",21121253000159,https://www.swiggy.com/restaurants/basant-parcel-bistupur-jamshedpur-496555,"BASANT PARCEL, DIPIKA COMPLEX,GAINTADIH, KARANDIH MAIN ROAD JUGSALAI",Menu/496555.json
368710,MURARI BHOJANALAY,Adityapur,4.1,100+ ratings,₹ 199,Indian,21120060000243,https://www.swiggy.com/restaurants/murari-bhojanalay-sakchi-jamshedpur-368710,"MURARI BHOJANALAY, H No-1126,New Baradwari,Kumharpara,Sakchi,Jamshedpur,Sakchi,Jamshedpur Urban,Purbi Singhbhum,Jharkhand-831001",Menu/368710.json
302166,PIZZA 99,Adityapur,3.5,20+ ratings,₹ 200,"Pizzas,Burgers",21120254000188,https://www.swiggy.com/restaurants/pizza-99-mango-sakchi-jamshedpur-302166,"PIZZA 99, KASHIDIH GOLCHAKAR, KALIMATI ROAD, OPPOSITE DEODUTT PALACE, SAKCHI, JAMSHEDPUR",Menu/302166.json
116271,New Gangour Sweets (sakchi),Adityapur,4.2,50+ ratings,₹ 199,"Sweets,Snacks",21118060000363,https://www.swiggy.com/restaurants/new-gangour-sweets-sakchi-sakchi-jamshedpur-116271,"New Gangour Sweets (sakchi), Hirasingh Bagan Kalimati Road, Sakchi, Jamshedpur",Menu/116271.json
332173,WOK (Hotel Ganga Regency),Adityapur,3.8,50+ ratings,₹ 400,"Chinese,Continental",license,https://www.swiggy.com/restaurants/wok-hotel-ganga-regency-sakchi-jamshedpur-332173,"WOK (Hotel Ganga Regency), HOTEL GANGA REGENCY, BARADWARI, BEHIND APPEX HOSPITAL, SAKCHI, JAMSHEDPUR",Menu/332173.json
512784,The Horizon Eatery,Adityapur,--,Too Few Ratings,₹ 299,"Chinese,Mughlai",license,https://www.swiggy.com/restaurants/the-horizon-eatery-sakchi-jamshedpur-512784,"The Horizon Eatery, 113, STAIGHT MILE ROAD, KASIDIH, JAMSHEDPUR - 831001",Menu/512784.json
394530,AM 2 PM  Foods,Adityapur,--,Too Few Ratings,₹ 200,"Indian,North Indian",21122254000314,https://www.swiggy.com/restaurants/am-2-pm-foods-adityapur-sonari-jamshedpur-394530,"AM 2 PM  Foods, C/O SUBHAM KUMAR SINGH, 371 B  BLOCK, OLD C P CLUB, JAMSHEDPUR,  SONARI, EAST SINGHBHUM, Sonari,  Muncipality, Purbi Singhbhum, Jharkhand  - 831011",Menu/394530.json
385163,Junction Pure Veg Fast Food,Adityapur,3.8,20+ ratings,₹ 200,"Street Food,Chinese",21121254000259,https://www.swiggy.com/restaurants/junction-pure-veg-fast-food-sakchi-jamshedpur-385163,"Junction Pure Veg Fast Food, H NO 69 FALT NO 1 /2 FAST FLOOR SAKCHI  SITARAMDERA BIHAND SITARAMDERA  PULL, Sakchi, Muncipality, Purbi  Singhbhum, Jharkhand - 831001",Menu/385163.json
414910,DOSA JUNCTION,Adityapur,3.1,20+ ratings,₹ 150,South Indian,21121254000437,https://www.swiggy.com/restaurants/dosa-junction-sakchi-jamshedpur-414910,"DOSA JUNCTION, H NO 69, FLAT NO 1 /2, FIRST FLOOR,  SAKCHI, SITARAMDERA, BEHIND  SITARAMDERA PULL, Sakchi, Muncipality,  Purbi Singhbhum, Jharkhand - 831009",Menu/414910.json
437594,Lal's Fast Food,Adityapur,--,Too Few Ratings,₹ 200,"Indian,Chinese",21121253000244,https://www.swiggy.com/restaurants/lals-fast-food-sakchi-jamshedpur-437594,"Lal's Fast Food, 201, KASHIDIH LINE, NO. 6, KASHIDIH, JAMSHEDPUR, PURBI SINGHBHUM, JHARKHAND - 831001",Menu/437594.json
367523,The Cake House,Adityapur,4.5,20+ ratings,₹ 399,Bakery,21120253000336,https://www.swiggy.com/restaurants/the-cake-house-sakchi-jamshedpur-367523,"The Cake House, House No-57,Kishori Nagar,Hume Pipe,Near New Civil court,Bagalgora,Jamshedpur,Purbi Singhbhum,Jharkhand-831001",Menu/367523.json
370137,Kanchan Egg Roll,Adityapur,3.8,20+ ratings,₹ 150,"Chinese,Snacks",21120060000007,https://www.swiggy.com/restaurants/kanchan-egg-roll-sakchi-mango-jamshedpur-370137,"Kanchan Egg Roll, Chandi Nagar, Near MGM Hospital, Main Road,Sakchi Jsr,Jamshedpur Urban,Purbi Singhbhum,Jharkhand-831001",Menu/370137.json
530618,PUJA SWEETS BHALUBASA,Adityapur,4.6,50+ ratings,₹ 100,"Bengali,Sweets",21119060000274,https://www.swiggy.com/restaurants/puja-sweets-bhalubasa-sakchi-jamshedpur-530618,"PUJA SWEETS BHALUBASA, SAI JAMBU TOWER BHALUBASA JAMSHEDPUR",Menu/530618.json
484451,Angaara (Hotel Ganga Regency),Adityapur,--,Too Few Ratings,₹ 299,"Tandoor,Biryani",21122060000079,https://www.swiggy.com/restaurants/angaara-hotel-ganga-regency-sakchi-jamshedpur-484451,"Angaara (Hotel Ganga Regency), 171, KASHIDIH NEWLAYOUT, SAKCHI,  JAMSHEDPUR, Sakchi, Jamshedpur Urban,  Purbi Singhbhum, Jharkhand - 831001",Menu/484451.json
472498,The Tinkoniya Restaurant,Adityapur,--,Too Few Ratings,₹ 200,"Fast Food,Indian",21122254000056,https://www.swiggy.com/restaurants/the-tinkoniya-restaurant-sakchi-jamshedpur-472498,"The Tinkoniya Restaurant, 69 KASHDI, SAKCHI, Muncipality,  Purbi Singhbhum, , Jharkhand,  831001",Menu/472498.json
381376,BANARSI PAAN BHANDHAR,Adityapur,--,Too Few Ratings,₹ 150,Paan,21122254000213,https://www.swiggy.com/restaurants/banarsi-paan-bhandhar-sakchi-jamshedpur-381376,"BANARSI PAAN BHANDHAR, 69, SITARAMDERA NEW LAYOUT JAMSHEDPUR,  Purbi Singhbhum, Jharkhand- 831009",Menu/381376.json
423682,Nilesh Litti,Adityapur,--,Too Few Ratings,₹ 150,"Bihari,North Indian",21121060000662,https://www.swiggy.com/restaurants/nilesh-litti-sakchi-jamshedpur-423682,"Nilesh Litti, Kalimati Road, Sakchi, sakchi, Jamshedpur Urban, Purbi Singhbhum, Jharkhand-831001",Menu/423682.json
472852,BRINDAVAN SWEETS,Adityapur,--,Too Few Ratings,₹ 100,Street Food,11121006000046,https://www.swiggy.com/restaurants/brindavan-sweets-bistupur-jamshedpur-472852,"BRINDAVAN SWEETS, SHOP NO.2,LINE NO-14,BISTUPUR MARKET,JAMSHEDPUR, PURBI SINGHBHUM,JHARKHAND-831001",Menu/472852.json
109260,Pipal,Adityapur,3.9,100+ ratings,₹ 300,"Indian,Chinese",21119060000232,https://www.swiggy.com/restaurants/pipal-sakchi-jamshedpur-109260,"Pipal, Beside Bihar Motors, New Kalimati Road, Sakchi, Jamshedpur",Menu/109260.json
110560,79 Restro Bar,Adityapur,--,Too Few Ratings,₹ 399,"Indian,Chinese",11118006000010,https://www.swiggy.com/restaurants/79-restro-bar-sakchi-jamshedpur-110560,"79 Restro Bar, Hemsingh Bagan Kalimati Road, Sakchi, Jamshedpur",Menu/110560.json
518550,U Turn Restaurant,Adityapur,--,Too Few Ratings,₹ 300,"North Indian,Chinese",21121253000608,https://www.swiggy.com/restaurants/u-turn-restaurant-sonari-jamshedpur-518550,"U Turn Restaurant, House No-37, Ramnagar Road No-6/B, Kadma, Near Shiv Mandir , Marine Drive Jamshedpur East Singhbhum Jharkhand-831005, Kadma, Jamshedpur, Purbi Singhbhum, Jharkhand - 831005",Menu/518550.json
568511,Kaveri Bakery,Adityapur,--,Too Few Ratings,₹ 200,"North Indian,Chinese",21119254000099,https://www.swiggy.com/restaurants/kaveri-bakery-sonari-jamshedpur-568511,"Kaveri Bakery, Flat No B/3, Swapna Complex, Phase 2,\\\\\\\\\\\\\\\\r\\\\\\\\\\\\\\\\nRoad No 6, Ramnagar, Sonari, Sonari,",Menu/568511.json
369083,The Lajij ( Champaran Meat House ),Adityapur,3.6,20+ ratings,₹ 200,"North Indian,Chinese",21121253000286,https://www.swiggy.com/restaurants/the-lajij-champaran-meat-house-mango-sakchi-jamshedpur-369083,"The Lajij ( Champaran Meat House ), Shop No.1, Hume Pipe, New civil court,Gate no 2, Bhuyadih, Jamshedpur",Menu/369083.json
109771,Anandam,Adityapur,4.4,20+ ratings,₹ 150,"South Indian,North Indian",21119060000231,https://www.swiggy.com/restaurants/anandam-sakchi-bhalubasa-jamshedpur-109771,"Anandam, Bhalubasa,Jambu akhara, Chauhan Complex, Sakchi, Jamshedpur",Menu/109771.json
492183,CHAMPARAN MEAT HOUSE,Adityapur,--,Too Few Ratings,₹ 300,North Indian,license,https://www.swiggy.com/restaurants/champaran-meat-house-sakchi-jamshedpur-492183,"CHAMPARAN MEAT HOUSE, SHOP NO 1, HUME PIPE SAKCHI , JAMSHEDPUR URBAN , PURBI SINGHBHUM , JHARKHAND -831001",Menu/492183.json
152803,Zing,Adityapur,--,Too Few Ratings,₹ 350,"Italian,Mughlai",11114006000687,https://www.swiggy.com/restaurants/zing-telco-sakchi-jamshedpur-152803,"Zing, THE GOLDEN IRIS, GOLMURI, JAMSHEDPUR",Menu/152803.json
164125,7th Heaven Bar and Restaurant,Adityapur,3.9,20+ ratings,₹ 250,"Chinese,Indian",11118006000074,https://www.swiggy.com/restaurants/7th-heaven-bar-and-restaurant-sonari-jamshedpur-164125,"7th Heaven Bar and Restaurant, B BLOCK , NEAR AERODRAM MARKET, DISPENSARY ROAD, SONARI",Menu/164125.json
350307,PARATHA NATION,Adityapur,3.5,20+ ratings,₹ 200,"Indian,North Indian",21121254000030,https://www.swiggy.com/restaurants/paratha-nation-sonari-jamshedpur-350307,"PARATHA NATION, 17 AADARSH NAGAR EAST SONARI, NEAR - NARAYAN COMPLEX, SONARI, MUNICIPALITY, PURBI SINGHBHUM, JHARKHAND - 831001",Menu/350307.json
502166,The Chinese Monk,Adityapur,4.1,20+ ratings,₹ 200,Chinese,21121060000037,https://www.swiggy.com/restaurants/the-chinese-monk-sonari-jamshedpur-502166,"The Chinese Monk, 543, Sonari West Layout, Sonari (Kagalnagar), Jamshedpu",Menu/502166.json
531799,FOODS HUB,Adityapur,--,Too Few Ratings,₹ 100,"North Indian,Indian",21122060000110,https://www.swiggy.com/restaurants/foods-hub-sonari-jamshedpur-531799,"FOODS HUB, SONARI KAGALNAGR SONARI",Menu/531799.json
380534,OM SAI RAM MOMOS,Adityapur,4.1,100+ ratings,₹ 100,"Nepalese,Tibetan",21118060000291,https://www.swiggy.com/restaurants/om-sai-ram-momos-telco-jamshedpur-380534,"OM SAI RAM MOMOS, Singh Petrol Pump, Near golmuri Bajrang Bali Mandir, Golmuri, jamshedpur - 831003",Menu/380534.json
394135,Meera Tiffin Service,Adityapur,3.9,20+ ratings,₹ 200,"North Indian,Lucknowi",21121253000475,https://www.swiggy.com/restaurants/meera-tiffin-service-telco-jamshedpur-394135,"Meera Tiffin Service, 24, NEAR GURUDWARA, TUILADUNGRI, A BLOCK GOLMURI, GOLMURI, JAMSHEDPUR, PURBI SINGHBHUM, JHARKHAND - 8310013",Menu/394135.json
153648,Bakery House,Adityapur,--,Too Few Ratings,₹ 200,Bakery,21118060000483,https://www.swiggy.com/restaurants/bakery-house-sakchi-jamshedpur-153648,"Bakery House, NEAR HANUMAN MANDIR, MAIN ROAD, BALUBASA , SAKCHI, JAMSHEDPUR",Menu/153648.json
556855,Meera's Momo,Adityapur,--,Too Few Ratings,₹ 100,Chinese,21122060000076,https://www.swiggy.com/restaurants/meeras-momo-telco-jamshedpur-556855,"Meera's Momo, 356, Tuiladungri, Golmuri, Jamshedpur, Jharkhand 831003, India",Menu/556855.json
489107,Roti Mahal 151 Paratha's,Adityapur,--,Too Few Ratings,₹ 200,"North Indian,Indian",21122060000090,https://www.swiggy.com/restaurants/roti-mahal-151-parathas-telco-jamshedpur-489107,"Roti Mahal 151 Paratha's, Hno.329, Lno.21, Block-A, Tuiladungri, Golmuri, Jamshedpur, Jharkhand 831003, India",Menu/489107.json
569383,Samosa Gully,Adityapur,--,Too Few Ratings,₹ 149,Snacks,11121006000153,https://www.swiggy.com/restaurants/samosa-gully-sonari-jamshedpur-569383,"Samosa Gully, Shop No 2,3,4 Hno14, A Block , Kagalnagar  near Hotel Satguru, Jamshedpur Urban, Purbi  Singhbhum, Jharkhand-831011",Menu/569383.json
531219,Baking Bond (Sonari),Adityapur,--,Too Few Ratings,₹ 300,"Bakery,Desserts",11121006000133,https://www.swiggy.com/restaurants/baking-bond-sonari-sonari-jamshedpur-531219,"Baking Bond (Sonari), SHOP NO.23, KAGALNAGAR  MARKET,SONARI,JAMSHEDPUR, Jamshedpur,  Purbi Singhbhum, Jharkhand-831011",Menu/531219.json
500770,LALAJI KA DOSA CAFE & CUISINE,Adityapur,--,Too Few Ratings,₹ 100,South Indian,21121243000215,https://www.swiggy.com/restaurants/lalaji-ka-dosa-cafe-and-cuisine-sonari-jamshedpur-500770,"LALAJI KA DOSA CAFE & CUISINE, WARD NO 01 , NEAR C ROAD , SONARI WEST LAYOUT, Karandih, Jamshedpur",Menu/500770.json
553063,Grill Inn,Adityapur,--,Too Few Ratings,₹ 399,"Fast Food,Pizzas",21122254000214,https://www.swiggy.com/restaurants/grill-inn-sonari-jamshedpur-553063,"Grill Inn, GROUND FLOOR, PLOT NO 443 KHATA NO  38 RIDDHI SIDDHI BHAWAN SONARI,  Sonari, Muncipality, Purbi Singhbhum,  Jharkhand - 831011",Menu/553063.json
237779,Mithila Sweets and Bakery,Adityapur,4.2,50+ ratings,₹ 299,"Sweets,Snacks",21120253000206,https://www.swiggy.com/restaurants/mithila-sweets-and-bakery-sakchi-jamshedpur-237779,"Mithila Sweets and Bakery, 00384,BHALUBASA BASTI ,AGRICO",Menu/237779.json
442389,MADFEAST,Adityapur,--,Too Few Ratings,₹ 200,"Chinese,Indian",21121254000233,https://www.swiggy.com/restaurants/madfeast-sonari-jamshedpur-442389,"MADFEAST, 3RD FLOOR, E/532, A BLOCK, EAST LAYOUT, SONARI, Sonari, Muncipality, Purbi Singhbhum, Jharkhand - 831011",Menu/442389.json
547753,Momo's Villa,Adityapur,--,Too Few Ratings,₹ 120,"Chinese,Desserts",21122060000213,https://www.swiggy.com/restaurants/momos-villa-sonari-jamshedpur-547753,"Momo's Villa, kagalnagar park, Near Sri Sai flower  oppositemain road sonari 831011 , Sonari  (Kagalnagar) , Jamshedpur Urban, Purbi  Singhbhum, Jharkhand-831011",Menu/547753.json
166205,Anurag Fast Food Centre,Adityapur,4.1,50+ ratings,₹ 150,"Chinese,Fast Food",license,https://www.swiggy.com/restaurants/anurag-fast-food-centre-telco-jamshedpur-166205,"Anurag Fast Food Centre, Manfit more, telco jamshedpur",Menu/166205.json
173008,Crush!!,Adityapur,--,Too Few Ratings,₹ 150,Fast Food,21121067000031,https://www.swiggy.com/restaurants/crush-bridge-mango-jamshedpur-173008,"Crush!!, BHARAT PETROLIUM PUMP, MANGO MAIN ROAD MANGO BRIDGE JAMSHEDPUR",Menu/173008.json
361206,GRAPES GEL HOMEMADE BAKERY.,Adityapur,--,Too Few Ratings,₹ 200,Bakery,21121253000036,https://www.swiggy.com/restaurants/grapes-gel-homemade-bakery-telco-sakchi-jamshedpur-361206,"GRAPES GEL HOMEMADE BAKERY., H/ NO 596 OLD SITARAMDERA,  Sitaramdera, Jamshedpur, Purbi  Singhbhum, Jharkhand-831009",Menu/361206.json
153653,Shri Hira Sweets,Adityapur,4.4,100+ ratings,₹ 150,"Sweets,Snacks",21117060000660,https://www.swiggy.com/restaurants/shri-hira-sweets-telco-jamshedpur-153653,"Shri Hira Sweets, shop no. 1, hotel line, golmuri market, jamshedpur",Menu/153653.json
279448,KHALSA HOTEL,Adityapur,4.1,100+ ratings,₹ 399,"Indian,North Indian",11118006000170,https://www.swiggy.com/restaurants/khalsa-hotel-telco-jamshedpur-279448,"KHALSA HOTEL, HINDU BASTEE, GOLMURI, JAMSHEDPUR, EAST SINGHBHUM, JHARKHAND, 831003",Menu/279448.json
493220,Green Burst,Adityapur,4.0,20+ ratings,₹ 290,"North Indian,Biryani",21122254000064,https://www.swiggy.com/restaurants/green-burst-sonari-jamshedpur-493220,"Green Burst, 160, Rd No 5, West Layout, Sonari, Jamshedpur, Jharkhand 831011, India",Menu/493220.json
124383,The Basement,Adityapur,4.2,100+ ratings,₹ 300,"Indian,Tandoor",21118200000000,https://www.swiggy.com/restaurants/the-basement-sonari-jamshedpur-124383,"The Basement, C-ROAD,WEST LAYOUT,SONARI, JAMSHEDPUR",Menu/124383.json
555105,Yummy Khichdi,Adityapur,--,Too Few Ratings,₹ 400,"Indian,Bengali",11122006000104,https://www.swiggy.com/restaurants/yummy-khichdi-sonari-jamshedpur-555105,"Yummy Khichdi, Pandey Compound, ""G"" Road, West Layout, Near Krishna Tower, Sonari, Jamshedpur, Purbi Singhbhum, Jharkhand-831011",Menu/555105.json
326486,QUEST REGENCY,Adityapur,4.0,1K+ ratings,₹ 400,"Indian,Biryani",21120060000073,https://www.swiggy.com/restaurants/quest-regency-telco-jamshedpur-326486,"QUEST REGENCY, MAIN ROAD GOLMURI, OPPOSITE HOTEL BISTON, GOLMURI, JAMSHEDPUR",Menu/326486.json
520872,HOTEL THE AVENUE,Adityapur,--,Too Few Ratings,₹ 300,"Chinese,Indian",21119272000019,https://www.swiggy.com/restaurants/hotel-the-avenue-adityapur-jamshedpur-520872,"HOTEL THE AVENUE, AMRAT COMPLEX TATA KANDRA MAIN ROAD GAMAHRIA P/O GAMAHRIA , NAGAR NIGAM (ADITYAPUR), Saralikela, Jharkhand-832108",Menu/520872.json
530620,PUJA SWEETS  MANGO,Adityapur,--,Too Few Ratings,₹ 100,Sweets,21119060000275,https://www.swiggy.com/restaurants/puja-sweets-mango-mango-jamshedpur-530620,"PUJA SWEETS  MANGO, MAIN ROAD NEAR GURUDWARA ROAD MANGO",Menu/530620.json
479984,Chakh-Naa,Adityapur,3.9,100+ ratings,₹ 200,Chinese,21122060000011,https://www.swiggy.com/restaurants/chakh-naa-sonari-jamshedpur-479984,"Chakh-Naa, Kunj Nagar, Adarsh Nagar, Sonari, Jamshedpur, Jharkhand 831011, India",Menu/479984.json
152804,The Satkar Hotel,Adityapur,4.0,100+ ratings,₹ 200,"Indian,Chinese",11116006000194,https://www.swiggy.com/restaurants/the-satkar-hotel-telco-jamshedpur-152804,"The Satkar Hotel, SHOP NO 4, HOTEL LINE, GOLMURI MARKET, GOLMURI,JAMSHEDPUR",Menu/152804.json
432868,Royal Max Bakery,Adityapur,3.9,20+ ratings,₹ 200,Bakery,21121060000870,https://www.swiggy.com/restaurants/royal-max-bakery-telco-jamshedpur-432868,"Royal Max Bakery, SHOP NO. 5, H NO. 1, MANORAMA COMPLEX, GOLMURI, JAMSHEDPUR, GOLMURI, JAMSHEDPUR URBAN, PURBI SINGHBHUM, JHARKHAND - 831003",Menu/432868.json
424993,Hideaway cafe,Adityapur,--,Too Few Ratings,₹ 300,Salads,21121243000198,https://www.swiggy.com/restaurants/hideaway-cafe-sonari-jamshedpur-424993,"Hideaway cafe, E-251, A Block, Sonari Town, Sonari, Jamshedpur, Jharkhand 831011, India",Menu/424993.json
300432,Reena's Kitchen,Adityapur,--,Too Few Ratings,₹ 200,Chinese,21120060000025,https://www.swiggy.com/restaurants/reenas-kitchen-sakchi-jamshedpur-300432,"Reena's Kitchen, 19/B, LAKRI TALBHUIYANDIH, P.O. AGRICO P.S. SITARAMDERA, JAMSHEDPUR URBAN, PURBI SINGHNHUM (JHARKHAND)- 831009",Menu/300432.json
532330,Priya Chinese Fast Food,Adityapur,--,Too Few Ratings,₹ 100,Chinese,license,https://www.swiggy.com/restaurants/priya-chinese-fast-food-sakchi-jamshedpur-532330,"Priya Chinese Fast Food, sidghora near town  office,Sitaramdera,Jamshedpur,  Muncipality, Purbi Singhbhum, ,  Jharkhand",Menu/532330.json
256769,SHER - E- PUNJAB,Adityapur,3.9,20+ ratings,₹ 200,"Chinese,North Indian",license,https://www.swiggy.com/restaurants/sher-e-punjab-telco-jamshedpur-256769,"SHER - E- PUNJAB, SHOP NO 00F- 36, GOLMURI, JAMSHEDPUR",Menu/256769.json
559895,The Asian Wok,Adityapur,--,Too Few Ratings,₹ 400,"Chinese,Biryani",license,https://www.swiggy.com/restaurants/the-asian-wok-telco-jamshedpur-559895,"The Asian Wok, 0023 SHOP HOLDING, GOLMURI  MARKET, JAMSHEDPUR - 831003,  Golmuri, Jamshedpur Urban, Purbi  Singhbhum, Jharkhand - 831003,  Jamshedpur, Purbi Singhbhum, ,  Jharkhand, 831003",Menu/559895.json
251915,SCRATCH,Adityapur,3.9,20+ ratings,₹ 400,"Chinese,Continental",11121006000012,https://www.swiggy.com/restaurants/scratch-sonari-jamshedpur-251915,"SCRATCH, PLOT 75 (P),WARD 1 JNAC,MARINE DRIVE,SONARI,JAMSHEDPUR",Menu/251915.json
134577,Up 'n' above,Adityapur,4.0,50+ ratings,₹ 599,"Indian,Chinese",11119006000193,https://www.swiggy.com/restaurants/up-n-above-sonari-jamshedpur-134577,"Up 'n' above, UNIT-1 ,4TH FLOOR ,BINDAL MALL,MARINE DRIVE,SONARI,JAMSHEDPUR",Menu/134577.json
523072,Indian-chinese  corner,Adityapur,--,Too Few Ratings,₹ 200,"North Indian,Chinese",21122060000104,https://www.swiggy.com/restaurants/indian-chinese-corner-sonari-jamshedpur-523072,"Indian-chinese  corner, 1, Sadbhawana Path, Kunj Nagar, Adarsh Nagar, Sonari, Jamshedpur, Jharkhand 831011, India",Menu/523072.json
476268,Oregano,Adityapur,--,Too Few Ratings,₹ 200,Snacks,21122254000058,https://www.swiggy.com/restaurants/oregano-sonari-jamshedpur-476268,"Oregano, MARINE DRIVE DOHMUHANI  SONARI, Muncipality, Purbi  Singhbhum, , Jharkhand, 831011",Menu/476268.json
412598,Banjara,Adityapur,--,Too Few Ratings,₹ 400,"Continental,Indian",license,https://www.swiggy.com/restaurants/banjara-sonari-jamshedpur-412598,"Banjara, SHOP NO. 18G, 19G and 20G,  Ground Floor, Bindal Mall, Marine  Drive Road, Sonari, P.O. & P.S.  Sonari, Jamshepdur, Jamshedpur  Urban, Purbi Singhbhum,  Jharkhand, 831011",Menu/412598.json
452854,PURVI'S KITCHEN,Adityapur,--,Too Few Ratings,₹ 150,"Chinese,Snacks",21121254000480,https://www.swiggy.com/restaurants/purvis-kitchen-sonari-jamshedpur-452854,"PURVI'S KITCHEN, F ROAD, WEST LAYOUT, SONARI, Sonari, Muncipality, Purbi Singhbhum, Jharkhand - 831011",Menu/452854.json
354044,Sri Ganesh Momo,Adityapur,--,Too Few Ratings,₹ 150,"Street Food,Chinese",license,https://www.swiggy.com/restaurants/sri-ganesh-momo-sakchi-jamshedpur-354044,"Sri Ganesh Momo, AGRICO TRANSPORT MAIDAN, Agrico, Jamshedpur, Purbi Singhbhum, Jharkhand, 831009",Menu/354044.json
553046,DHARMADAS,Adityapur,--,Too Few Ratings,₹ 200,"Chinese,Snacks",21122253000342,https://www.swiggy.com/restaurants/dharmadas-telco-jamshedpur-553046,"DHARMADAS, SHOP HOLDING NO. 12, GOLMURI  MARKET,, Golmuri, Jamshedpur, Purbi  Singhbhum, Jharkhand - 831003",Menu/553046.json
288425,Saraswati sweets and kitchen,Adityapur,--,Too Few Ratings,₹ 150,"Indian,South Indian",21121213000107,https://www.swiggy.com/restaurants/saraswati-sweets-and-kitchen-sakchi-jamshedpur-288425," Saraswati sweets and kitchen, 22/19, Patel Nagar, Bhuiyadih, Bhalubasa, Jamshedpur, Jharkhand 831009, India",Menu/288425.json
481576,Golmuri Mistan Bhandar,Adityapur,3.8,20+ ratings,₹ 100,"Sweets,Snacks",21118060001071,https://www.swiggy.com/restaurants/golmuri-mistan-bhandar-telco-jamshedpur-481576,"Golmuri Mistan Bhandar, Shop no 2 golmuri market",Menu/481576.json
368664,THE SPICY KITCHEN,Adityapur,--,Too Few Ratings,₹ 200,"Chinese,Indian",21120253000419,https://www.swiggy.com/restaurants/the-spicy-kitchen-telco-jamshedpur-368664,"THE SPICY KITCHEN, SHOP NO. 1, MADHUSUDAN MADHUR JIWAN, NILDIH ROAD, NEAR DVC SUB STATION, NAMDA  BASTI, PO. GOLMURI, GOLMURI, JAMSHEDPUR, PURBI SINGHBHUM, JHARKHAND - 831003",Menu/368664.json
532732,The South Indian Dish,Adityapur,--,Too Few Ratings,₹ 150,South Indian,21122060000145,https://www.swiggy.com/restaurants/the-south-indian-dish-telco-jamshedpur-532732,"The South Indian Dish, HNO - 2, ROAD NO. - 8, SIDHGORA, JAMSHEDPUR UARBAN, PURBI SINGHBHUM,JHARKHAND - 831003",Menu/532732.json
404666,Food From Home,Adityapur,3.9,20+ ratings,₹ 199,"Indian,Thalis",21121253000447,https://www.swiggy.com/restaurants/food-from-home-sonari-jamshedpur-404666,"Food From Home, Flat No 2/Fg Pratap Towers, Road Number 7 Extension Sonari Jamshedpur, Rd Number 7 Ext, Adarsh Nagar, Sonari, Jamshedpur, Jharkhand 831011, Jamshedpur, Purbi Singhbhum, Jharkhand, 831011",Menu/404666.json
143559,NEW GANGOUR SWEETS (Mango),Adityapur,4.0,50+ ratings,₹ 200,Sweets,11118006000182,https://www.swiggy.com/restaurants/new-gangour-sweets-mango-mango-jamshedpur-143559,"NEW GANGOUR SWEETS (Mango), OLD PURULIA ROAD,NEAR PAYAL CINEMA,MANGO",Menu/143559.json
183499,The Crickets Cafe,Adityapur,4.0,100+ ratings,₹ 300,"Indian,Chinese",license,https://www.swiggy.com/restaurants/the-crickets-cafe-sakchi-sonari-jamshedpur-183499,"The Crickets Cafe, sai kripa appartment, ground floor, river meet road, Sonari, Jamshedpur - 831011",Menu/183499.json
395982,Delhi Darbar ( Mango ),Adityapur,3.5,20+ ratings,₹ 200,"Biryani,Tandoor",21121254000212,https://www.swiggy.com/restaurants/delhi-darbar-mango-mango-jamshedpur-395982,"Delhi Darbar ( Mango ), 1 , GROUND FLOOR , SARKAR BUILDING,  OLD PURULIA RD, SAKCHI, Sakchi,  Muncipality, Purbi Singhbhum, Jharkhand  - 831001",Menu/395982.json
569289,Balaji Tiffin ( Sunshine Enterprises),Adityapur,--,Too Few Ratings,₹ 100,South Indian,21119243000030,https://www.swiggy.com/restaurants/balaji-tiffin-sunshine-enterprises-bistupur-jamshedpur-569289,"Balaji Tiffin ( Sunshine Enterprises), Sharma tola supudera near newshiv mandir parsudih",Menu/569289.json
419787,WOW CHINESE FAST FOOD,Adityapur,--,Too Few Ratings,₹ 250,"Chinese,Fast Food",21120254000369,https://www.swiggy.com/restaurants/wow-chinese-fast-food-mango-jamshedpur-419787,"WOW CHINESE FAST FOOD, HOUSE NO 35, POST OFFICE ROAD , MANGO, JAMSHEDPUR MUNICIPALITY, PURBI SINGHBHUM, (JHARKHAND)-831012",Menu/419787.json
419687,Waff & Crisp,Adityapur,--,Too Few Ratings,₹ 200,Beverages,21121060000838,https://www.swiggy.com/restaurants/waff-and-crisp-mango-jamshedpur-419687,"Waff & Crisp, Baikunth Nagar Road No-4/E Post Office Road, Mango,Sakchi, Jamshedpur Urban,Purbi SInghbhum,Jharkhand-831012",Menu/419687.json
249645,HOTEL DS INTERNATIONAL,Adityapur,4.0,20+ ratings,₹ 300,"North Indian,Chinese",21119253000143,https://www.swiggy.com/restaurants/hotel-ds-international-mango-jamshedpur-249645,"HOTEL DS INTERNATIONAL, DIMNA ROAD, ABOVE CITY STYLE, MANGO, JAMSHEDPUR",Menu/249645.json
332479,Hungry Kya,Adityapur,4.3,100+ ratings,₹ 200,"Biryani,North Indian",license,https://www.swiggy.com/restaurants/hungry-kya-mango-jamshedpur-332479,"Hungry Kya, Kamla Sadan, 6, Subhash Colony, Diman Road, Mango, Jamshedpur, Jharkhand 831012, India",Menu/332479.json
415635,Pure Veg Rasoi,Adityapur,3.6,50+ ratings,₹ 50,Snacks,21121253000874,https://www.swiggy.com/restaurants/pure-veg-rasoi-sakchi-telco-jamshedpur-415635,"Pure Veg Rasoi, 44, Sindhu Rd, 10 Number Basti, Tin Plate Basti, Jamshedpur, Jharkhand 831003, India",Menu/415635.json
479113,BLUE CUP CAKE,Adityapur,--,Too Few Ratings,₹ 100,Chinese,21121254000332,https://www.swiggy.com/restaurants/blue-cup-cake-telco-jamshedpur-479113,"BLUE CUP CAKE, 6 OLD SITARAMDERA POST AGRICO, Agrico, M",Menu/479113.json
410836,Kebab Factory,Adityapur,3.6,20+ ratings,₹ 200,"Tandoor,Indian",21121254000345,https://www.swiggy.com/restaurants/kebab-factory-mango-jamshedpur-410836,"Kebab Factory, KAMLA SADAN, 3RD FLOOR, H. NO.: 6,  SUBHASH COLONY, DIMNA ROAD,  MANGO, Mango Municipality Word Nos 8,  Muncipality, Purbi Singhbhum, Jharkhand  - 831012",Menu/410836.json
476276,Dawat,Adityapur,--,Too Few Ratings,₹ 200,"Chinese,North Indian",license,https://www.swiggy.com/restaurants/dawat-sonari-jamshedpur-476276,"Dawat, MARINE DRIVE DOHMUHANI  SONARI, Muncipality, Purbi  Singhbhum, , Jharkhand, 831011",Menu/476276.json
385489,Tube Makers Club,Adityapur,--,Too Few Ratings,₹ 200,"Biryani,Chinese",11117006000148,https://www.swiggy.com/restaurants/tube-makers-club-telco-jamshedpur-385489,"Tube Makers Club, Namdih Road,Nildih Golmuri,Jamshedpur,Jamshedpur Urban,Purbi SInghbhum,Jharkhand-831003",Menu/385489.json
305454,THE CHINESE POINT,Adityapur,--,Too Few Ratings,₹ 200,Chinese,21121254000188,https://www.swiggy.com/restaurants/the-chinese-point-mango-jamshedpur-305454,"THE CHINESE POINT, BESIDE SHIFA MEDICAL ROAD 13/A BHOLA  COMPLEX NEAR HP PERTROL PUMP MUNCIPALITY, PURBI SINGHNBHUM- JHARKHAND - 832101",Menu/305454.json
570971,Exotica Candela,Adityapur,--,Too Few Ratings,₹ 200,"Desserts,Ice Cream",21121253000397,https://www.swiggy.com/restaurants/exotica-candela-sakchi-jamshedpur-570971,"Exotica Candela, House no 11,cross road 07,D block,Gandhi  road,Bagunnagar,Baridih  basti,Jamshedpur , Bagunhatu- Bagun  Nagar , Jamshedpur, Purbi Singhbhum,  Jharkhand-831017",Menu/570971.json
405673,Party Buffet,Adityapur,--,Too Few Ratings,₹ 200,"Indian,Beverages",21121060000567,https://www.swiggy.com/restaurants/party-buffet-sonari-jamshedpur-405673,"Party Buffet, Q.No.32,Tata Foundary Colony,Vidyapati Nagar,Mahavir Road,Baridih,Town Jamshedpur,District East Singhbhum,Jharkhand,Pincode-831017, Baridih, Muncipality, Purbi Singhbhum, Jharkhand - 831017",Menu/405673.json
377020,BARN N BARBECUE.,Adityapur,3.9,20+ ratings,₹ 200,"Chinese,Snacks",21121253000370,https://www.swiggy.com/restaurants/barn-n-barbecue-telco-jamshedpur-377020,"BARN N BARBECUE., Shop No. 2, Vidhyapatinagar, Baridih-Sakchi Straight Mile Road, Baridih, Jamshedpur - 831017",Menu/377020.json
420152,Uncle Tiffin,Adityapur,--,Too Few Ratings,₹ 250,Indian,21121254000161,https://www.swiggy.com/restaurants/uncle-tiffin-mango-jamshedpur-420152,"Uncle Tiffin, 185, GURUNANAK MOHALL , DIMNA ROAD, MANGO, MANGO MUNICIPALITY, WWARD NO .10 , PURBI SINGHBHUM , JHAMSHEDPUR, -831012",Menu/420152.json
403440,Brunch Italino (Mango),Adityapur,--,Too Few Ratings,₹ 300,"Bakery,Snacks",21121254000366,https://www.swiggy.com/restaurants/brunch-italino-mango-mango-jamshedpur-403440,"Brunch Italino (Mango), Mango Old Purulia Road Number 16, Jamshedpur,  Purbi Singhbhum, Jharkhand- 831012",Menu/403440.json
258830,FRANKY'S MOMOS,Adityapur,4.4,100+ ratings,₹ 150,"Chinese,Nepalese",21120254000068,https://www.swiggy.com/restaurants/frankys-momos-telco-jamshedpur-258830,"FRANKY'S MOMOS, PURANI LINE, BARIIDIH MARKET , JAMSHEDPUR",Menu/258830.json
361216,MOM'S FOOD FACTORY.,Adityapur,--,Too Few Ratings,₹ 200,"Indian,Desserts",21121254000018,https://www.swiggy.com/restaurants/moms-food-factory-mango-jamshedpur-361216,"MOM'S FOOD FACTORY., HOUSE NUMBER 143 CROSS ROAD  NUMBER 1 GREEN VALLEY ROAD NUMBER  17 NEAR ROYAL GARDEN MANGO AZAD  NAGA, Mango Municipality Word Nos 8,  Muncipality, Purbi Singhbhum,  Jharkhand-832110",Menu/361216.json
192853,Aman Momos,Adityapur,4.2,50+ ratings,₹ 150,"Nepalese,Tibetan",license,https://www.swiggy.com/restaurants/aman-momos-telco-jamshedpur-192853,"Aman Momos, Q no K2 199 tube colony baridih near Saraswati Puja maidan, Jamshedpur",Menu/192853.json
412322,THE CHILLI HUT,Adityapur,--,Too Few Ratings,₹ 200,Chinese,21121253000558,https://www.swiggy.com/restaurants/the-chilli-hut-telco-jamshedpur-412322,"THE CHILLI HUT, 9, bahadur singh bagan , kadani road, tinplate , jamshedpur ",Menu/412322.json
480140,PIZZA CAFE,Adityapur,--,Too Few Ratings,₹ 200,"Pizzas,Snacks",license,https://www.swiggy.com/restaurants/pizza-cafe-mango-jamshedpur-480140,"PIZZA CAFE, SANKOSAR ROAD NO 01 DIMNA ROAD MANGO , Purbi Singhbhum ,Mango Municipality Word Nos 10",Menu/480140.json
530382,PUJA SWEETS  TINPLATE,Adityapur,--,Too Few Ratings,₹ 100,"Sweets,Desserts",11117006000116,https://www.swiggy.com/restaurants/puja-sweets-tinplate-telco-jamshedpur-530382,"PUJA SWEETS  TINPLATE, SHOP NO 17 MANDIR PARISAR KADANI ROAD TINPLATE GOLMURI",Menu/530382.json
507033,FOOD POINT,Adityapur,--,Too Few Ratings,₹ 300,"Chinese,Pastas",21122060000073,https://www.swiggy.com/restaurants/food-point-telco-jamshedpur-507033,"FOOD POINT, Shop No. G/2 Shri Ganesh Complex, Birsanagar, H.No. 285, Zone No. 6, PO Birsanagar, Birsanagar Zone No. 6, Jamshedpur Urban, Purbi Singhbhum, Jharkhand - 831004",Menu/507033.json
441979,Biryani adda,Adityapur,--,Too Few Ratings,₹ 200,"Indian,Chinese",21121254000085,https://www.swiggy.com/restaurants/biryani-adda-telco-jamshedpur-441979,"Biryani adda, JHARA TOLA, KADANI ROAD, NEAR MERCY HOSPITAL, BARIDIH, BARIDIH, MUNICIPALITY, PURBI SINGHBHUM, JHARKHAND - 831017",Menu/441979.json
545216,Kathination,Adityapur,--,Too Few Ratings,₹ 250,Indian,21122254000117,https://www.swiggy.com/restaurants/kathination-mango-jamshedpur-545216,"Kathination, NEEL KANTH APARTMENT, Dimna Rd, near LIC BUILDING, Mango, Jamshedpur, Jharkhand 831012, India",Menu/545216.json
480225,DEV RAJ HOTEL,Adityapur,--,Too Few Ratings,₹ 100,North Indian,21121254000216,https://www.swiggy.com/restaurants/dev-raj-hotel-mango-jamshedpur-480225,"DEV RAJ HOTEL, BESIDE BIG BAZAR,MANGO,NH 33, Mango",Menu/480225.json
387711,Annapurna New Suruchi Hotel,Adityapur,4.4,100+ ratings,₹ 299,"Indian,South Indian",21116060000012,https://www.swiggy.com/restaurants/annapurna-new-suruchi-hotel-telco-jamshedpur-387711,"Annapurna New Suruchi Hotel, Shop No-92,Azad Market,Telco,P.O.- Telco,Jamshedpur,Jamshedpur Urban,Purbi Singhbhum,Jharkhand-831004",Menu/387711.json
258777,The Altira Hotel,Adityapur,3.9,50+ ratings,₹ 250,"Chinese,North Indian",11119006000190,https://www.swiggy.com/restaurants/the-altira-hotel-telco-jamshedpur-258777,"The Altira Hotel, 300, Zone - 5, Birsnagar, Telco Town, Jamshedpur 831004",Menu/258777.json
389125,FOOD CORNER,Adityapur,--,Too Few Ratings,₹ 149,"Chaat,Snacks",21121254000200,https://www.swiggy.com/restaurants/food-corner-telco-jamshedpur-389125,"FOOD CORNER, TELCO COLONY, CROSS ROAD 17, NEAR  GOPABANDHU SCHOOL, Telco,  Muncipality, Purbi Singhbhum, Jharkhand  - 831004",Menu/389125.json
489340,Spicy Kitchen,Adityapur,--,Too Few Ratings,₹ 200,"South Indian,Chinese",21121060000722,https://www.swiggy.com/restaurants/spicy-kitchen-telco-jamshedpur-489340,"Spicy Kitchen, MURAKATI BASTI, VIJYA GARDEN, INFRONT OF SAI MANDIR, JAMSHEDPUR - 831004",Menu/489340.json
505432,Belgium Bakers,Adityapur,--,Too Few Ratings,₹ 100,"Bakery,Pizzas",21121253000936,https://www.swiggy.com/restaurants/belgium-bakers-telco-jamshedpur-505432,"Belgium Bakers, Zone Number 1 , P.O And P.S Birsanagar ,  East Singhbhum Jamshedpur , 831004,  Birsanagar Zone No. 1 A, Jamshedpur,  Purbi Singhbhum, Jharkhand - 831004",Menu/505432.json
571985,Green Chilli,Adityapur,--,Too Few Ratings,₹ 200,"Chinese,North Indian",21120254000397,https://www.swiggy.com/restaurants/green-chilli-telco-jamshedpur-571985,"Green Chilli, Shop no 1 & 7 JNAC ward no 12 rd no 9 shiv singh bagan agrico",Menu/571985.json
568905,AMARANTA,Adityapur,--,Too Few Ratings,₹ 200,"North Indian,Chinese",21122253000347,https://www.swiggy.com/restaurants/amaranta-telco-jamshedpur-568905,"AMARANTA, Infront of Astha twin city , Telco, Gate Road, Baridih , Jamshedpur , Purbhi Singbhum , Jharkhand-831017",Menu/568905.json
146227,KKFC,Adoni,3.8,50+ ratings,₹ 200,Italian,20119022000220,https://www.swiggy.com/restaurants/kkfc-arts-college-road-state-bank-of-india-colony-adoni-146227,"KKFC, Arts College road,Beside Sai Balaji Medical store,Adoni,518301",Menu/146227.json
146243,Lassi Shop,Adoni,3.8,50+ ratings,₹ 150,"Desserts,Ice Cream",20119022000218,https://www.swiggy.com/restaurants/lassi-shop-municipal-road-shakthi-gudi-adoni-146243,"Lassi Shop, Near Bheemas Circle,Municipal road,Adoni,518301",Menu/146243.json
146156,Deepthi Pure Veg  family restaurant,Adoni,4.1,100+ ratings,₹ 250,"South Indian,North Indian",20121022000134,https://www.swiggy.com/restaurants/deepthi-pure-veg-family-restaurant-railway-station-road-hbg-nagar-adoni-146156,"Deepthi Pure Veg  family restaurant, Railway station road,beside dwaraka talkies,adoni.518301",Menu/146156.json
218090,S Usha Star Restaurant,Adoni,3.8,50+ ratings,₹ 250,Biryani,20119022000544,https://www.swiggy.com/restaurants/s-usha-star-restaurant-bharpet-shakthi-gudi-adoni-218090,"S Usha Star Restaurant, Methar Masjid Rd, Adoni, Andhra Pradesh 518301, India",Menu/218090.json
146192,Shawarma king,Adoni,3.5,50+ ratings,₹ 150,"Arabian,Lebanese",20119022000225,https://www.swiggy.com/restaurants/shawarma-king-municipal-road-hbg-nagar-adoni-146192,"Shawarma king, Municipal Main Road, Opposite Roshan Lodge, Beside Jaihind Cycle Store, Adoni - 518301",Menu/146192.json
239690,Arya Hotel,Adoni,4.0,100+ ratings,₹ 150,"North Indian,Chinese",20119022000226,https://www.swiggy.com/restaurants/arya-hotel-bharpet-skd-colony-adoni-239690,"Arya Hotel, SKD COLONY VETERENARY HOSPITAL OPP, ADONI 518301",Menu/239690.json
524742,Pizza House,Adoni,4.4,100+ ratings,₹ 199,"Pizzas,Fast Food",license,https://www.swiggy.com/restaurants/pizza-house-bharpet-adoni-524742,"Pizza House, 2-57 All Bankers Colony Thirumala Nagar,Adoni-518301",Menu/524742.json
466231,Friends Restaurant,Adoni,3.6,100+ ratings,₹ 299,"North Indian,Chinese",20122022000013,https://www.swiggy.com/restaurants/friends-restaurant-bharpet-adoni-466231,"Friends Restaurant, D.NO-20/29/1,VBSCOMPLEX,ADONI,KURNOOL DISTRICT ANDHRAPRADESH-518301",Menu/466231.json
312572,Chai Adda,Adoni,3.3,50+ ratings,₹ 150,Beverages,20120022000213,https://www.swiggy.com/restaurants/chai-adda-bharpet-adoni-312572,"Chai Adda, 21/515/5.  Ambedkar nagar,Ward no 21Adoni ,518301",Menu/312572.json
146161,Deepthi Veg and nonveg Restaurant,Adoni,3.6,100+ ratings,₹ 250,"South Indian,North Indian",20121022000134,https://www.swiggy.com/restaurants/deepthi-veg-and-nonveg-restaurant-busstand-road-bharpet-adoni-146161,"Deepthi Veg and nonveg Restaurant, Near new Bus stand ,Banglore road,Adoni,518301",Menu/146161.json
570337,Chinese Food Court,Adoni,--,Too Few Ratings,₹ 199,Chinese,license,https://www.swiggy.com/restaurants/chinese-food-court-bharpet-adoni-570337,"Chinese Food Court, Railway Station Road,Opp Rajashri Hotel Shop No.10,Adoni,Kurnool,Andhr a Pradesh-518301",Menu/570337.json
323083,Milatary Hotel,Adoni,3.5,100+ ratings,₹ 150,Biryani,license,https://www.swiggy.com/restaurants/milatary-hotel-bharpet-indra-nagar-adoni-323083,"Milatary Hotel, NEAR DEEPTHI  BAR , ADONI",Menu/323083.json
482021,Rainbow Restaurant,Adoni,--,Too Few Ratings,₹ 200,"Biryani,North Indian",20121022001122,https://www.swiggy.com/restaurants/rainbow-restaurant-bharpet-adoni-482021,"Rainbow Restaurant, D.NO. 19-394, FARIDSAB BHARPET ,  Bychigeri , Adoni, Kurnool, Andhra  Pradesh-518301",Menu/482021.json
436752,ROTI WALA,Adoni,2.7,20+ ratings,₹ 199,"Biryani,Healthy Food",30211028109046,https://www.swiggy.com/restaurants/roti-wala-bharpet-adoni-436752,"ROTI WALA, RAILWAY STATION ROAD,Opp Rajashri Hotel Shop No.10.Adoni.ADONI, Kurnool, Andhra Pradesh, 518301",Menu/436752.json
519105,Spicy Hut Restaurant,Adoni,--,Too Few Ratings,₹ 199,"Indian,North Indian",20122022000118,https://www.swiggy.com/restaurants/spicy-hut-restaurant-bharpet-adoni-519105,"Spicy Hut Restaurant, 40/30,Mandigiri Panchayat,Bychigeri,Adoni-",Menu/519105.json
414955,Gokul Chats,Adoni,3.4,50+ ratings,₹ 199,"Chinese,Chaat",30210826108628,https://www.swiggy.com/restaurants/gokul-chats-bharpet-adoni-414955,"Gokul Chats, Opp New Bus Stand RTC Adoni,  Adoni, Kurnool, Andhra Pradesh,  518301",Menu/414955.json
459695,Spicy Hut Parcel Point,Adoni,3.9,20+ ratings,₹ 200,North Indian,20121022001084,https://www.swiggy.com/restaurants/spicy-hut-parcel-point-bharpet-adoni-459695,"Spicy Hut Parcel Point, 21/134/20/A,Mandagiri(rural),Adoni,Kurnool,Andhra Pradesh-518301",Menu/459695.json
303459,SREE TULAJA BHAVANI RESTAURANT,Adoni,3.5,100+ ratings,₹ 250,Indian,10119012000167,https://www.swiggy.com/restaurants/sree-tulaja-bhavani-restaurant-bharpet-adoni-303459,"SREE TULAJA BHAVANI RESTAURANT, OPp : 2 Town Police station ,Bheemas Circle Adoni",Menu/303459.json
572668,The hungry Restaurant,Adoni,--,Too Few Ratings,₹ 200,"Indian,Afghani",license,https://www.swiggy.com/restaurants/the-hungry-restaurant-bharpet-adoni-572668,"The hungry Restaurant, Door No:21/515/5, Ambedkar Nagar, Adoni  518301",Menu/572668.json
538526,Delight Home,Adoni,--,Too Few Ratings,₹ 120,Sweets,20122022000401,https://www.swiggy.com/restaurants/delight-home-bharpet-adoni-538526,"Delight Home, Delight Home Adoni - Yemmiganur Road Beside  More Super Market State Bank Colony, State Bank of India Colony, Adoni, Andhra Pradesh 518302, India",Menu/538526.json
326274,Lucky Shawarma,Adoni,--,Too Few Ratings,₹ 250,Snacks,license,https://www.swiggy.com/restaurants/lucky-shawarma-bharpet-rtc-colonly-adoni-326274,"Lucky Shawarma, shanti nagar estate ,aapari road ,adoni 518301",Menu/326274.json
276830,Ma Palle Ruchulu,Adoni,3.0,20+ ratings,₹ 200,South Indian,20121022000134,https://www.swiggy.com/restaurants/ma-palle-ruchulu-bharpet-indra-nagar-adoni-276830,"Ma Palle Ruchulu, Opp Bus station, Adoni",Menu/276830.json
297700,Kumbakarna Biryani House,Adoni,3.3,50+ ratings,₹ 250,"Biryani,South Indian",20121022000134,https://www.swiggy.com/restaurants/kumbakarna-biryani-house-bharpet-indra-nagar-adoni-297700,"Kumbakarna Biryani House, Below Dwaraka complex,Adoni",Menu/297700.json
362114,Only Kabab's,Adoni,3.6,20+ ratings,₹ 250,"Kebabs,Chinese",20121022000245,https://www.swiggy.com/restaurants/only-kababs-bharpet-indra-nagar-adoni-362114,"Only Kabab's, Near Deepthi Bar , Adoni",Menu/362114.json
324273,Biryani's' N' More,Adoni,3.3,100+ ratings,₹ 250,Biryani,20121022000134,https://www.swiggy.com/restaurants/biryanis-n-more-bharpet-adoni-324273,"Biryani's' N' More, near Dwaraka theatre ,adoni ,518301",Menu/324273.json
326295,chinese food world,Adoni,--,Too Few Ratings,₹ 250,"Asian,Chinese",20121022000840,https://www.swiggy.com/restaurants/chinese-food-world-bharpet-rtc-colonly-adoni-326295,"chinese food world, shanti nagar estate ,aapari road ,adoni 518301",Menu/326295.json
326297,Zaatar Restaurant,Adoni,--,Too Few Ratings,₹ 250,Biryani,20121022000840,https://www.swiggy.com/restaurants/zaatar-restaurant-bharpet-rtc-colonly-adoni-326297,"Zaatar Restaurant, shanti nagar estate ,aapari road ,adoni 518301",Menu/326297.json
218114,Masala Bowl Multicusine Restaurant,Adoni,2.8,50+ ratings,₹ 250,Biryani,30190925190110,https://www.swiggy.com/restaurants/masala-bowl-multicusine-restaurant-bharpet-adoni-218114,"Masala Bowl Multicusine Restaurant, shanti nagar estate ,aapari road ,adoni 518301",Menu/218114.json
326279,Nakshtra pure veg Restaurant,Adoni,2.8,20+ ratings,₹ 250,"Indian,Chinese",20121022000840,https://www.swiggy.com/restaurants/nakshtra-pure-veg-restaurant-bharpet-rtc-colonly-adoni-326279,"Nakshtra pure veg Restaurant, shanti nagar estate ,aapari road ,adoni 518301",Menu/326279.json
326275,Arabian Food Court,Adoni,--,Too Few Ratings,₹ 250,Biryani,20121022000840,https://www.swiggy.com/restaurants/arabian-food-court-bharpet-rtc-colonly-adoni-326275,"Arabian Food Court, shanti nagar estate ,aapari road ,adoni 518301",Menu/326275.json
326272,King Kabab Point,Adoni,--,Too Few Ratings,₹ 250,Chinese,20121022000840,https://www.swiggy.com/restaurants/king-kabab-point-bharpet-rtc-colonly-adoni-326272,"King Kabab Point, shanti nagar estate ,aapari road ,adoni 518301",Menu/326272.json
146144,Hotel Madhavi,Adoni,3.4,20+ ratings,₹ 150,South Indian,10119012000354,https://www.swiggy.com/restaurants/hotel-madhavi-skd-colony-shakthi-gudi-adoni-146144,"Hotel Madhavi, MM Road Near Corporation Bank Adoni 518301",Menu/146144.json
544517,Taj Arabian Restaurant,Adoni,--,Too Few Ratings,₹ 199,"Indian,Chinese",20122022000466,https://www.swiggy.com/restaurants/taj-arabian-restaurant-bharpet-adoni-544517,"Taj Arabian Restaurant, TAJ Arabian Restaurant,D.No.10-4/3C,Tirumala Nagar, ADONI,Mandagiri(Rural), Adoni,Kurnool, Andhra Pradesh-518302",Menu/544517.json
146135,SLV cake house,Adoni,--,Too Few Ratings,₹ 100,Desserts,20119022000231,https://www.swiggy.com/restaurants/slv-cake-house-arts-college-road-skd-colony-adoni-146135,"SLV cake house, Opp. Apollo Pharmacy Arts College Road 518302",Menu/146135.json
430688,Tea Time,Adoni,--,Too Few Ratings,₹ 199,"Beverages,Snacks",20121022000829,https://www.swiggy.com/restaurants/tea-time-bharpet-adoni-430688,"Tea Time, Tea Time/Near Super Market,Arts college Road,Adoni,Andhra Pradesh...518301",Menu/430688.json
524405,Five Star Chicken,Adoni,--,Too Few Ratings,₹ 199,"Snacks,American",10122012000096,https://www.swiggy.com/restaurants/five-star-chicken-bharpet-adoni-524405,"Five Star Chicken, S-NO.1/677/3,Raghavendra Nagar,Adoni,kurnool-518301",Menu/524405.json
228898,Lassi Spot,Adoni,3.9,20+ ratings,₹ 250,Ice Cream,30191112172342,https://www.swiggy.com/restaurants/lassi-spot-bharpet-adoni-228898,"Lassi Spot, opp: royal enfield show room ,adoni",Menu/228898.json
227061,Gujrat Hotel and Restaurant,Agartala,--,Too Few Ratings,₹ 150,Indian,22521051000005,https://www.swiggy.com/restaurants/gujrat-hotel-and-restaurant-airportline-hgb-road-agartala-227061,"Gujrat Hotel and Restaurant, NEAR AXIS BANK, GB BAZAR, KUNJAVAN, AGARTALA, 799006, TRIPURA",Menu/227061.json
107348,Daya Hari Chatpata,Agartala,4.3,1K+ ratings,₹ 300,"North Indian,Chinese",12520010000097,https://www.swiggy.com/restaurants/daya-hari-chatpata-dhaleswar-agartala-107348,"Daya Hari Chatpata, 63, Central Road, Dhaleswar, Santipara, Dhaleswar, Agartala, Tripura 799001, India",Menu/107348.json
102141,KFC,Agartala,4.0,1K+ ratings,₹ 450,"American,Snacks",12519010000014,https://www.swiggy.com/restaurants/kfc-opp-ravindra-satabarshik-bhawan-indranagar-agartala-102141,"KFC, KFC Restaurant 6,Shakuntala Road, Opp Ravindra Satabarbarshil Bhawan,Agartala,Tripura-799001",Menu/102141.json
133317,Taste Buds,Agartala,--,Too Few Ratings,₹ 200,"North Indian,Chinese",22520050000133,https://www.swiggy.com/restaurants/taste-buds-hapania-agartala-133317,"Taste Buds, Milanchakra, TV Centre, Milanchakra, Arundhauti Nagar, Agartala, Tripura 799003, India",Menu/133317.json
396907,Sherowali Bhoj- Non Veg Hotel & Restaurant,Agartala,3.9,1K+ ratings,₹ 300,"Indian,Chinese",12521010000084,https://www.swiggy.com/restaurants/sherowali-bhoj-non-veg-hotel-and-restaurant-hgb-road-agartala-396907,"Sherowali Bhoj- Non Veg Hotel & Restaurant, Central Road, Opposite of UCO Bank, Agartala 799001",Menu/396907.json
106153,Sherowali Restaurant and Fast Foods,Agartala,4.1,1K+ ratings,₹ 200,"North Indian,Bakery",12520010000092,https://www.swiggy.com/restaurants/sherowali-restaurant-and-fast-foods-indranagar-agartala-106153,"Sherowali Restaurant and Fast Foods, Lakshmi Narayan Bari Rd, Indranagar, Agartala, Tripura 799001, India",Menu/106153.json
191297,Govardhan,Agartala,--,Too Few Ratings,₹ 250,Fast Food,12520010000223,https://www.swiggy.com/restaurants/govardhan-hgb-road-agartala-191297,"Govardhan, Opp of ISCON Temple, AA Road, Banamalipur, Agartala",Menu/191297.json
140286,Daya Hari Mithai,Agartala,4.2,500+ ratings,₹ 175,"Indian,Chinese",12521010000197,https://www.swiggy.com/restaurants/daya-hari-mithai-dhaleswar-agartala-140286,"Daya Hari Mithai, Opp of Hotel radha international, Central Road, Agartala, Tripura 799001, India",Menu/140286.json
129221,Devi Fast Food,Agartala,4.1,500+ ratings,₹ 175,"North Indian,Chinese",22521050000380,https://www.swiggy.com/restaurants/devi-fast-food-melarmath-agartala-129221,"Devi Fast Food, Hari Ganga Basak Rd, Melarmath, Dhaleswar, Agartala, Tripura 799001, India",Menu/129221.json
216571,Lets Dimsum,Agartala,4.0,500+ ratings,₹ 250,"Indian,Chinese",22519050000282,https://www.swiggy.com/restaurants/lets-dimsum-hgb-road-ram-nagar-agartala-216571,"Lets Dimsum, FIRE BRIGADE CHOWMUNI, JOYNAGAR, AGARTALA, WEST TRIPURA, Tripura",Menu/216571.json
148652,Swasti Niramish Hotel,Agartala,4.0,1K+ ratings,₹ 300,Indian,12519010000061,https://www.swiggy.com/restaurants/swasti-niramish-hotel-airport-road-agartala-agartala-148652,"Swasti Niramish Hotel, Motorstand, Agartala",Menu/148652.json
226493,Gopal Mistanna Bhandar,Agartala,4.0,500+ ratings,₹ 100,Desserts,12521010000008,https://www.swiggy.com/restaurants/gopal-mistanna-bhandar-dhaleswar-melarmath-agartala-226493,"Gopal Mistanna Bhandar, MATH CHOWMUNI, AGARTALA, WEST TRIPURA, 799001, TRIPURA",Menu/226493.json
106660,Momos N More,Agartala,3.9,100+ ratings,₹ 250,"Chinese,Asian",12519010000290,https://www.swiggy.com/restaurants/momos-n-more-krishna-nagar-agartala-106660,"Momos N More, Near Restaurant Heritage, Advisor Chowmuhani, Krishna Nagar, Agartala, Tripura 799001, India",Menu/106660.json
144087,Trinayani,Agartala,3.9,500+ ratings,₹ 200,Indian,22519051000017,https://www.swiggy.com/restaurants/trinayani-indranagar-agartala-144087,"Trinayani, Colonel chowmuni, Palace compound, Krishna Nagar, Agartala, Tripura 799001",Menu/144087.json
354337,UK Pizza Hut,Agartala,3.9,100+ ratings,₹ 300,"American,Pizzas",22519050000385,https://www.swiggy.com/restaurants/uk-pizza-hut-hgb-road-indranagar-agartala-354337,"UK Pizza Hut, Amiya vila, East of old central road, Dhaleswar, Agartala, West Tripura",Menu/354337.json
133984,Delicious Fast Food And Tiffin Hub,Agartala,3.9,500+ ratings,₹ 175,North Indian,22520050000038,https://www.swiggy.com/restaurants/delicious-fast-food-and-tiffin-hub-chowmuhani-badharghat-agartala-133984,"Delicious Fast Food And Tiffin Hub, ONGC Bank Chowmuhani, Near UBI Bank, Hapania, Agartala, Tripura 799014, India",Menu/133984.json
106644,Shyamasree Restaurant,Agartala,4.0,500+ ratings,₹ 175,North Indian,12521010000270,https://www.swiggy.com/restaurants/shyamasree-restaurant-battala-agartala-106644,"Shyamasree Restaurant, Lane No:1, Battala, Near Shiv Mandir, Battala, Agartala, Tripura 799001, India",Menu/106644.json
459039,NATIONAL FAST FOOD,Agartala,3.7,100+ ratings,₹ 150,"Chinese,North Indian",12521010000291,https://www.swiggy.com/restaurants/national-fast-food-hgb-road-agartala-459039,"NATIONAL FAST FOOD, OPPOSITE SIDE OF LAL BAHADUR CLUB,AGARTALA,TRIPURA,INDIA,799007",Menu/459039.json
106649,Heritage,Agartala,3.9,100+ ratings,₹ 300,North Indian,12519010000290,https://www.swiggy.com/restaurants/heritage-krishna-nagar-agartala-106649,"Heritage, Krishna Nagar, Advisor Chowmohani, Krishna Nagar, Agartala, Tripura 799001, India",Menu/106649.json
107356,0 Dergee Celcius,Agartala,3.7,100+ ratings,₹ 250,"Desserts,Pizzas",12521010000034,https://www.swiggy.com/restaurants/0-dergee-celcius-dhaleswar-hawkers-corner-agartala-107356,"0 Dergee Celcius, HGB Road, Dhaleswar, Agartala, Tripura 799001, India",Menu/107356.json
525705,Radhe Bol,Agartala,3.9,100+ ratings,₹ 300,"South Indian,North Indian",12522010000024,https://www.swiggy.com/restaurants/radhe-bol-hgb-road-agartala-525705,"Radhe Bol, Chittaranjan Road , Agartala ,Municipal Corporation, Tripura -799004",Menu/525705.json
156626,Cholo Khai,Agartala,3.7,100+ ratings,₹ 150,"Fast Food,Chinese",22519050000204,https://www.swiggy.com/restaurants/cholo-khai-dhaleswar-agartala-156626,"Cholo Khai, Near Dhaleswar Petrol Pump, Kalyani, Agartala",Menu/156626.json
542392,MANTU BIRYANI,Agartala,3.7,100+ ratings,₹ 100,"Biryani,Indian",22520050000229,https://www.swiggy.com/restaurants/mantu-biryani-hgb-road-agartala-542392,"MANTU BIRYANI, R.M.S CHOWMUHANI, AGARTALA, TRIPURA 799001, INDIA",Menu/542392.json
107347,New Ashoka Restaurant,Agartala,3.6,100+ ratings,₹ 250,North Indian,12521010000034,https://www.swiggy.com/restaurants/new-ashoka-restaurant-dhaleswar-agartala-107347,"New Ashoka Restaurant, HGB Road, Dhaleswar, Agartala, Tripura 799001, India",Menu/107347.json
129223,Abhishek Hotel and Restaurant,Agartala,4.0,100+ ratings,₹ 450,"North Indian,Chinese",12520010000128,https://www.swiggy.com/restaurants/abhishek-hotel-and-restaurant-indranagar-agartala-129223,"Abhishek Hotel and Restaurant, Durga Bari Rd, Opposite Rabindra Bhawan, Palace Compound, Indranagar, Agartala, Tripura 799001, India",Menu/129223.json
106647,Frespresso,Agartala,3.5,100+ ratings,₹ 250,North Indian,12520010000244,https://www.swiggy.com/restaurants/frespresso-banamalipur-agartala-106647,"Frespresso, L.N Bari Road, Banamalipur, Agartala- 799001",Menu/106647.json
142469,Mrs. Banyan Resturant,Agartala,3.6,100+ ratings,₹ 125,Indian,12521010000088,https://www.swiggy.com/restaurants/mrs-banyan-resturant-indranagar-agartala-142469,"Mrs. Banyan Resturant, Shiv Nagar, Indranagar, Agartala, Tripura 799001, India",Menu/142469.json
166872,Eatopia Zannat,Agartala,3.7,500+ ratings,₹ 450,"Indian,Chinese",12520010000162,https://www.swiggy.com/restaurants/eatopia-zannat-battala-dhaleswar-agartala-166872,"Eatopia Zannat, 2nd Floor, Agartala City Center, Melarmath,Agartala, Tripura 799001, India",Menu/166872.json
391689,Cake plaza,Agartala,4.2,100+ ratings,₹ 8,Bakery,12521010000038,https://www.swiggy.com/restaurants/cake-plaza-hgb-road-agartala-391689,"Cake plaza, 37, Akhaura Rd, Old RMS Chowmuhani, Krishna Nagar, Agartala, Tripura 799001, India",Menu/391689.json
317459,Sherowali Sweets,Agartala,4.4,100+ ratings,₹ 150,"Sweets,Desserts",12520010000093,https://www.swiggy.com/restaurants/sherowali-sweets-hgb-road-indranagar-agartala-317459,"Sherowali Sweets, LN Bari Road, Agartala, West Tripura",Menu/317459.json
288965,Aroma,Agartala,3.6,100+ ratings,₹ 200,"Chinese,Indian",license,https://www.swiggy.com/restaurants/aroma-hgb-road-agartala-288965,"Aroma, Near Sartaj cake parlour, Krishnanagar Agartala",Menu/288965.json
474522,HOTEL NIRAMISH BHOJANALAY,Agartala,3.2,100+ ratings,₹ 300,"Indian,Snacks",12521010000209,https://www.swiggy.com/restaurants/hotel-niramish-bhojanalay-dhaleswar-hgb-road-agartala-474522,"HOTEL NIRAMISH BHOJANALAY, OLD MOTOR STAND,AGARTALA MUNICIPAL CORPARATION,Tripura-799001",Menu/474522.json
397298,MATKAWALA,Agartala,3.1,100+ ratings,₹ 200,"Indian,Chinese",22521050000462,https://www.swiggy.com/restaurants/matkawala-hgb-road-agartala-397298,"MATKAWALA, West Bank of Banamalipur Digi, Shiv Nagar, Banamalipur, Indranagar, Agartala, Tripura 799004, India",Menu/397298.json
487740,INSTAMOMO,Agartala,3.4,20+ ratings,₹ 150,Chinese,22521050000462,https://www.swiggy.com/restaurants/instamomo-hgb-road-agartala-487740,"INSTAMOMO, WEST BANK OF BANAMALIPUR DIGHI, Ward no XXI (AMC), Agartala Municiapal Corporation, Agartala Municipal Council, Tripura - 799001",Menu/487740.json
106656,Hungrilla,Agartala,3.7,500+ ratings,₹ 250,"North Indian,Chinese",12521010000115,https://www.swiggy.com/restaurants/hungrilla-indranagar-agartala-106656,"Hungrilla, Near Air India City Office, BK Rd, Palace Compound, Indranagar, Agartala, Tripura 799001, India",Menu/106656.json
381464,Chatpata Cake Corner,Agartala,4.1,50+ ratings,₹ 150,Bakery,12520010000173,https://www.swiggy.com/restaurants/chatpata-cake-corner-hgb-road-agartala-381464,"Chatpata Cake Corner, Town Pratapgarh Road,Kaman Chowmuni, HGB Road, Agartala Tripura(west)",Menu/381464.json
402612,Tiffins (From Hungrilla),Agartala,3.5,100+ ratings,₹ 200,Fast Food,22521050000477,https://www.swiggy.com/restaurants/tiffins-from-hungrilla-hgb-road-agartala-402612,"Tiffins (From Hungrilla), Hungrilla, Near North gate, opp of honda showroom, Agartala",Menu/402612.json
437089,OFUI HOTEL & RESTAURANT,Agartala,3.5,50+ ratings,₹ 150,Indian,22520051000159,https://www.swiggy.com/restaurants/ofui-hotel-and-restaurant-hgb-road-agartala-437089,"OFUI HOTEL & RESTAURANT, Lakshmi Narayan Bari Rd, Indranagar, Agartala, Tripura 799001, India",Menu/437089.json
156634,Delicious Fast Food,Agartala,3.3,100+ ratings,₹ 150,Indian,22521050000431,https://www.swiggy.com/restaurants/delicious-fast-food-dhaleswar-indranagar-agartala-156634,"Delicious Fast Food, Near Lal Bahadur Club, Banamalipur, Agartala, 799001",Menu/156634.json
186059,Momo Magic Cafe,Agartala,3.8,100+ ratings,₹ 200,"Chinese,North Indian",22521051000063,https://www.swiggy.com/restaurants/momo-magic-cafe-hgb-road-indranagar-agartala-186059,"Momo Magic Cafe, Palace Compound, Indranagar, Agartala, Tripura, India",Menu/186059.json
351254,POUSHALI FAST FOOD CENTRE,Agartala,3.5,100+ ratings,₹ 200,"Biryani,North Indian",22520050000063,https://www.swiggy.com/restaurants/poushali-fast-food-centre-hgb-road-indranagar-agartala-351254,"POUSHALI FAST FOOD CENTRE, Jail Ashram Road, Dhaleswar, Agartala, Tripura, India",Menu/351254.json
173873,Swapna Fast Food Center,Agartala,3.6,100+ ratings,₹ 125,Indian,22519050000240,https://www.swiggy.com/restaurants/swapna-fast-food-center-thakur-chowmuni-north-banamalipur-indranagar-agartala-173873,"Swapna Fast Food Center, Bhagaban Thakur Chowmuni, North Banamalipur, Agartala, 799001",Menu/173873.json
147499,Rupar Tori Hotel & Restaurant,Agartala,4.0,100+ ratings,₹ 375,Indian,22519051000028,https://www.swiggy.com/restaurants/rupar-tori-hotel-and-restaurant-airport-road-dhaleswar-agartala-147499,"Rupar Tori Hotel & Restaurant, Central Rd, Dhaleswar, Agartala, Tripura 799001, India",Menu/147499.json
129219,Hotel Woodland Park,Agartala,--,Too Few Ratings,₹ 275,"North Indian,Chinese",12520010000159,https://www.swiggy.com/restaurants/hotel-woodland-park-math-chowmuhuni-indranagar-agartala-129219,"Hotel Woodland Park, Math Chowmuhuni, Agartla, Tripura West, 799001",Menu/129219.json
231022,Smoke N Spice,Agartala,3.4,500+ ratings,₹ 200,"Chinese,Indian",12520010000296,https://www.swiggy.com/restaurants/smoke-n-spice-hgb-road-indranagar-agartala-231022,"Smoke N Spice, B.K.Road, Banamalipur, Agartala, West Tripura, 799001",Menu/231022.json
106158,TAJ_An Exclusive Veg Restaurent,Agartala,4.2,100+ ratings,₹ 275,North Indian,12521010000202,https://www.swiggy.com/restaurants/taj-an-exclusive-veg-restaurent-indranagar-orient-chowmani-agartala-106158,"TAJ_An Exclusive Veg Restaurent, Sakuntala Rd, Indranagar, Agartala, Tripura 799001, India",Menu/106158.json
317458,Sherowali Snacks and Bakery,Agartala,4.5,50+ ratings,₹ 150,"Bakery,Snacks",12520010000090,https://www.swiggy.com/restaurants/sherowali-snacks-and-bakery-hgb-road-indranagar-agartala-317458,"Sherowali Snacks and Bakery, Opp of LN Bari, LN Bari Road, Agartala",Menu/317458.json
568813,KHATTA MEETHA,Agartala,--,Too Few Ratings,₹ 350,"Chinese,North Indian",license,https://www.swiggy.com/restaurants/khatta-meetha-dhaleswar-agartala-568813,"KHATTA MEETHA, MATH CHOWMUHANI, DHALESWAR, Agartala Municiapal Corporation, Agartala Municipal Council, , Tripura, 799004",Menu/568813.json
210529,Wow Shawarma,Agartala,4.3,500+ ratings,₹ 200,Fast Food,22520050000265,https://www.swiggy.com/restaurants/wow-shawarma-hgb-road-krishna-nagar-agartala-210529,"Wow Shawarma, Unnamed Road, Padma Pukur, Krishna Nagar, Agartala, Tripura 799002, India",Menu/210529.json
480230,Hapieee Box,Agartala,3.4,100+ ratings,₹ 300,"Fast Food,Snacks",22521050000534,https://www.swiggy.com/restaurants/hapieee-box-hgb-road-agartala-480230,"Hapieee Box, Chandrapur Opp ISBT Beside Old BMS  Office Agartala Tripura (W) 799008, Ward  no IX (AMC), Agartala Municiapal  Corporation, Agartala Municipal Council,  Tripura - 799008",Menu/480230.json
450577,TARA BIRIYANI,Agartala,3.5,50+ ratings,₹ 200,"Biryani,Indian",22521050000585,https://www.swiggy.com/restaurants/tara-biriyani-hgb-road-agartala-450577,"TARA BIRIYANI, Post office chowmuhani agartala",Menu/450577.json
167658,The Roll Hut,Agartala,4.1,100+ ratings,₹ 175,"Chinese,North Indian",22517050000579,https://www.swiggy.com/restaurants/the-roll-hut-ramnagar-ram-nagar-agartala-167658,"The Roll Hut, Near SBI ATM, Ramnagar 6, Agartala, 799001",Menu/167658.json
429042,Hotel Rimi International,Agartala,3.8,20+ ratings,₹ 1000,"Indian,Continental",12521010000130,https://www.swiggy.com/restaurants/hotel-rimi-international-hgb-road-agartala-429042,"Hotel Rimi International, Maharaja Bir Bikram Sarani, Shiv Nagar, Dhaleswar, Agartala, Tripura 799007, India",Menu/429042.json
387090,Bawarchi Kolkata,Agartala,4.1,100+ ratings,₹ 150,"Indian,Chinese",12521010000175,https://www.swiggy.com/restaurants/bawarchi-kolkata-hgb-road-agartala-387090,"Bawarchi Kolkata, Akhaura Road, Near RMS Chowmuni, Agartala, Pin-799001",Menu/387090.json
129225,Pizza'ria,Agartala,3.2,20+ ratings,₹ 275,Continental,12519010000191,https://www.swiggy.com/restaurants/pizzaria-indranagar-agartala-129225,"Pizza'ria, B.K. Road, Palace Compound, Palace Compound, Indranagar, Agartala, Tripura 799001, India",Menu/129225.json
129222,Litttle Chef Agartala,Agartala,3.8,100+ ratings,₹ 200,"North Indian,Chinese",22519050000100,https://www.swiggy.com/restaurants/litttle-chef-agartala-madhyapara-krishna-nagar-agartala-129222,"Litttle Chef Agartala, 4,Mantribari Road Old RMS Chowmoni Corporate House, SBI RASMECCC Building, Madhyapara, Dhaleswar, Agartala, Tripura 799001, India",Menu/129222.json
563133,Hot Box,Agartala,--,Too Few Ratings,₹ 200,"Chinese,Snacks",22522050000207,https://www.swiggy.com/restaurants/hot-box-dhaleswar-agartala-563133,"Hot Box, Collage Road, Shiv Nagar, Agartala, West Tripura ,Ward no XXIII (AMC),Agartala Municiapal Corporation,Agartala Municipal Council,Tripura-799004",Menu/563133.json
308502,Mums Kitchen,Agartala,3.7,50+ ratings,₹ 200,North Indian,22519050000239,https://www.swiggy.com/restaurants/mums-kitchen-hgb-road-khusbagan-agartala-308502,"Mums Kitchen, Surjya	Road Khosh	Bagan Agartala	Tripura-799001",Menu/308502.json
379784,Bollywood Retro-A music and food hub,Agartala,4.0,20+ ratings,₹ 300,"Snacks,Tandoor",22520050000241,https://www.swiggy.com/restaurants/bollywood-retro-a-music-and-food-hub-hgb-road-agartala-379784,"Bollywood Retro-A music and food hub, Jagannath Bari road, opposite KFC, Agartala, Tripura",Menu/379784.json
106155,The Fat Chicken,Agartala,3.5,100+ ratings,₹ 300,North Indian,22521050000175,https://www.swiggy.com/restaurants/the-fat-chicken-krishna-nagar-agartala-106155,"The Fat Chicken, RMS Chowmuhani, Krishna Nagar, Agartala, Tripura 799001, India",Menu/106155.json
451858,Fresh Bite,Agartala,3.9,100+ ratings,₹ 100,"Indian,Chinese",12521010000259,https://www.swiggy.com/restaurants/fresh-bite-hgb-road-agartala-451858,"Fresh Bite, Near Bhagaban Thakur Chowmuhani North, Banamalipur, Indranagar, Agartala, Tripura 799001, India",Menu/451858.json
346113,ME N MOMO,Agartala,4.4,50+ ratings,₹ 150,"Indian,Asian",22520050000286,https://www.swiggy.com/restaurants/me-n-momo-hgb-road-dhaleswar-agartala-346113,"ME N MOMO, Prafulla Market, Sakuntala Road, Dhaleswar, Agartala, Tripura, India",Menu/346113.json
345169,Ambar restaurant,Agartala,3.7,20+ ratings,₹ 200,"Thalis,Indian",22520051000116,https://www.swiggy.com/restaurants/ambar-restaurant-hgb-road-dhaleswar-agartala-345169,"Ambar restaurant, Sakuntala Road, Dhaleswar, Agartala, Tripura, India",Menu/345169.json
488972,BeyondBytes,Agartala,--,Too Few Ratings,₹ 300,"Bakery,Snacks",12522010000026,https://www.swiggy.com/restaurants/beyondbytes-dhaleswar-agartala-488972,"BeyondBytes, DHALESWAR, ASSAM AGARTALA ROAD, Agartala Municiapal Corporation, Agartala Municipal Council, Tripura, 799007",Menu/488972.json
470446,TAIPO,Agartala,4.2,50+ ratings,₹ 150,"Chinese,Indian",22522050000017,https://www.swiggy.com/restaurants/taipo-hgb-road-agartala-470446,"TAIPO, Ujan Abhoynagar, Agartala, Tripura 799005, India",Menu/470446.json
260664,Cafe Coffee Day,Agartala,3.9,100+ ratings,₹ 300,"Beverages,Snacks",12521010000128,https://www.swiggy.com/restaurants/cafe-coffee-day-ml-plaza-mantri-bari-road-agartala-260664,"Cafe Coffee Day, Rupasi cinema, Mantribari Road, Dhaleswar799001",Menu/260664.json
142468,Kurry Klub,Agartala,3.7,50+ ratings,₹ 425,"Indian,Chinese",12520010000158,https://www.swiggy.com/restaurants/kurry-klub-chowmuhani-dhaleswar-agartala-142468,"Kurry Klub, C/O Hotel Welcome Palace, Hari Ganga Basak Road, Agartala, near post office chowmuhuni, Agartala, Tripura 799001, Hari Ganga Basak Rd, Dhaleswar, Agartala, Tripura 799001, India",Menu/142468.json
106659,The Hungry Port,Agartala,4.0,500+ ratings,₹ 250,North Indian,22520050000022,https://www.swiggy.com/restaurants/the-hungry-port-krishna-nagar-agartala-106659,"The Hungry Port, Krishna Nagar, Agartala, Tripura 799002, India",Menu/106659.json
498164,DEJA VU,Agartala,3.9,20+ ratings,₹ 300,"Chinese,Indian",license,https://www.swiggy.com/restaurants/deja-vu-hgb-road-agartala-498164,"DEJA VU, MADHYA BANAMALIPUR, Agartala Municiapal Corporation, Agartala Municipal Council, Tripura, 799001",Menu/498164.json
129218,Barbie Food Stall,Agartala,3.1,100+ ratings,₹ 150,North Indian,22521050000418,https://www.swiggy.com/restaurants/barbie-food-stall-banamalipur-indranagar-agartala-129218,"Barbie Food Stall, Bhagaban Thakur Chowmuni, North Banamalipur, Agartala, West Tripura, 799001",Menu/129218.json
361218,INDIAN CAKES & NUTS,Agartala,3.9,50+ ratings,₹ 350,"Indian,Bakery",22521050000030,https://www.swiggy.com/restaurants/indian-cakes-and-nuts-hgb-road-krishna-nagar-agartala-361218,"INDIAN CAKES & NUTS, Thakur Pally Rd, Krishna Nagar, Agartala, Tripura 799001, India",Menu/361218.json
106652,Ritwika's Food Fresto,Agartala,3.5,100+ ratings,₹ 200,North Indian,22520050000132,https://www.swiggy.com/restaurants/ritwikas-food-fresto-bk-road-indranagar-agartala-106652,"Ritwika's Food Fresto, NS Road, C/O Sarkar Enterprise, Near indoor stadium , Agartala-799001",Menu/106652.json
155345,Hotel new bilas,Agartala,--,Too Few Ratings,₹ 225,Indian,22519050000200,https://www.swiggy.com/restaurants/hotel-new-bilas-battala-hgb-road-agartala-155345,"Hotel new bilas, Post office Chowmuni, Agartala, Tripura 799001, India",Menu/155345.json
541876,Punjab grill,Agartala,2.9,50+ ratings,₹ 200,"Indian,North Indian",22522050000191,https://www.swiggy.com/restaurants/punjab-grill-hgb-road-agartala-541876,"Punjab grill, JAIL ASHARAM ROAD,DHALESWAR,AGARTALA, Ward no XXIV (AMC), Agartala Municiapal Corporation, Agartala Municipal Council, Tripura - 799007",Menu/541876.json
140285,Babuana,Agartala,4.0,100+ ratings,₹ 100,"Indian,Chinese",22520051000153,https://www.swiggy.com/restaurants/babuana-hgb-road-indranagar-agartala-140285,"Babuana, opp of sagar Biye Bari, JB Road, Palace Compound, Agartala",Menu/140285.json
354470,Hungrilla (Homely),Agartala,3.6,100+ ratings,₹ 200,"Bengali,Thalis",12521010000115,https://www.swiggy.com/restaurants/hungrilla-homely-hgb-road-indranagar-agartala-354470,"Hungrilla (Homely), Palace compound, Near Air India City Office, Agartala, West Tripura, Pin- 799001",Menu/354470.json
381614,Mukhorochak,Agartala,3.4,20+ ratings,₹ 250,"Bengali,Indian",22521050000250,https://www.swiggy.com/restaurants/mukhorochak-hgb-road-agartala-381614,"Mukhorochak, 4,Mantribari  road , Old rms chowmohani , Ward no XXI  (AMC) , Agartala, Tripura(west)",Menu/381614.json
460534,MADHUR KHABAR,Agartala,2.9,50+ ratings,₹ 100,Chinese,22521050000584,https://www.swiggy.com/restaurants/madhur-khabar-hgb-road-agartala-460534,"MADHUR KHABAR, Dhaleswar, Jail Road, Banamalipur, Indranagar, Dhaleswar, Agartala, Tripura 799007, India",Menu/460534.json
424638,Devi- Family Fast Food Center,Agartala,4.1,20+ ratings,₹ 150,"Indian,Chinese",22521050000545,https://www.swiggy.com/restaurants/devi-family-fast-food-center-hgb-road-agartala-424638,"Devi- Family Fast Food Center, Dim Sagar, Ward no XIX,opp of Astabal maidan,Near Vestige office,Agartala, Tripura(west)799001",Menu/424638.json
535243,Tiffin box,Agartala,--,Too Few Ratings,₹ 200,"Indian,Chinese",22521050000601,https://www.swiggy.com/restaurants/tiffin-box-hgb-road-agartala-535243,"Tiffin box, Ramthakur Sangha, CR Rd, Dhaleswar, Agartala, Tripura 799001, India",Menu/535243.json
544934,Snacks & Chakhna- Hot and Fast,Agartala,--,Too Few Ratings,₹ 300,"Snacks,Chinese",22522050000193,https://www.swiggy.com/restaurants/snacks-and-chakhna-hot-and-fast-hgb-road-agartala-544934,"Snacks & Chakhna- Hot and Fast, Banamalipur, Agartala Municiapal Corporation, Agartala Municipal Council, , Tripura, 799001",Menu/544934.json
422057,Balaji Sweets and Veg Restaurant,Agartala,3.6,20+ ratings,₹ 300,North Indian,12521010000233,https://www.swiggy.com/restaurants/balaji-sweets-and-veg-restaurant-hgb-road-agartala-422057,"Balaji Sweets and Veg Restaurant, 36, Akhaura Rd, Old RMS Chowmuhani, Indranagar, Agartala, Tripura 799001, India",Menu/422057.json
457691,RANNAGHAR,Agartala,3.3,20+ ratings,₹ 200,"Indian,Chinese",22519050000572,https://www.swiggy.com/restaurants/rannaghar-hgb-road-agartala-457691,"RANNAGHAR, OLG R.M.S chowmuhani Municipal corporation Agartala Tripura 799001",Menu/457691.json
498026,Angaara Bhatti,Agartala,--,Too Few Ratings,₹ 250,"Biryani,Indian",22521050000618,https://www.swiggy.com/restaurants/angaara-bhatti-hgb-road-agartala-498026,"Angaara Bhatti, Mantribari road , Old rmschowmohani ,Ward no XX (AMC) ,Agartala, West Tripura799001",Menu/498026.json
226002,Smile Momo,Agartala,--,Too Few Ratings,₹ 100,Chinese,license,https://www.swiggy.com/restaurants/smile-momo-hgb-road-dhaleswar-agartala-226002,"Smile Momo, NEAR LIC OFFICE, PARADISE CHOWMUNI, AGARTALA, 799001, TRIPURA",Menu/226002.json
417721,Ritwika s Kitchen,Agartala,3.4,50+ ratings,₹ 150,"Indian,Chinese",22521050000095,https://www.swiggy.com/restaurants/ritwika-s-kitchen-hgb-road-agartala-417721,"Ritwika s Kitchen, N.S Road, C/o Sarkar Enterprise, Agartala, Tripura(west)",Menu/417721.json
378373,Grill Nation,Agartala,3.5,50+ ratings,₹ 500,"Chinese,Combo",12521010000069,https://www.swiggy.com/restaurants/grill-nation-hgb-road-agartala-378373,"Grill Nation, L.N BARI ROAD BIDURKARTA CHOWMUHANI Agartala Tripura(west)",Menu/378373.json
418416,Belly In Bowl,Agartala,--,Too Few Ratings,₹ 300,Chinese,22522050000061,https://www.swiggy.com/restaurants/belly-in-bowl-hgb-road-agartala-418416,"Belly In Bowl, 4- Mantribari road, Old RMS chowmuni, Agartala, Tripura(west)",Menu/418416.json
155342,Sparks- The food hub,Agartala,4.0,1K+ ratings,₹ 275,Indian,22519050000201,https://www.swiggy.com/restaurants/sparks-the-food-hub-krishna-nagar-agartala-155342,"Sparks- The food hub, Haradhan Sangha, Agartala, 799002",Menu/155342.json
542806,JOY RAM FAST FOOD,Agartala,--,Too Few Ratings,₹ 150,"Indian,Chinese",license,https://www.swiggy.com/restaurants/joy-ram-fast-food-hgb-road-agartala-542806,"JOY RAM FAST FOOD, Town pratapgarh, Agartala, Tripura, India,799001",Menu/542806.json
484400,7 s Chai,Agartala,3.9,20+ ratings,₹ 150,"Beverages,Snacks",22521050000561,https://www.swiggy.com/restaurants/7-s-chai-hgb-road-agartala-484400,"7 s Chai, Officers quarter lane, Krishnanagar, Agartala, West Tripura",Menu/484400.json
108693,Adi Sankar Hotel,Agartala,3.3,50+ ratings,₹ 400,North Indian,22521050000084,https://www.swiggy.com/restaurants/adi-sankar-hotel-dhaleswar-netaji-chowmani-agartala-108693,"Adi Sankar Hotel, Netaji Chowmuhani, Dhaleswar, Agartala, Tripura 799001, India",Menu/108693.json
398254,Devi- Golgappa Chat,Agartala,3.4,20+ ratings,₹ 120,"Chaat,Italian",license,https://www.swiggy.com/restaurants/devi-golgappa-chat-hgb-road-agartala-398254,"Devi- Golgappa Chat, Mealrmath, Near Vishal Mega Mart, Agartala",Menu/398254.json
477251,FOOD CENTRE,Agartala,--,Too Few Ratings,₹ 150,"North Indian,Thalis",license,https://www.swiggy.com/restaurants/food-centre-hgb-road-agartala-477251,"FOOD CENTRE, Bhagaban Thakur Chowmuhani, Banamalipur, Indranagar, Agartala, Tripura 799001, India",Menu/477251.json
129214,Zaika Restaurant,Agartala,3.7,100+ ratings,₹ 250,North Indian,12520010000152,https://www.swiggy.com/restaurants/zaika-restaurant-krishna-nagar-agartala-129214,"Zaika Restaurant, Opposite Ramnagar 6 ,T.G.Road, Krishna Nagar, Krishna Nagar, Agartala, Tripura 799002, India",Menu/129214.json
221998,Kebab Ghar,Agartala,4.0,100+ ratings,₹ 200,Kebabs,22520051000138,https://www.swiggy.com/restaurants/kebab-ghar-jaganath-bari-road-krishna-nagar-agartala-221998,"Kebab Ghar, 37, Akhaura Road, Fire Brigade Chowmani , Agartala",Menu/221998.json
142467,CILANTRO Multi Cuisine Restaurant,Agartala,4.0,100+ ratings,₹ 325,"Thai,Indian",12520010000068,https://www.swiggy.com/restaurants/cilantro-multi-cuisine-restaurant-padma-pukur-krishna-nagar-agartala-142467,"CILANTRO Multi Cuisine Restaurant, opposite to NPCC, Harish Thakur Rd, Padma Pukur, Krishna Nagar, Agartala, Tripura 799002, India",Menu/142467.json
452094,Cholo Abar Khai,Agartala,--,Too Few Ratings,₹ 150,"Indian,Chinese",22519050000204,https://www.swiggy.com/restaurants/cholo-abar-khai-hgb-road-agartala-452094,"Cholo Abar Khai, Kalayani,A.A.Road, Agartala Municipal Corporation, Tripura",Menu/452094.json
216034,Pork Hut,Agartala,--,Too Few Ratings,₹ 250,Indian,license,https://www.swiggy.com/restaurants/pork-hut-hgb-road-melarmath-agartala-216034,"Pork Hut, CHINMOYEE BHAWAN, OFFICE LANE, NEAR CITY CENTRE GATE, AGARTALA, 799001",Menu/216034.json
387274,THE SERIAL GRILLER,Agartala,3.5,100+ ratings,₹ 300,"Biryani,Chinese",22521050000391,https://www.swiggy.com/restaurants/the-serial-griller-hgb-road-agartala-387274,"THE SERIAL GRILLER, 3, Officers Quarter Ln, Krishna Nagar, Agartala, Tripura 799001, India",Menu/387274.json
387984,Rahul fast Food Egg Cake,Agartala,4.5,20+ ratings,₹ 100,Fast Food,22520051000123,https://www.swiggy.com/restaurants/rahul-fast-food-egg-cake-hgb-road-agartala-387984,"Rahul fast Food Egg Cake, 2nd floor, City center, RMS Chowmuhani, room13th, Agartala, Tripura 799001, India",Menu/387984.json
418431,Hungrilla Vegan (Pure Veg),Agartala,3.6,20+ ratings,₹ 150,"Indian,Bengali",12521010000115,https://www.swiggy.com/restaurants/hungrilla-vegan-pure-veg-hgb-road-agartala-418431,"Hungrilla Vegan (Pure Veg), Near Air India city office, North Gate, Palace Compound, Agartala, Tripura(west)",Menu/418431.json
256523,High Tree,Agartala,3.6,50+ ratings,₹ 150,Indian,22521050000079,https://www.swiggy.com/restaurants/high-tree-hgb-road-melarmath-agartala-256523,"High Tree, 2nd Floor, Agartala City Center, Paradise Chowmohani, Melarmath, Dhaleswar, Agartala, Tripura 799001, India",Menu/256523.json
400695,Baku Tiffin House,Agartala,4.0,100+ ratings,₹ 200,"Indian,Biryani",22521050000441,https://www.swiggy.com/restaurants/baku-tiffin-house-hgb-road-agartala-400695,"Baku Tiffin House, Unnamed Road, Krishna Nagar, Agartala, Tripura 799002, India",Menu/400695.json
190512,Domino's Pizza,Agartala,4.4,100+ ratings,₹ 425,Pizzas,12519010000296,https://www.swiggy.com/restaurants/dominos-pizza-citycentre-dhaleswar-agartala-190512,"Domino's Pizza, CityCentreAgartala,ParadiseChowmuhani,GroundFloor(westernside)",Menu/190512.json
298120,Debbarma Food Corner,Agartala,2.4,50+ ratings,₹ 200,North Eastern,license,https://www.swiggy.com/restaurants/debbarma-food-corner-hgb-road-krishna-nagar-agartala-298120,"Debbarma Food Corner, Gourav  Debbarma,Puratan  kali  Bari  Road,  Agartala, -  799001",Menu/298120.json
298134,CHATHATAK (A COMPLETE TRIBAL FOOD),Agartala,3.6,50+ ratings,₹ 200,North Eastern,license,https://www.swiggy.com/restaurants/chathatak-a-complete-tribal-food-hgb-road-krishna-nagar-agartala-298134,"CHATHATAK (A COMPLETE TRIBAL FOOD), Gourav  Debbarma,Puratan  Kali  Bari  Road,  Agartala,   -  799001",Menu/298134.json
516317,Aurum,Agartala,3.3,50+ ratings,₹ 350,"Snacks,Indian",12521010000296,https://www.swiggy.com/restaurants/aurum-hgb-road-agartala-516317,"Aurum, CITY CENTRE 2ND FLOOR,AGARTALA MUNICIPAL CORPORATION,Tripura- 799001",Menu/516317.json
471533,APARNA TIFIN & FASTFOOD,Agartala,--,Too Few Ratings,₹ 150,"Chinese,Thalis",license,https://www.swiggy.com/restaurants/aparna-tifin-and-fastfood-hgb-road-agartala-471533,"APARNA TIFIN & FASTFOOD, Krishna Nagar, Agartala, Tripura 799001, India",Menu/471533.json
307163,Khunti	Karai,Agartala,4.1,50+ ratings,₹ 200,Indian,12519010000415,https://www.swiggy.com/restaurants/khunti-karai-hgb-road-dhaleswar-agartala-307163,"Khunti	Karai, Melarmath	HGB	Road	Opp	Madan	Mohan	Temple Agartala",Menu/307163.json
402269,Pork Lovers,Agartala,2.9,20+ ratings,₹ 150,"Biryani,Indian",22521050000458,https://www.swiggy.com/restaurants/pork-lovers-hgb-road-agartala-402269,"Pork Lovers, Krishna Nagar, Old Kali Bari Road, Padma Pukur Par, Agartala",Menu/402269.json
492449,Maa Saradar Ranna Ghor,Agartala,4.0,100+ ratings,₹ 125,"Indian,Snacks",12522010000071,https://www.swiggy.com/restaurants/maa-saradar-ranna-ghor-hgb-road-dhaleshwar-agartala-492449,"Maa Saradar Ranna Ghor, 	Dhaleshwar, Road No: 16, PO: Dhaleshwar, Agartala Municiapal Corporation, Agartala Municipal Council, Tripura, 799007",Menu/492449.json
306768,Food Plaza,Agartala,4.0,20+ ratings,₹ 300,"Chinese,Mughlai",22519050000375,https://www.swiggy.com/restaurants/food-plaza-hgb-road-jay-nagar-agartala-306768,"Food Plaza, Joynagar, AK Road Opp UBI Bank Agartala Municipal Corporation",Menu/306768.json
531066,BONGO ROSH,Agartala,3.4,100+ ratings,₹ 300,"North Indian,Chinese",22521050000604,https://www.swiggy.com/restaurants/bongo-rosh-ker-chowmuhani-agartala-531066,"BONGO ROSH, Ker chowmuhani, Ramnagar road no.2, Agartala.",Menu/531066.json
572448,Chai Sutta Bar,Agartala,--,Too Few Ratings,₹ 100,"Beverages,Fast Food",12522010000139,https://www.swiggy.com/restaurants/chai-sutta-bar-hgb-road-agartala-572448,"Chai Sutta Bar, Advisor Chowmuhani, Krishna Nagar, Agartala, Tripura 799001, India",Menu/572448.json
548154,SKF FOOD WORLD,Agartala,3.8,20+ ratings,₹ 150,"Indian,Seafood",license,https://www.swiggy.com/restaurants/skf-food-world-hgb-road-agartala-548154,"SKF FOOD WORLD, Town Pratapgarh, Agartala, Tripura 799001, India",Menu/548154.json
384570,Mirch Masala Fast food,Agartala,--,Too Few Ratings,₹ 200,"Chinese,Indian",22521050000395,https://www.swiggy.com/restaurants/mirch-masala-fast-food-hgb-road-agartala-384570,"Mirch Masala Fast food, no 18, Dhaleswar Road Number 3, Banamalipur, Indranagar, Agartala, Tripura, India",Menu/384570.json
508034,GHARUA FAST FOOD,Agartala,--,Too Few Ratings,₹ 150,"Biryani,Chinese",license,https://www.swiggy.com/restaurants/gharua-fast-food-hgb-road-agartala-508034,"GHARUA FAST FOOD, CITY CENTRE, HGB ROAD, AGARTALA, TRIPURA, INDIA, 799001",Menu/508034.json
475170,Error 404,Agartala,--,Too Few Ratings,₹ 100,"Snacks,Chaat",22522050000020,https://www.swiggy.com/restaurants/error-404-hgb-road-agartala-475170,"Error 404, Joynagar bus stand, near pillar number 50, agartala, tripura west",Menu/475170.json
382150,Dakshin Bharat,Agartala,--,Too Few Ratings,₹ 99,"Indian,Chinese",22520050000164,https://www.swiggy.com/restaurants/dakshin-bharat-hgb-road-agartala-382150,"Dakshin Bharat, Police Headquarters, Akhaura Road, Jay Nagar, Agartala, Tripura, India",Menu/382150.json
107750,Rock N Roll,Agartala,4.5,20+ ratings,₹ 175,"North Indian,Chinese",22522050000091,https://www.swiggy.com/restaurants/rock-n-roll-krishna-nagar-agartala-107750,"Rock N Roll, Krishna Nagar,Near Sanghati Club, Krishna Nagar, Agartala, Tripura 799001, India",Menu/107750.json
522250,HRM Cloud Kitchen,Agartala,--,Too Few Ratings,₹ 200,"North Indian,Chinese",12522010000029,https://www.swiggy.com/restaurants/hrm-cloud-kitchen-hgb-road-agartala-522250,"HRM Cloud Kitchen, Battala, Agartala, Tripura 799001, India",Menu/522250.json
359032,TryMe,Agartala,3.8,100+ ratings,₹ 200,"Indian,Chinese",12521010000071,https://www.swiggy.com/restaurants/tryme-hgb-road-dhaleswar-agartala-359032,"TryMe, Old Motorstand, Near Shanitala, Agartala, West Tripura 788001",Menu/359032.json
106651,Coffee tea and me,Agartala,--,Too Few Ratings,₹ 250,Cafe,12519010000278,https://www.swiggy.com/restaurants/coffee-tea-and-me-bk-road-ram-nagar-agartala-106651,"Coffee tea and me, Ramnagar 2-3 , T.G road , Agartala -799002, Near Road Number 3.",Menu/106651.json
485620,Hotel VIP International Agartala,Agartala,2.7,50+ ratings,₹ 300,"Biryani,Kebabs",12521010000287,https://www.swiggy.com/restaurants/hotel-vip-international-agartala-hgb-road-agartala-485620,"Hotel VIP International Agartala, Ujan Abhoynagar Agartala,Agartala Municipal Corporation ,Tripura-799005",Menu/485620.json
155428,Momo Magic Cafe (Sankar Chowmuni),Agartala,--,Too Few Ratings,₹ 300,"Indian,Chinese",license,https://www.swiggy.com/restaurants/momo-magic-cafe-sankar-chowmuni-ramnagar-krishna-nagar-agartala-155428,"Momo Magic Cafe (Sankar Chowmuni), BIJOY KUMAR CHOWMUHANI, Krishna Nagar, Agartala, Tripura 799001, India",Menu/155428.json
353206,Food Delight,Agartala,4.2,50+ ratings,₹ 150,Chinese,22520050000145,https://www.swiggy.com/restaurants/food-delight-hgb-road-gurkhabosti-agartala-353206,"Food Delight, Airport Road, Gurkhabasti, Agartala, West Tripura  799006",Menu/353206.json
231062,Sherowali Sweets and Fast Food,Agartala,4.2,100+ ratings,₹ 150,Desserts,12519010000348,https://www.swiggy.com/restaurants/sherowali-sweets-and-fast-food-hgb-road-krishna-nagar-agartala-231062,"Sherowali Sweets and Fast Food, Sankar Chowmuni, Agartala, West Tripura, Tripura, 799001",Menu/231062.json
514461,ANNAPURNA FAST FOOD CENTER,Agartala,--,Too Few Ratings,₹ 150,"Biryani,North Indian",22522050000073,https://www.swiggy.com/restaurants/annapurna-fast-food-center-hgb-road-agartala-514461,"ANNAPURNA FAST FOOD CENTER, T.K BARDOWALI MOUJA, AGARTALA, TRIPURA, INDIA, 799001",Menu/514461.json
574146,ONE BITE  - Agartala,Agartala,--,Too Few Ratings,₹ 250,"Pizzas,American",12522010000095,https://www.swiggy.com/restaurants/one-bite-agartala-hgb-road-agartala-574146,"ONE BITE  - Agartala, KER CHOWMUHANI, RONALDSAY ROAD, AGARTALA, Agartala Municiapal Corporation, Agartala Municipal Council, Tripura-799002",Menu/574146.json
381622,Smooth Brew Cafe,Agartala,3.7,20+ ratings,₹ 150,"Bakery,Indian",12520010000257,https://www.swiggy.com/restaurants/smooth-brew-cafe-hgb-road-agartala-381622,"Smooth Brew Cafe, TG Road, Sankar Chowmuni, Ram Nagar, Agartala Tripura(west)     799001",Menu/381622.json
424442,Dawat,Agartala,3.6,500+ ratings,₹ 300,"Kebabs,Biryani",22521050000507,https://www.swiggy.com/restaurants/dawat-hgb-road-agartala-424442,"Dawat, Ramnagar road no-7 (middle point) , Binode mansion, Ram Nagar, Agartala, Tripura 799002, India",Menu/424442.json
156629,Misti Pan,Agartala,--,Too Few Ratings,₹ 75,Desserts,license,https://www.swiggy.com/restaurants/misti-pan-ramnagar-krishna-nagar-agartala-156629,"Misti Pan, BIJOY KUMAR CHOWMUHANI, Krishna Nagar, Agartala, Tripura 799001, India",Menu/156629.json
439733,Green House,Agartala,2.3,20+ ratings,₹ 200,Indian,license,https://www.swiggy.com/restaurants/green-house-hgb-road-agartala-439733,"Green House, R7QC+7MF, Krishna Nagar, Agartala, Tripura 799002, India",Menu/439733.json
392717,Rajbir Restaurant,Agartala,4.0,20+ ratings,₹ 150,Indian,22521050000172,https://www.swiggy.com/restaurants/rajbir-restaurant-hapania-agartala-392717,"Rajbir Restaurant, A.D NAGAR, M.B TILLA, ROAD NO. 3",Menu/392717.json
407920,Quick Bites,Agartala,--,Too Few Ratings,₹ 100,"Snacks,Mughlai",22521050000503,https://www.swiggy.com/restaurants/quick-bites-hgb-road-agartala-407920,"Quick Bites, Ronaldsay Rd, Krishna Nagar, Agartala, Tripura 799002, India",Menu/407920.json
282725,FULL HOUSE - AQUILARIA CLUBHOUSE,Agartala,4.3,100+ ratings,₹ 600,"Chinese,Indian",12520010000298,https://www.swiggy.com/restaurants/full-house-aquilaria-clubhouse-airportline-gurkhabosti-agartala-282725,"FULL HOUSE - AQUILARIA CLUBHOUSE, Unnamed Road, 79 Tilla, AgM/S. D.S.DATAMATICS PVT.LTD. AQUILARIA CLUBHOUSE Kathal Bagan, Gorkhabasti, Agartala Municipal Council(Tripura)-799006artala, Tripura 799010, India",Menu/282725.json
302297,AMRITA FAST FOOD CENTRE,Agartala,4.3,20+ ratings,₹ 200,Snacks,22520050000147,https://www.swiggy.com/restaurants/amrita-fast-food-centre-airportline-gurkhabosti-agartala-302297,"AMRITA FAST FOOD CENTRE, Unnamed Road, 79 Tilla, Agartala, Tripura 799010, India",Menu/302297.json
528945,TeaoOze (The snacks bar),Agartala,3.9,50+ ratings,₹ 160,"Snacks,Chinese",license,https://www.swiggy.com/restaurants/teaooze-the-snacks-bar-hgb-road-agartala-528945,"TeaoOze (The snacks bar), opp. B.Ed College, near Heritage Park, Gorkhabasti, 79 Tilla, Agartala, Tripura 799006, India",Menu/528945.json
377559,HML Rooftop Restaurant,Agartala,3.9,50+ ratings,₹ 450,"Chinese,Biryani",12521010000156,https://www.swiggy.com/restaurants/hml-rooftop-restaurant-hapania-agartala-377559,"HML Rooftop Restaurant, Hotel Himalaya Agartala, Bardowali, Agartala, Tripura, India",Menu/377559.json
372467,Hotel Polo Towers,Agartala,3.6,50+ ratings,₹ 600,"Indian,Chinese",20210412102500,https://www.swiggy.com/restaurants/hotel-polo-towers-hgb-road-krishna-nagar-agartala-372467,"Hotel Polo Towers, VIP Road, Near Rabindra Kanan, Kunjavan, Agartala, Tripura(west)",Menu/372467.json
376670,The Food Villa,Agartala,4.4,20+ ratings,₹ 180,Chinese,22522050000022,https://www.swiggy.com/restaurants/the-food-villa-hgb-road-79-tilla-agartala-376670,"The Food Villa, Near Bholagiri Ashram, 79 Tilla, Agartala, Tripura 799006, India",Menu/376670.json
376532,New Royal Veg,Agartala,3.7,20+ ratings,₹ 200,"Indian,Chinese",22521050000163,https://www.swiggy.com/restaurants/new-royal-veg-hgb-road-gurkhabosti-agartala-376532,"New Royal Veg, Gurkhabasti, Kathal began, Airport broad,Agartala Tripura west  799006",Menu/376532.json
541131,HUNGRY HEAD CAFE,Agartala,--,Too Few Ratings,₹ 150,"Snacks,Beverages",22522050000178,https://www.swiggy.com/restaurants/hungry-head-cafe-hgb-road-agartala-541131,"HUNGRY HEAD CAFE, VIP Rd, Gorkhabasti, Abhay Nagar, Agartala, Tripura 799006, India",Menu/541131.json
147502,Momos 20,Agartala,3.1,50+ ratings,₹ 125,Indian,22522050000007,https://www.swiggy.com/restaurants/momos-20-airport-road-79-tilla-agartala-147502,"Momos 20, Gurkhabasti, Bholagiri Road, Agartala, 799004",Menu/147502.json
375975,Tihar Flavours of Jail,Agartala,3.2,20+ ratings,₹ 200,"Indian,Chinese",12521010000137,https://www.swiggy.com/restaurants/tihar-flavours-of-jail-hapania-badharghat-agartala-375975,"Tihar Flavours of Jail, Opp of Milanchakra Club Milanchakra Agartala Tripura west",Menu/375975.json
575772,MOU RESTAURANT & HOTEL,Agartala,--,Too Few Ratings,₹ 550,"North Indian,Chinese",22522050000210,https://www.swiggy.com/restaurants/mou-restaurant-and-hotel-hgb-road-agartala-575772,"MOU RESTAURANT & HOTEL, DURGA CHOWMUHANI BAZAR WARD NO1 (AMC) TRIPURA",Menu/575772.json
492152,KURKUMA Restuarant & Cafe,Agartala,--,Too Few Ratings,₹ 220,"Arabian,Chinese",22522050000001,https://www.swiggy.com/restaurants/kurkuma-restuarant-and-cafe-hgb-road-agartala-492152,"KURKUMA Restuarant & Cafe, Agartala Arpt Rd, 79 Tilla, Agartala, Tripura 799010, India",Menu/492152.json
477947,MOMO SALE (REPO),Agartala,--,Too Few Ratings,₹ 150,"Chinese,Biryani",22520050000122,https://www.swiggy.com/restaurants/momo-sale-repo-hgb-road-agartala-477947,"MOMO SALE (REPO), GURKHABASTI, KUNJABAN, AGARTALA, TRIPURA, INDIA, 799006",Menu/477947.json
383822,Ginger,Agartala,3.9,20+ ratings,₹ 250,"Chinese,Kebabs",license,https://www.swiggy.com/restaurants/ginger-hgb-road-agartala-383822,"Ginger, Opp of CNG, TV Tower, Milanchakra, Agartala",Menu/383822.json
574413,STEAMIN MUGS CAFE & RESTAURANT,Agartala,--,Too Few Ratings,₹ 400,"North Indian,Chinese",12522010000117,https://www.swiggy.com/restaurants/steamin-mugs-cafe-and-restaurant-gb-road-agartala-574413,"STEAMIN MUGS CAFE & RESTAURANT, KUNJABAN, AGARTALA TRIPURA WEST, Agartala Municiapal Corporation, Agartala Municipal Council, Tripura-799001",Menu/574413.json
432874,Maa Bhagawati Bhoj,Agartala,3.5,100+ ratings,₹ 200,"Indian,Chinese",12521010000264,https://www.swiggy.com/restaurants/maa-bhagawati-bhoj-hgb-road-agartala-432874,"Maa Bhagawati Bhoj, Kashipur Cooperative, AA Road, Agartala 799001",Menu/432874.json
285935,Roasted Beans Cafe,Agartala,3.5,20+ ratings,₹ 275,"Continental,Pizzas",12520010000067,https://www.swiggy.com/restaurants/roasted-beans-cafe-hgb-road-kunjaban-agartala-285935,"Roasted Beans Cafe, Khejurbagan near Ginger hotel",Menu/285935.json
148656,Have Break Momo Stall,Agartala,3.7,100+ ratings,₹ 150,Chinese,22522050000099,https://www.swiggy.com/restaurants/have-break-momo-stall-airport-line-79-tilla-agartala-148656,"Have Break Momo Stall, Gurkhabasti, 79 Tilla, Agartala, Tripura 799010",Menu/148656.json
210521,Aap Ki Rasoi,Agartala,3.8,100+ ratings,₹ 150,"Indian,Chinese",12519010000176,https://www.swiggy.com/restaurants/aap-ki-rasoi-airportline-barjala-agartala-210521,"Aap Ki Rasoi, Bhati Abhoynagar Airport Rd, Barjala, Agartala, Tripura 799002, India",Menu/210521.json
463976,GOLDEN CAFEN AND RESTURA,Agartala,--,Too Few Ratings,₹ 150,"Chinese,Indian",12521010000298,https://www.swiggy.com/restaurants/golden-cafen-and-restura-hgb-road-agartala-463976,"GOLDEN CAFEN AND RESTURA, Khayerpur, Trinath Mandir, Agartala, Tripura, India, 799008",Menu/463976.json
513496,RAMKRISHNA HOTEL AND RESTAURANT,Agartala,3.1,20+ ratings,₹ 100,"Indian,Biryani",12521010000074,https://www.swiggy.com/restaurants/ramkrishna-hotel-and-restaurant-siddhi-ashram-near-agartala-railway-station-agartala-513496,"RAMKRISHNA HOTEL AND RESTAURANT, 271662",Menu/513496.json
560965,WOW KITCHEN,Agartala,--,Too Few Ratings,₹ 300,"Snacks,Chinese",license,https://www.swiggy.com/restaurants/wow-kitchen-hgb-road-agartala-560965,"WOW KITCHEN, NIMBARK, SIDDHI ASHRAM, Dukli,  West Tripura , Tripura, 799003",Menu/560965.json
384964,Ajanta Hotel,Agartala,3.8,50+ ratings,₹ 200,"Thalis,North Indian",12521010000093,https://www.swiggy.com/restaurants/ajanta-hotel-hapania-agartala-384964,"Ajanta Hotel, ONGC Main gate, Agartala, Tripura 799014, India",Menu/384964.json
453970,Cheers restaurant,Agartala,--,Too Few Ratings,₹ 200,"Chinese,Indian",license,https://www.swiggy.com/restaurants/cheers-restaurant-hgb-road-agartala-453970,"Cheers restaurant, V7G9+867, Nutan Nagar, Agartala, Tripura 799009, India",Menu/453970.json
454572,OXYFEED RESTAURANT,Agartala,4.0,20+ ratings,₹ 150,"Biryani,Indian",22521051000222,https://www.swiggy.com/restaurants/oxyfeed-restaurant-hgb-road-agartala-454572,"OXYFEED RESTAURANT, SALBAGAN,SUBHASH COLONY, Purba Gandhigram Gram Panchayat, Mohanpur, West Tripura , Tripura - 799012",Menu/454572.json
133987,Nirmala Hotel & Restaurant,Agartala,3.6,100+ ratings,₹ 225,"North Indian,Chinese",22519050000102,https://www.swiggy.com/restaurants/nirmala-hotel-and-restaurant-hapania-bypass-agartala-agartala-133987,"Nirmala Hotel & Restaurant, Hapania Bypass, Agartala, West Tripura",Menu/133987.json
515674,Bong Spice,Agartala,3.3,20+ ratings,₹ 200,"Indian,Fast Food",22522051000103,https://www.swiggy.com/restaurants/bong-spice-hgb-road-hapania-agartala-515674,"Bong Spice, Near Tripura Medical College, Hapania , Hapania Gram Panchayat , Dukli, West Tripura , Tripura-799014",Menu/515674.json
384541,GraviTEA,Agartala,--,Too Few Ratings,₹ 200,"Indian,Chinese",12521011000026,https://www.swiggy.com/restaurants/gravitea-hapania-agartala-384541,"GraviTEA, Amtali, Khash Madupur, Agartala, Tripura(west)",Menu/384541.json
235936,Roni Punjabi Dhaba,Agartala,4.0,100+ ratings,₹ 200,North Indian,license,https://www.swiggy.com/restaurants/roni-punjabi-dhaba-hapania-arundhauti-nagar-agartala-235936,"Roni Punjabi Dhaba, Amtali Bypass Road, Near Sai Baba Ashram, Agartala, Tripura West. 799003",Menu/235936.json
74562,Bhagat Halwai (Dayal Bagh),Agra,3.9,1K+ ratings,₹ 250,"Chinese,North Indian",12718001000159,https://www.swiggy.com/restaurants/bhagat-halwai-dayal-bagh-shahganj-dayal-bagh-agra-74562,"Bhagat Halwai (Dayal Bagh), Heera Bagh, Khel Gaon Dayal Bagh, Agra",Menu/74562.json
74569,Mama Chicken Mama Franky House,Agra,3.8,1K+ ratings,₹ 200,"Chinese,North Indian",12715001000797,https://www.swiggy.com/restaurants/mama-chicken-mama-franky-house-sardar-bazar-idgah-colony-agra-74569,"Mama Chicken Mama Franky House, Mama Chicken Mama Franky house A-17 Shoping Arcade, Sadar Bazar, Agra Cantt, Idgah Colony, Agra, Uttar Pradesh 282001",Menu/74569.json
92199,Om Restaurant,Agra,3.9,20+ ratings,₹ 250,North Indian,22719600000000,https://www.swiggy.com/restaurants/om-restaurant-dhakran-chauraha-mg-road-rakabganj-agra-92199,"Om Restaurant, Dhakran Chauraha, MG Road, Civil Lines, Agra",Menu/92199.json
74558,Bhagat Halwai & Sons - Shahganj,Agra,3.9,1K+ ratings,₹ 250,"South Indian,North Indian",12718001000159,https://www.swiggy.com/restaurants/bhagat-halwai-and-sons-shahganj-shahganj-agra-74558,"Bhagat Halwai & Sons - Shahganj, 62/1, Near Easy Day, Parshuram Vihar, Shahganj",Menu/74558.json
102855,Deep Corner,Agra,3.4,100+ ratings,₹ 300,Desserts,12715001000935,https://www.swiggy.com/restaurants/deep-corner-gajanan-nagar-shahganj-agra-102855,"Deep Corner, 3/559 crossing Rui ki Mandi Shahganj Agra  Near GMB sweets",Menu/102855.json
74359,Pankhuri Restaurant,Agra,--,Too Few Ratings,₹ 400,"Chinese,South Indian",12717001000023,https://www.swiggy.com/restaurants/pankhuri-restaurant-rakabganj-agra-74359,"Pankhuri Restaurant, Hotel Moti Palace, Dhakran Crossing, M G Road, Rakabganj, Agra",Menu/74359.json
93939,Bhagat Halwai - Nehru Nagar (Civil Lines),Agra,4.0,100+ ratings,₹ 200,"Sweets,South Indian",12718001000362,https://www.swiggy.com/restaurants/bhagat-halwai-nehru-nagar-civil-lines-nehru-nagar-civil-lines-agra-93939,"Bhagat Halwai - Nehru Nagar (Civil Lines), Near Anjana Cinema, Nehru Nagar, Civil Lines, Agra",Menu/93939.json
466379,Shri ram chat and fast food corner,Agra,--,Too Few Ratings,₹ 100,Street Food,22721583000047,https://www.swiggy.com/restaurants/shri-ram-chat-and-fast-food-corner-civil-lines-agra-466379,"Shri ram chat and fast food corner, Dhakran Crossing, Panchkuian, Rakabganj, Agra, Uttar Pradesh, India",Menu/466379.json
102893,Desi Masala,Agra,--,Too Few Ratings,₹ 200,North Indian,22718583000024,https://www.swiggy.com/restaurants/desi-masala-civil-lines-rakabganj-agra-102893,"Desi Masala, 31/272, M.G Road, Ravli, Civil Lines, Agra",Menu/102893.json
299472,La Pino'z Pizza,Agra,4.0,500+ ratings,₹ 300,"Pizzas,Fast Food",12720001000386,https://www.swiggy.com/restaurants/la-pinoz-pizza-civil-lines-agra-299472,"La Pino'z Pizza, Shop no 114/11-G & Shop no 114//22-G Ground floor deep shikha building Sanjay place",Menu/299472.json
392498,The Manoj Restaurant,Agra,4.0,100+ ratings,₹ 400,"South Indian,North Indian",12721001000296,https://www.swiggy.com/restaurants/the-manoj-restaurant-civil-lines-agra-392498,"The Manoj Restaurant, 1/43, 1/43/1, johri bazar, subhash bazar, Agra",Menu/392498.json
102884,Labbaik Chicken Corner,Agra,3.2,100+ ratings,₹ 600,North Indian,22719600000000,https://www.swiggy.com/restaurants/labbaik-chicken-corner-nai-ki-mandi-mantola-agra-102884,"Labbaik Chicken Corner, Nalband Crossing, Ghalibpura Road, Nai Ki Mandi, Mantola, Agra",Menu/102884.json
202097,New Pizza King,Agra,4.0,500+ ratings,₹ 300,"Pizzas,Italian",22719580000122,https://www.swiggy.com/restaurants/new-pizza-king-gajanan-nagar-shahganj-agra-202097,"New Pizza King, Plot 7,8 Rana Market, Below Easyday, Saket Colony Road, Sahaganj Agra",Menu/202097.json
446731,Famous Restaurant,Agra,--,Too Few Ratings,₹ 300,"South Indian,Chinese",21521163000824,https://www.swiggy.com/restaurants/famous-restaurant-sadar-bazaar-agra-446731,"Famous Restaurant, 45 mg road, aannd bazar Agra",Menu/446731.json
102924,GMB - Gopika Sweets & Restaurant,Agra,4.1,100+ ratings,₹ 200,"Sweets,North Indian",12714001000719,https://www.swiggy.com/restaurants/gmb-gopika-sweets-and-restaurant-crystal-tower-tajganj-agra-102924,"GMB - Gopika Sweets & Restaurant, Ground Floor, Crystal Tower, Fatehabad Rd, Bagichi, Tajganj, Agra, Uttar Pradesh 282001",Menu/102924.json
576441,HARI PAN BHANDAR,Agra,--,Too Few Ratings,₹ 200,Pan-Asian,22722588000148,https://www.swiggy.com/restaurants/hari-pan-bhandar-civil-lines-agra-576441,"HARI PAN BHANDAR, 4/450 kacheri ghat agra",Menu/576441.json
289869,Pushpak Misthan Bhandar,Agra,3.9,100+ ratings,₹ 200,"Sweets,Street Food",12714001000451,https://www.swiggy.com/restaurants/pushpak-misthan-bhandar-civil-lines-mantola-agra-289869,"Pushpak Misthan Bhandar, fulatti bazar, Agra",Menu/289869.json
547286,Kanak Misthan Bhandar,Agra,--,Too Few Ratings,₹ 200,"Snacks,Fast Food",22721585000179,https://www.swiggy.com/restaurants/kanak-misthan-bhandar-civil-lines-agra-547286,"Kanak Misthan Bhandar, ARJUN NAGAR BHOGIPURA AGRA, WARD NO. 41 NAMNER, Nagar Nigam Food Safety Zone 12, Agra, Uttar Pradesh",Menu/547286.json
252910,Chimmanlal Poori Wale,Agra,3.5,500+ ratings,₹ 200,"Desserts,North Indian",22717587000115,https://www.swiggy.com/restaurants/chimmanlal-poori-wale-gajanan-nagar-mantola-agra-252910,"Chimmanlal Poori Wale, Chiman Lal Puri Wale, Daresi Road Jama Masjid, , Agra, Uttar Pradesh 282003",Menu/252910.json
422482,Deviram Royal Restaurant,Agra,3.5,50+ ratings,₹ 400,"North Indian,Chinese",12714001000618,https://www.swiggy.com/restaurants/deviram-royal-restaurant-sikandra-pratappura-agra-422482,"Deviram Royal Restaurant , 3/2, Pratapura, Tajganj, Agra",Menu/422482.json
499591,Shawarma n rolls,Agra,--,Too Few Ratings,₹ 300,"Arabian,Snacks",license,https://www.swiggy.com/restaurants/shawarma-n-rolls-tajganj-agra-499591,"Shawarma n rolls, Khasra No. 1374A, 1375 A, Dinesh Nagar, Mauja Basai Mustkil Agra, Agra, Uttar Pradesh",Menu/499591.json
102954,GMB Sweets,Agra,4.3,100+ ratings,₹ 200,"Sweets,South Indian",12714001000719,https://www.swiggy.com/restaurants/gmb-sweets-idgah-sadar-bazaar-agra-102954,"GMB Sweets, 1-2, Akash Complex, Idgah, Near Agra Cantt, Agra Cantt, Agra",Menu/102954.json
530179,kathi express,Agra,--,Too Few Ratings,₹ 200,"Snacks,Biryani",12722001000254,https://www.swiggy.com/restaurants/kathi-express-civil-lines-agra-530179,"kathi express, 10/55 KATRA MADARI KHAN",Menu/530179.json
506276,Chinese Food Express,Agra,--,Too Few Ratings,₹ 300,Chinese,license,https://www.swiggy.com/restaurants/chinese-food-express-tajganj-agra-506276,"Chinese Food Express, Khasra No. 1374A, 1375 A, Dinesh Nagar, Mauja Basai Mustkil Agra,  Agra, Uttar Pradesh-282001",Menu/506276.json
540806,Jenith Fast Food,Agra,--,Too Few Ratings,₹ 300,"Fast Food,North Indian",12716001000566,https://www.swiggy.com/restaurants/jenith-fast-food-civil-lines-agra-540806,"Jenith Fast Food, 1/36, Johari Bazar, Agra, Chhatta Zone, Agra, Uttar Pradesh-282003",Menu/540806.json
79627,FNP Cakes n More,Agra,3.5,20+ ratings,₹ 200,Desserts,12718001000031,https://www.swiggy.com/restaurants/fnp-cakes-n-more-baluganj-rakabganj-agra-79627,"FNP Cakes n More, Shop 1, Meher Complex, Baluganj, Rakabganj, Agra",Menu/79627.json
423314,Biryani & Kebab By Zahid Foods,Agra,3.9,20+ ratings,₹ 300,"North Indian,Biryani",12722001000132,https://www.swiggy.com/restaurants/biryani-and-kebab-by-zahid-foods-tajganj-agra-423314,"Biryani & Kebab By Zahid Foods, Plot no. 1374 and 1375 dinesh nagar, Opp ITC Mughal hotel fatehabad road, tajganj, Agra",Menu/423314.json
554819,food plus,Agra,--,Too Few Ratings,₹ 500,Bakery,license,https://www.swiggy.com/restaurants/food-plus-civil-lines-agra-554819,"food plus, 58 NORTH IDGAH COLONY, AGRA, AGRA, UTTAR PRADESH-282010",Menu/554819.json
398748,Mr Rice Box,Agra,--,Too Few Ratings,₹ 200,"Indian,Chinese",22720580000213,https://www.swiggy.com/restaurants/mr-rice-box-sikandra-civil-lines-agra-398748,"Mr Rice Box,  508, Awadhpuri tiraha, Alwatiya, Shahganj, Agra",Menu/398748.json
91224,Shan-E-Hind,Agra,3.5,100+ ratings,₹ 400,North Indian,12718001000835,https://www.swiggy.com/restaurants/shan-e-hind-sadar-idgah-colony-agra-91224,"Shan-E-Hind, Shop 10/11, Shopping Arcade, Sadar Bazar, Agra Cantt, Agra",Menu/91224.json
576146,VISHAL VARUN BAKERS,Agra,--,Too Few Ratings,₹ 50,"Bakery,Pizzas",22721585000154,https://www.swiggy.com/restaurants/vishal-varun-bakers-sadar-bazaar-agra-576146,"VISHAL VARUN BAKERS, 33/123 b-2 old rto compound  pratappura",Menu/576146.json
97066,Chimmanlal Puri Wale (Since -1840 - Original),Agra,3.7,100+ ratings,₹ 100,North Indian,12717001001234,https://www.swiggy.com/restaurants/chimmanlal-puri-wale-since-1840-original-daresi-mantola-agra-97066,"Chimmanlal Puri Wale (Since -1840 - Original), Daresi Road, Jama Masjid, Kinari Bazar, Sheb Bazar, Mantola, Agra",Menu/97066.json
254105,McDonald's,Agra,3.9,1K+ ratings,₹ 400,American,12719001000303,https://www.swiggy.com/restaurants/mcdonalds-up-cosmos-mall-civil-lines-agra-254105,"McDonald's, UP Agra Cosmos Mall, Shop No. U G A- 4 & 5. Upper Ground Floor, Ashok Cosmos Mall.Agra- 282001",Menu/254105.json
227830,Shri Shyam Ji Shakahari Bhojanalaya,Agra,--,Too Few Ratings,₹ 200,North Indian,22720584000027,https://www.swiggy.com/restaurants/shri-shyam-ji-shakahari-bhojanalaya-gajanan-nagar-rakabganj-agra-227830,"Shri Shyam Ji Shakahari Bhojanalaya, M/s Shri Shyam Ji Shakahari Bhojnalaya 9/55/56 Shivaji Market Agra, District - Agra, STATE - Uttar Pradesh",Menu/227830.json
102974,Cake House,Agra,3.2,1K+ ratings,₹ 150,"Bakery,Desserts",12719001000469,https://www.swiggy.com/restaurants/cake-house-civil-lines-agra-102974,"Cake House, 23/301, Wazirpura Rd, Judge Compound Chowraha, Wazirpura, Civil Lines, Agra",Menu/102974.json
407809,Pizza Hut,Agra,3.7,50+ ratings,₹ 300,Pizzas,12721001000602,https://www.swiggy.com/restaurants/pizza-hut-sadar-bzr-sadar-bazaar-agra-407809,"Pizza Hut, Pizza Hut at Ground Floor, Shop No- 2, Shahzadi Mandi, Cantt. Ward, Agra, Agra, Agra, Uttar Pradesh, 282001",Menu/407809.json
449485,Marwari Rasoi by Hotel Marwari,Agra,3.7,20+ ratings,₹ 100,"North Indian,Indian",22720587000123,https://www.swiggy.com/restaurants/marwari-rasoi-by-hotel-marwari-mantola-agra-449485,"Marwari Rasoi by Hotel Marwari, Daresi number 2 , Near agra fort railway station, from platform, Street Number 5, Sita Ram Colony, Pipal Mandi, Mantola, Agra, Uttar Pradesh 282003, India",Menu/449485.json
307378,Ghar Ka Swad (By Papa Ji's),Agra,3.7,500+ ratings,₹ 200,Indian,22720575000126,https://www.swiggy.com/restaurants/ghar-ka-swad-by-papa-jis-civil-lines-agra-307378,"Ghar Ka Swad (By Papa Ji's), Shop no 4 sumriddhi building Sanjay place behind Balaji juice",Menu/307378.json
287492,Agra Chaat House,Agra,3.5,20+ ratings,₹ 150,"Street Food,Snacks",22721113000065,https://www.swiggy.com/restaurants/agra-chaat-house-sadar-bazaar-idgah-colony-agra-287492,"Agra Chaat House, 14/2, Saudagar Lines, Sadar Bazar, Agra Cantt, Idgah Colony, Agra, Uttar Pradesh 282001",Menu/287492.json
523168,Kapoor's Kitchen,Agra,--,Too Few Ratings,₹ 200,"Chinese,Biryani",22722583000062,https://www.swiggy.com/restaurants/kapoors-kitchen-civil-lines-agra-523168,"Kapoor's Kitchen, 52R6+43R, Sanjay Place, Mantola, Agra, Uttar Pradesh 282003, India",Menu/523168.json
516222,Rasala Restaurant,Agra,--,Too Few Ratings,₹ 300,North Indian,22721590000312,https://www.swiggy.com/restaurants/rasala-restaurant-tajganj-agra-516222,"Rasala Restaurant, 384, Mall Road, In front of Guruji Motor, Ward no 71, Vaibhav Nagar Nigam, Food safety zone 17, Agra, Uttar Pradesh",Menu/516222.json
568635,FOOD ADDA,Agra,--,Too Few Ratings,₹ 300,North Indian,22722584000021,https://www.swiggy.com/restaurants/food-adda-civil-lines-agra-568635,"FOOD ADDA, HNo. 22/249 DHOLI KHAR MANTOLA,",Menu/568635.json
128425,Satkar Pastries,Agra,--,Too Few Ratings,₹ 300,"Desserts,Italian",12717001000261,https://www.swiggy.com/restaurants/satkar-pastries-m-g-road-civil-lines-agra-128425,"Satkar Pastries, st. jhones crossing",Menu/128425.json
448443,Agarwal Food Court,Agra,3.7,20+ ratings,₹ 200,"North Indian,South Indian",license,https://www.swiggy.com/restaurants/agarwal-food-court-sadar-bazaar-agra-448443,"Agarwal Food Court, 114 - A, Sadar Bazar, Agra Cantt, Idgah Colony, Agra, Uttar Pradesh 282001, India",Menu/448443.json
246075,GOYAL CAKES & BAKES,Agra,3.3,50+ ratings,₹ 200,"Bakery,Desserts",22719579000083,https://www.swiggy.com/restaurants/goyal-cakes-and-bakes-gajanand-nagar-shahganj-agra-246075,"GOYAL CAKES & BAKES, Plot No. 16 (Part)COD Colony Shahganj Agra, District - Agra, STATE - Uttar Pradesh",Menu/246075.json
103437,Panchhi Petha,Agra,4.5,50+ ratings,₹ 200,Desserts,12718001000507,https://www.swiggy.com/restaurants/panchhi-petha-hari-parvat-crossing-opposite-hari-parvat-police-station-civil-lines-agra-103437,"Panchhi Petha, Shop No 1 , Upadhyay Market, Hari Parvat crossing , opposite Hari Parvat police station.",Menu/103437.json
500301,Chaumos,Agra,--,Too Few Ratings,₹ 200,"Chinese,Snacks",22721113000429,https://www.swiggy.com/restaurants/chaumos-agra-cantt-agra-500301,"Chaumos, 62/113D New Janta colony mustafa quarter agra 282001",Menu/500301.json
475181,pizza cave,Agra,3.5,100+ ratings,₹ 100,Pizzas,22721582000257,https://www.swiggy.com/restaurants/pizza-cave-civil-lines-sanjay-palace-agra-475181,"pizza cave, SHOP NO 1 C ,2nd FLOOR ,CLOTH MARKET SANJAY PLACE",Menu/475181.json
280486,Cake Wala,Agra,3.8,100+ ratings,₹ 500,Bakery,22720584000120,https://www.swiggy.com/restaurants/cake-wala-sadar-bazaar-idgah-colony-agra-280486,"Cake Wala, 11-A KISHAN GARH IDGAH AGRA- 282001",Menu/280486.json
266902,Sai food hub,Agra,3.9,20+ ratings,₹ 200,Bakery,22719578000229,https://www.swiggy.com/restaurants/sai-food-hub-civil-lines-agra-266902,"Sai food hub, flat no 303 block no 2 nirmal heights old mathura road",Menu/266902.json
565945,THE SHAKER'S SISE,Agra,--,Too Few Ratings,₹ 250,"Beverages,Waffle",22722583000114,https://www.swiggy.com/restaurants/the-shakers-sise-civil-lines-agra-565945,"THE SHAKER'S SISE, SHOP NO. 6 GF,1/36, WARD NO. 18 BAGH MUJAFFAR KHAN, NAGAR NIGAM FOOD SAFETY ZONE 10, AGRA, UTTAR PRADESH-282002",Menu/565945.json
461374,Lakshmi Vilas Restaurant,Agra,--,Too Few Ratings,₹ 300,South Indian,12720001000134,https://www.swiggy.com/restaurants/lakshmi-vilas-restaurant-sadar-bazaar-agra-461374,"Lakshmi Vilas Restaurant, 50-A, Taj road, sadar bazar, Agra cantt, Agra",Menu/461374.json
73714,The Greener Side,Agra,4.0,100+ ratings,₹ 300,"Continental,Desserts",12718001000262,https://www.swiggy.com/restaurants/the-greener-side-sanjay-place-civil-lines-agra-73714,"The Greener Side, Delhi Gate Rd",Menu/73714.json
89139,Cafe Coffee Day,Agra,4.4,20+ ratings,₹ 300,"Beverages,Snacks",12721001000025,https://www.swiggy.com/restaurants/cafe-coffee-day-sadar-bazaar-idgah-colony-agra-89139,"Cafe Coffee Day, Inside Agra Cantonment Shopping ArcadeSaudagar Lines, Sadar Bazaar",Menu/89139.json
538418,Lucknowi zaika,Agra,--,Too Few Ratings,₹ 300,"North Indian,Mughlai",12722001000176,https://www.swiggy.com/restaurants/lucknowi-zaika-tajganj-agra-538418,"Lucknowi zaika, Shop No- E-20, F 29, Shopping arcade sadar bazar Agra 282001",Menu/538418.json
571498,chicken house,Agra,--,Too Few Ratings,₹ 20,"Indian,Biryani",license,https://www.swiggy.com/restaurants/chicken-house-sikandra-agra-571498,"chicken house, KHASRA NO 652, Agra, Agra,",Menu/571498.json
266889,Bhagwaan Store,Agra,--,Too Few Ratings,₹ 150,"Bakery,Beverages",22719575000015,https://www.swiggy.com/restaurants/bhagwaan-store-civil-lines-agra-266889,"Bhagwaan Store, 16/2 radha kishan complex ghatia azam khan city station road agra",Menu/266889.json
546952,Zig Zag,Agra,--,Too Few Ratings,₹ 300,"Indian,Chinese",22722582000044,https://www.swiggy.com/restaurants/zig-zag-civil-lines-agra-546952,"Zig Zag, Sanjay Palace  civil lines  Agra , Ward no 63 Rajamandi",Menu/546952.json
266925,Shimla Bakers,Agra,--,Too Few Ratings,₹ 150,"Bakery,Desserts",22719113000588,https://www.swiggy.com/restaurants/shimla-bakers-sadar-bazaar-idgah-colony-agra-266925,"Shimla Bakers, 517 sadar bazaar agra cantt agra",Menu/266925.json
79628,Bhawna Sweets,Agra,3.6,1K+ ratings,₹ 200,"Sweets,Snacks",12716001000325,https://www.swiggy.com/restaurants/bhawna-sweets-madiya-katra-lohamandi-agra-79628,"Bhawna Sweets, LG-1,Shreenath Ji Complex, Ratan Muni Road, Tota Ka Taal, Billochpura, Lohamandi, Agra",Menu/79628.json
452112,THE TINY BAKERY,Agra,--,Too Few Ratings,₹ 300,"Bakery,Pizzas",22721113001157,https://www.swiggy.com/restaurants/the-tiny-bakery-sadar-bazaar-agra-452112,"THE TINY BAKERY, 532-541, L.G.-4 SADAR BAZAR NEAR HOTEL JAI HIND, AGRA (M CORP), AGRA,AGRA,UTTAR PRADESH- 282001",Menu/452112.json
517975,Bijee's kitchen,Agra,--,Too Few Ratings,₹ 100,"North Indian,Indian",22722583000058,https://www.swiggy.com/restaurants/bijees-kitchen-civil-lines-agra-517975,"Bijee's kitchen, 52V3+2MW, Bagh Muzaffar Khan, Mantola, Agra, Uttar Pradesh 282002, India",Menu/517975.json
103442,Awadhi Foods,Agra,3.9,100+ ratings,₹ 200,North Indian,12719001000713,https://www.swiggy.com/restaurants/awadhi-foods-civil-lines-agra-103442,"Awadhi Foods, Sanjay Place, Civil Lines, Agra",Menu/103442.json
74422,Domino's Pizza,Agra,4.4,50+ ratings,₹ 400,Pizzas,12715001000263,https://www.swiggy.com/restaurants/dominos-pizza-shahzadi-mandi-idgah-colony-agra-74422,"Domino's Pizza, D. C. Nand Plaza,Shop No. 113,114,115&116,50B,Taj Road,Shahzadi Mandi,Agra,UTTAR PRADESH-282001",Menu/74422.json
74352,Bercos - If you love chinese,Agra,4.0,20+ ratings,₹ 400,"Chinese,Thai",12718001000784,https://www.swiggy.com/restaurants/bercos-if-you-love-chinese-civil-lines-agra-74352,"Bercos - If you love chinese, Friends Vasan Plaza, Sanjay Place, Civil Lines,Agra. Opposite of M.D. Jain Inter College",Menu/74352.json
559786,AAVYA HOME FOOD,Agra,--,Too Few Ratings,₹ 100,Snacks,22722579000048,https://www.swiggy.com/restaurants/aavya-home-food-civil-lines-agra-559786,"AAVYA HOME FOOD, 16/117 LADLI KATRA SHAHGANJ AGRA, WARD NO.12 GHAAS KI MANDI, NAGAR NIGAM FOOD SAFETY ZONE 06, AGRA, UTTAR PRADESH-282010",Menu/559786.json
74578,Aahar,Agra,4.0,500+ ratings,₹ 400,"North Indian,South Indian",12714001000302,https://www.swiggy.com/restaurants/aahar-civil-lines-agra-74578,"Aahar, 26/118, Opposite Income Tax Building, Sanjay Place, Civil Lines, Agra",Menu/74578.json
432387,The Belgian Waffle Co.,Agra,4.2,50+ ratings,₹ 200,"Desserts,Beverages",22721582000249,https://www.swiggy.com/restaurants/the-belgian-waffle-co-sanjay-place-agra-432387,"The Belgian Waffle Co., Shop no: 14, Ground Floor, Block no: 34, opposite Soor Sadan, Sanjay Place, Agra, Uttar Pradesh 282004",Menu/432387.json
475988,Delhi 6,Agra,4.3,20+ ratings,₹ 180,North Indian,22721113000315,https://www.swiggy.com/restaurants/delhi-6-civil-lines-agra-475988,"Delhi 6, Block No C 7, Shop No 1, Cloth Market, Sanjay Palace, Sanjay Place, Civil Lines, Agra, Uttar Pradesh 282002, India",Menu/475988.json
326710,STAR ULTIMATE PIZZA,Agra,3.6,20+ ratings,₹ 200,"Pizzas,Snacks",22721579000120,https://www.swiggy.com/restaurants/star-ultimate-pizza-kheria-mode-v-i-p-road-agra-agra-326710,"STAR ULTIMATE PIZZA, 58/293 C, Sarai Khawaja Mauja Kachhipura Agra",Menu/326710.json
171258,Guru Kripa Yadav Dhaba,Agra,3.7,100+ ratings,₹ 200,"North Indian,Indian",22720581000002,https://www.swiggy.com/restaurants/guru-kripa-yadav-dhaba-delhi-gate-civil-lines-agra-171258,"Guru Kripa Yadav Dhaba, Delhi Gate, Raja Mandi Station Road, Civil Lines, Agra",Menu/171258.json
75774,Sips and Bites,Agra,4.2,50+ ratings,₹ 200,"North Indian,Chinese",22718600000000,https://www.swiggy.com/restaurants/sips-and-bites-shahganj-lohamandi-agra-75774,"Sips and Bites, Shop 5, Aparna Rana Market, West SHivaji Nagar, Pratap Nagar, Shahganj, Agra",Menu/75774.json
99204,Banarsi Pan,Agra,--,Too Few Ratings,₹ 100,Desserts,22719582000032,https://www.swiggy.com/restaurants/banarsi-pan-hariparvat-civil-lines-agra-99204,"Banarsi Pan, Shop 6, Upadhyay Market, Hariparwant, Civil Lines, Agra",Menu/99204.json
137924,Raj Rasoi Sweets & Restaurant,Agra,3.9,500+ ratings,₹ 300,"South Indian,North Indian",12719001000334,https://www.swiggy.com/restaurants/raj-rasoi-sweets-and-restaurant-sanjay-place-civil-lines-agra-137924,"Raj Rasoi Sweets & Restaurant, 14/8 Emporium Complex, Behind Speed Colour Lab, Sanjay Place, Civil Lines, Agra",Menu/137924.json
127111,Shri Anand Sakahari Bhojan,Agra,3.8,100+ ratings,₹ 200,North Indian,12721001000195,https://www.swiggy.com/restaurants/shri-anand-sakahari-bhojan-delhi-gate-civil-lines-agra-127111,"Shri Anand Sakahari Bhojan, Shop No. 35-36, Raja Mandi Station Road",Menu/127111.json
536536,Capri Restaurant,Agra,--,Too Few Ratings,₹ 400,"North Indian,Chinese",12714001000183,https://www.swiggy.com/restaurants/capri-restaurant-civil-lines-agra-536536,"Capri Restaurant, Shop No-6 and 7, Hariparvat, Opp to hindustan petrol pump, Agra 282010",Menu/536536.json
455514,Jain pan bhandar,Agra,--,Too Few Ratings,₹ 100,Paan,license,https://www.swiggy.com/restaurants/jain-pan-bhandar-sadar-bazaar-agra-455514,"Jain pan bhandar, Agra cantonment hospital naulakha sadar bazar agra",Menu/455514.json
81553,Manohar Lal Daulat Ram Garg( Gazak Wale),Agra,4.2,20+ ratings,₹ 400,Desserts,12716001000542,https://www.swiggy.com/restaurants/manohar-lal-daulat-ram-garg-gazak-wale-hariparvat-civil-lines-agra-81553,"Manohar Lal Daulat Ram Garg( Gazak Wale), 1/44 A HARIPARBAT CROSSING AGRA",Menu/81553.json
442867,Bun Maska,Agra,--,Too Few Ratings,₹ 60,Indian,22721113000904,https://www.swiggy.com/restaurants/bun-maska-civil-lines-agra-442867,"Bun Maska, Sanjay Palace, Sanjay Place, Civil Lines, Agra, Uttar Pradesh 282002, India",Menu/442867.json
269557,Yadav Dhaba Purana,Agra,3.6,100+ ratings,₹ 200,North Indian,12716001000037,https://www.swiggy.com/restaurants/yadav-dhaba-purana-civil-lines-agra-269557,"Yadav Dhaba Purana, Delhi Gate Raja Ki Mandi Station Road Agra , District - Agra, STATE - Uttar Pradesh",Menu/269557.json
102886,Lal Tadka Restaurant,Agra,--,Too Few Ratings,₹ 500,North Indian,12714001001108,https://www.swiggy.com/restaurants/lal-tadka-restaurant-civil-lines-shahganj-agra-102886,"Lal Tadka Restaurant, Shop 19/14, Lohamandi, Agra",Menu/102886.json
510896,Anand hi anand,Agra,3.2,20+ ratings,₹ 200,Fast Food,22722577000012,https://www.swiggy.com/restaurants/anand-hi-anand-civil-lines-agra-510896,"Anand hi anand, Plot 52 & 53, Krishna Kunj, Mauja Gailana, , Agra",Menu/510896.json
88366,Ravi Fast Food,Agra,4.2,50+ ratings,₹ 200,South Indian,22719582000013,https://www.swiggy.com/restaurants/ravi-fast-food-sanjay-place-civil-lines-agra-88366,"Ravi Fast Food, OPP. LIC BUILDING, SANJAY PLACE",Menu/88366.json
87254,Shubh Anand Hi Anand Bhojnalaya,Agra,3.8,50+ ratings,₹ 400,North Indian,12721001000134,https://www.swiggy.com/restaurants/shubh-anand-hi-anand-bhojnalaya-civil-lines-agra-87254,"Shubh Anand Hi Anand Bhojnalaya , Delhi Gate, Raja Mandi Station Road, Civil Lines, Agra",Menu/87254.json
576803,KHA-LO,Agra,--,Too Few Ratings,₹ 250,"Italian,Beverages",22721113000439,https://www.swiggy.com/restaurants/kha-lo-civil-lines-agra-576803,"KHA-LO, Hunger Brother 59, dayal nagar shahganj , Agra (M Corp.) , Agra, Agra, Uttar Pradesh-282010",Menu/576803.json
576802,HUNGER BROTHERS,Agra,--,Too Few Ratings,₹ 250,"Fast Food,Italian",22721113000439,https://www.swiggy.com/restaurants/hunger-brothers-civil-lines-agra-576802,"HUNGER BROTHERS, 59, dayal nagar shahganj, Agra (M Corp.), Agra, Agra, Uttar Pradesh - 282010",Menu/576802.json
576806,SWAD,Agra,--,Too Few Ratings,₹ 250,"Fast Food,Snacks",22721113000439,https://www.swiggy.com/restaurants/swad-civil-lines-agra-576806,"SWAD, Hunger Brother 59, dayal nagar shahganj , Agra (M Corp.) , Agra, Agra, Uttar Pradesh-282010",Menu/576806.json
565659,HUNGER BROTHER,Agra,--,Too Few Ratings,₹ 250,"Fast Food,Italian-American",22721113000439,https://www.swiggy.com/restaurants/hunger-brother-civil-lines-agra-565659,"HUNGER BROTHER, 59, DAYAL NAGAR SHAHGANJ , AGRA (M CORP.), AGRA, AGRA, UTTAR PRADESH-282010",Menu/565659.json
74564,Jain Restaurant,Agra,3.6,100+ ratings,₹ 300,"North Indian,South Indian",22720600000000,https://www.swiggy.com/restaurants/jain-restaurant-shahganj-jaipur-house-colony-agra-74564,"Jain Restaurant, 110, Jaipur House Market, Opposite Commercial Tax Office, Jaipur House Colony, Shahganj, Agra",Menu/74564.json
85788,Ashoka Bar,Agra,4.0,20+ ratings,₹ 400,North Indian,12714001000182,https://www.swiggy.com/restaurants/ashoka-bar-civil-lines-agra-85788,"Ashoka Bar, 145, Station Road, Delhi Gate, Raja Ki Mandi, Professors Colony, Lohamandi, Agra, Uttar Pradesh 282002, India",Menu/85788.json
515217,Sargra Online Cake Delivery,Agra,--,Too Few Ratings,₹ 300,Bakery,22721584000049,https://www.swiggy.com/restaurants/sargra-online-cake-delivery-tajganj-agra-515217,"Sargra Online Cake Delivery, 11 A KISHAN GARH IDGAH AGRA, WARD NO. 08 IDGAH, Nagar Nigam Food Safety Zone 11, Agra, Uttar Pradesh - 282001",Menu/515217.json
551549,ROLLS CAVALRY,Agra,--,Too Few Ratings,₹ 160,Snacks,22722581000133,https://www.swiggy.com/restaurants/rolls-cavalry-civil-lines-agra-551549,"ROLLS CAVALRY, 74, Jaipur House, Khatehna, Jaipur House Colony, Agra, Uttar Pradesh 282010, India",Menu/551549.json
431107,Nikku's Bakery,Agra,--,Too Few Ratings,₹ 300,Bakery,22721584000109,https://www.swiggy.com/restaurants/nikkus-bakery-sadar-bazaar-agra-431107,"Nikku's Bakery, Renu apartment, Kishangarh, idgah, Agra, Uttar Pradesh 282001, India",Menu/431107.json
542040,Urban Kitchen,Agra,--,Too Few Ratings,₹ 400,"Fast Food,American",22722113000475,https://www.swiggy.com/restaurants/urban-kitchen-civil-lines-agra-542040,"Urban Kitchen, 18/61 SIRKIMANDI, NAGLAGANGARAM,  Agra (CB), Agra, Agra, Uttar Pradesh -  282002",Menu/542040.json
517758,Biryani By Kilo,Agra,4.1,100+ ratings,₹ 700,"Biryani,Mughlai",12722001000194,https://www.swiggy.com/restaurants/biryani-by-kilo-swadeshi-bima-nagar-civil-lines-agra-517758,"Biryani By Kilo, Unit No-UG-02,Upper Ground Floor Shanti Avenue,Swadeshi Bima Nagar, Church Rd,Mauza Sarjepur, Civil Lines, Agra,Uttar Pradesh 282002",Menu/517758.json
104728,Brijbhog Mishthan Bhandar,Agra,4.3,100+ ratings,₹ 100,"Sweets,Street Food",12719001000460,https://www.swiggy.com/restaurants/brijbhog-mishthan-bhandar-anjana-cinemas-agra-agra-104728,"Brijbhog Mishthan Bhandar, Shop 1, Nehru Nagar, Near Shah Talkies, MG Road, Near Anjana Cinemas, Civil Lines, Agra",Menu/104728.json
95336,New Moon Light Restaurant,Agra,3.2,20+ ratings,₹ 200,North Indian,12718001000818,https://www.swiggy.com/restaurants/new-moon-light-restaurant-civil-lines-agra-95336,"New Moon Light Restaurant, Beside Income Tax Office, Civil Lines, Agra",Menu/95336.json
388884,Yadav Dhaba,Agra,3.4,50+ ratings,₹ 200,North Indian,22721582000136,https://www.swiggy.com/restaurants/yadav-dhaba-civil-lines-agra-388884,"Yadav Dhaba, Delhi Gate, Raja Mandi Station Road, Civil Lines, Agra",Menu/388884.json
74354,Chopstix,Agra,4.1,50+ ratings,₹ 400,Chinese,22718582000112,https://www.swiggy.com/restaurants/chopstix-civil-lines-agra-74354,"Chopstix, G-5/32, Opposite LIC Building, Sanjay Place, Civil Lines, Agra",Menu/74354.json
572027,Brown Castle/ Divine Hospitality,Agra,--,Too Few Ratings,₹ 200,"Indian,South Indian",22721113001065,https://www.swiggy.com/restaurants/brown-castle-divine-hospitality-civil-lines-agra-572027,"Brown Castle/ Divine Hospitality, 1/55, Ravi Hospital Bridge, Near Pushpanjali, Civil Lines, Agra",Menu/572027.json
492176,Shri Bankey Bihari Ji Fast Food Corner,Agra,--,Too Few Ratings,₹ 500,"North Indian,Thalis",22721582000210,https://www.swiggy.com/restaurants/shri-bankey-bihari-ji-fast-food-corner-civil-lines-agra-492176,"Shri Bankey Bihari Ji Fast Food Corner, GUMTI NO 05 SANJAY PLACE, WARD NO.50 VIJAY NAGAR, Nagar Nigam Food Safety Zone 09, Agra, Uttar Pradesh - 282004",Menu/492176.json
84614,Chainess,Agra,4.0,50+ ratings,₹ 200,"Beverages,Fast Food",12718001000771,https://www.swiggy.com/restaurants/chainess-sanjay-place-civil-lines-agra-84614,"Chainess, G-11,12,13 , BLOCK NO. 34/2,SANJAY PLACE",Menu/84614.json
576197,Fresh snacks cafe,Agra,--,Too Few Ratings,₹ 50,"Cafe,Beverages",22721585000154,https://www.swiggy.com/restaurants/fresh-snacks-cafe-sadar-bazaar-agra-576197,"Fresh snacks cafe, OPP VIP SHOWROOM CHANNEL 3 COUNTER SADAR BAZAAR",Menu/576197.json
91226,Tealogy,Agra,--,Too Few Ratings,₹ 200,Beverages,22718582000115,https://www.swiggy.com/restaurants/tealogy-sanjay-place-civil-lines-agra-91226,"Tealogy, Address - Shop no.- G-1, Block - 38/4-b , friends center, sanjay palace, agra",Menu/91226.json
455322,Wok to Fork,Agra,--,Too Few Ratings,₹ 200,"Chinese,Fast Food",22721582000190,https://www.swiggy.com/restaurants/wok-to-fork-civil-lines-agra-455322,"Wok to Fork, G-8 Block, 94 opp. St patricks school, sanjay place, Agra  282002",Menu/455322.json
316298,Punjabi Chulha,Agra,3.7,20+ ratings,₹ 200,"North Indian,Punjabi",22721581000170,https://www.swiggy.com/restaurants/punjabi-chulha-civil-lines-agra-316298,"Punjabi Chulha, 4/15, malviya kunj opp. canara bank, lohamandi, Agra",Menu/316298.json
575821,Le Vera Pizza,Agra,--,Too Few Ratings,₹ 300,Pizzas,22722582000144,https://www.swiggy.com/restaurants/le-vera-pizza-civil-lines-sanjay-place-civil-line-agra-575821,"Le Vera Pizza, SHOP NO.1 BLCOK-C3, 2ND FLOOR, CLOTH MARKET, SANJAY PLACE, AGRA, WARD NO. 63 RAJAMANDI, Nagar Nigam Food Safety Zone 09, Agra, Uttar Pradesh - 282002",Menu/575821.json
560838,Pablo Premium Kitchen,Agra,5.0,20+ ratings,₹ 300,"Indian,Chinese",12718001001031,https://www.swiggy.com/restaurants/pablo-premium-kitchen-civil-lines-agra-560838,"Pablo Premium Kitchen, 9th FLOOR, 109, CORPORATE PARK SANJAY  PLACE AGRA,",Menu/560838.json
464580,Made In Punjab,Agra,--,Too Few Ratings,₹ 600,"North Indian,Tandoor",12715001001023,https://www.swiggy.com/restaurants/made-in-punjab-m-g-road-agra-464580,"Made In Punjab, The PL Palace, M.G. Road, Sanjay Place Agra-282002",Menu/464580.json
148334,Chanchal Dhaba,Agra,--,Too Few Ratings,₹ 400,North Indian,22721585000199,https://www.swiggy.com/restaurants/chanchal-dhaba-sadar-bazar-idgah-colony-agra-148334,"Chanchal Dhaba, Gandhi Market, Near Agra Cantt Railway Station, Agra Cantt, Agra",Menu/148334.json
547126,DESI CAFE AGRA,Agra,--,Too Few Ratings,₹ 1000,"North Indian,Tandoor",12719001001042,https://www.swiggy.com/restaurants/desi-cafe-agra-civil-lines-agra-547126,"DESI CAFE AGRA, 5TH FLOOR , SIDDHI VINAYAK TRADE CENTRE, JEONI MANDI CROSSING, YAMUNA KINARA, AGRA, NAGAM NIGAM FOOD SAFETY ZONE 02, AGRA, UTTAR PRADESH-282004",Menu/547126.json
418001,Masala Handi,Agra,--,Too Few Ratings,₹ 300,"North Indian,Chinese",22721582000169,https://www.swiggy.com/restaurants/masala-handi-civil-lines-agra-418001,"Masala Handi, Plot No.16, Parking No.EP 5, Sanjay Place, Commercial Center",Menu/418001.json
473254,Kanha Coffee Corner,Agra,--,Too Few Ratings,₹ 100,"Beverages,Fast Food",22721585000250,https://www.swiggy.com/restaurants/kanha-coffee-corner-civil-lines-agra-473254,"Kanha Coffee Corner, ARJUN NAGAR TIRAHA NEAR NIRANKARI BHAVAN AGRA, WARD NO. 42 AJEET NAGAR GATE, Nagar Nigam Food Safety Zone 12, Agra, Uttar Pradesh",Menu/473254.json
528772,Pizza Delight Cafe,Agra,--,Too Few Ratings,₹ 300,"Pizzas,Beverages",22721575000146,https://www.swiggy.com/restaurants/pizza-delight-cafe-civil-lines-agra-528772,"Pizza Delight Cafe, 22/257 Chandi wali kothi Near Paliwal Park( Agra University) Matilal Neharu Road Civil line Agra 282002",Menu/528772.json
74330,MKOP,Agra,3.8,50+ ratings,₹ 300,"Desserts,Pizzas",12717001000688,https://www.swiggy.com/restaurants/mkop-sikandra-sanjay-place-agra-74330,"MKOP, Deepshikha Building, Ground floor, Near Sanjay Cinema, Wazirpura Rd, Sanjay Place, Civil Lines, Agra, Uttar Pradesh",Menu/74330.json
392449,Live Shack,Agra,--,Too Few Ratings,₹ 400,"Lebanese,Chinese",12721001000382,https://www.swiggy.com/restaurants/live-shack-civil-lines-agra-392449,"Live Shack, G-7, BLOCK NO. 42/2 (MUNICIPAL NO. 4/S-42/2/G-7) SANJAY PLACE, AGRA, Nagar Nigam Food Safety Zone 09, Agra, Uttar Pradesh-282002",Menu/392449.json
81551,Tirupati's Dosa Factory,Agra,3.8,50+ ratings,₹ 300,South Indian,12719001000080,https://www.swiggy.com/restaurants/tirupatis-dosa-factory-civil-lines-agra-81551,"Tirupati's Dosa Factory, PLOT NO. 6 LG FLOOR, RAM NAGAR COLONY, CIVIL LINES",Menu/81551.json
151719,Kings Kulfi & Ice Cream,Agra,4.4,20+ ratings,₹ 200,"Desserts,Ice Cream",22721575000167,https://www.swiggy.com/restaurants/kings-kulfi-and-ice-cream-sanjay-place-civil-lines-agra-151719,"Kings Kulfi & Ice Cream, 60, Lajpat Kunj, Agra",Menu/151719.json
576805,THE SHAKER'S SIDE,Agra,--,Too Few Ratings,₹ 250,"Beverages,Snacks",22722583000114,https://www.swiggy.com/restaurants/the-shakers-side-civil-lines-agra-576805,"THE SHAKER'S SIDE, SHOP NO. 6 GF,1/36, WARD NO. 18 BAGH MUJAFFAR KHAN, NAGAR NIGAM FOOD SAFETY ZONE 10, AGRA, UTTAR PRADESH-282002",Menu/576805.json
546056,T Bar,Agra,--,Too Few Ratings,₹ 150,"Beverages,Fast Food",22721582000262,https://www.swiggy.com/restaurants/t-bar-civil-lines-agra-546056,"T Bar, BG 16, BLOCK C-12, KAPDA MARKET,  SANJAY PLACE, AGRA,",Menu/546056.json
528722,Marko's Pizza Cafe,Agra,--,Too Few Ratings,₹ 300,"Pizzas,Beverages",22721575000146,https://www.swiggy.com/restaurants/markos-pizza-cafe-civil-lines-agra-528722,"Marko's Pizza Cafe, 22/257 Chandi wali kothi Near Paliwal Park( Agra University) Matilal Neharu Road Civil line Agra 282002",Menu/528722.json
102899,Amritsari Tandoori Kulcha Wa Choor Choor Naan,Agra,3.5,20+ ratings,₹ 200,"North Indian,Indian",22721582000071,https://www.swiggy.com/restaurants/amritsari-tandoori-kulcha-wa-choor-choor-naan-bagirati-rd-civil-lines-agra-102899,"Amritsari Tandoori Kulcha Wa Choor Choor Naan, shop no G -17 bank of baroda parking Azad petrol pump road ",Menu/102899.json
537846,Mark s Cafe,Agra,--,Too Few Ratings,₹ 500,"Chinese,Pizzas",22721582000276,https://www.swiggy.com/restaurants/mark-s-cafe-civil-lines-agra-537846,"Mark s Cafe, 24/7 /emporium Block Sanjay Place, near Shaheedsmark Park, Sanjay Palace, Sanjay Place, Civil Lines, Agra, Uttar Pradesh 282002, India",Menu/537846.json
497337,Medley Bakers,Agra,--,Too Few Ratings,₹ 300,Bakery,12721001000747,https://www.swiggy.com/restaurants/medley-bakers-sanjay-palace-agra-agra-497337,"Medley Bakers, The PL palace 12/2/24 commercial complex sanjay palace agra",Menu/497337.json
366063,Cafe G - Holiday Inn Agra,Agra,--,Too Few Ratings,₹ 800,"Italian,Indian",12719001000195,https://www.swiggy.com/restaurants/cafe-g-holiday-inn-agra-mahatma-gandhi-rd-civil-lines-agra-366063,"Cafe G - Holiday Inn Agra, Commercial Complex, 16/2/8, Mahatma Gandhi Rd, Sanjay Palace, Sanjay Place, Civil Lines, Agra, Uttar Pradesh 282002",Menu/366063.json
537959,Tandoori Bites,Agra,--,Too Few Ratings,₹ 300,"Snacks,North Indian",22722582000036,https://www.swiggy.com/restaurants/tandoori-bites-civil-lines-agra-537959,"Tandoori Bites, 32/G/5, Ward 64, Sanjay Place, Wazirpura, Opposite LIC Building, Civil Lines, Agra",Menu/537959.json
576992,THE COFFEE CRUSH,Agra,--,Too Few Ratings,₹ 200,"Beverages,Waffle",21522003000181,https://www.swiggy.com/restaurants/the-coffee-crush-civil-lines-agra-576992,"THE COFFEE CRUSH, Goverdhan hotel Market (First floor), Delhi Gate, Hariparwat, Professors Colony, Civil Lines, Agra, ...",Menu/576992.json
552620,Samriddhi,Agra,--,Too Few Ratings,₹ 200,"Fast Food,South Indian",22722582000041,https://www.swiggy.com/restaurants/samriddhi-civil-lines-agra-552620,"Samriddhi, Shop No 10 ( B G ) Block no C -14 Sanjay Palace Agra",Menu/552620.json
492330,KAFENIO,Agra,--,Too Few Ratings,₹ 100,"Italian-American,Chinese",12721001000938,https://www.swiggy.com/restaurants/kafenio-civil-lines-agra-492330,"KAFENIO, Shop No.15, Cloth Market, BLOCK 7, Sanjay Palace, Sanjay Place, Civil Lines, Agra, Uttar Pradesh 282002, India",Menu/492330.json
421422,Dosa Factory,Agra,3.9,20+ ratings,₹ 200,"South Indian,Chinese",12719001000080,https://www.swiggy.com/restaurants/dosa-factory-civil-lines-agra-421422,"Dosa Factory, PLot No.6 lower ground floor, church road, ram nagar colony, civil lines, agra",Menu/421422.json
499778,NIC Natural Ice Creams,Agra,4.4,100+ ratings,₹ 120,"Ice Cream,Desserts",12722001000172,https://www.swiggy.com/restaurants/nic-natural-ice-creams-sanjay-place-agra-499778,"NIC Natural Ice Creams, Shop No G-3, Block 94/2, Sanjay Place, Civil Lines, Agra, Uttar Pradesh 282002",Menu/499778.json
558581,The Momo Heaven,Agra,--,Too Few Ratings,₹ 200,"Chinese,Fast Food",22722113000502,https://www.swiggy.com/restaurants/the-momo-heaven-civil-lines-agra-558581,"The Momo Heaven,  Shop No 7G,7F Block 3 Sanjay Place Commercial Complex Agra",Menu/558581.json
73715,Amritsari Kulcha Junction,Agra,3.9,100+ ratings,₹ 300,"North Indian,Chinese",license,https://www.swiggy.com/restaurants/amritsari-kulcha-junction-sanjay-place-civil-lines-agra-73715,"Amritsari Kulcha Junction, Deepshikha Building, Wazirpura Road, Sanjay Place, Civil Lines, Agra",Menu/73715.json
76028,What the food,Agra,3.7,100+ ratings,₹ 300,"North Indian,Chinese",12718001000751,https://www.swiggy.com/restaurants/what-the-food-khandari-civil-lines-agra-76028,"What the food, Opposite Axis Imaging Centre, Near Hanuman Mandir, Khandari Road, Surya Nagar, Civil Lines, Agra",Menu/76028.json
403976,YADAV WELCOME DHABA,Agra,--,Too Few Ratings,₹ 300,"Snacks,North Indian",22720583000166,https://www.swiggy.com/restaurants/yadav-welcome-dhaba-civil-lines-agra-403976,"YADAV WELCOME DHABA, 26 TOTA KA TAL, WARD NO. 18, BAGH MUJAFFAR KHAN, AGRA, UP-282002",Menu/403976.json
528550,Atlantic Foods,Agra,3.9,20+ ratings,₹ 300,"Desserts,Bakery",12716001000556,https://www.swiggy.com/restaurants/atlantic-foods-civil-lines-agra-528550,"Atlantic Foods, G 26 114/2 deep shika tower near sanjay cinema sanjay place agra   282002",Menu/528550.json
74820,Giani Ice Cream,Agra,4.2,50+ ratings,₹ 200,Desserts,22717582000026,https://www.swiggy.com/restaurants/giani-ice-cream-sanjay-place-civil-lines-agra-74820,"Giani Ice Cream, 114/23, Deepshika building,Sanjay Place Agra",Menu/74820.json
453126,KHAN SAHAB RESTAURANT,Agra,--,Too Few Ratings,₹ 399,"Indian,Tandoor",22721590000293,https://www.swiggy.com/restaurants/khan-sahab-restaurant-tajganj-agra-453126,"KHAN SAHAB RESTAURANT, BANSAL NAGAR WARD NO-71 VIBHAV NAGAR, AGRA, UTTAR PRADESH - 282001",Menu/453126.json
452871,DEEDAR E TAJ FOOD COURT,Agra,--,Too Few Ratings,₹ 200,"Indian,Arabian",22721580000010,https://www.swiggy.com/restaurants/deedar-e-taj-food-court-civil-lines-agra-452871,"DEEDAR E TAJ FOOD COURT, PLOT NO 56 HANUMAN NAGAR  SHAHGANJ, WARD NO. 21 RAMNAGAR,  Nagar Nigam Food Safety Zone 07, Agra,  Uttar Pradesh",Menu/452871.json
495095,Gupta Bakery & Sweet Shop,Agra,--,Too Few Ratings,₹ 200,Bakery,22721590000110,https://www.swiggy.com/restaurants/gupta-bakery-and-sweet-shop-tajganj-agra-495095,"Gupta Bakery & Sweet Shop, H/215 purani mandi Tajganj agra  282001",Menu/495095.json
90049,European Bakery,Agra,3.0,100+ ratings,₹ 300,"Bakery,Desserts",12718001000834,https://www.swiggy.com/restaurants/european-bakery-civil-lines-agra-90049,"European Bakery, Opposite Sanjay Cinema, Mahatma Gandhi Road, Wazirpura Road, Sanjay Palace, Civil Lines, Agra",Menu/90049.json
307799,Barbeque Nation,Agra,3.5,50+ ratings,₹ 600,"North Indian,Barbecue",12719001000307,https://www.swiggy.com/restaurants/barbeque-nation-ashok-cosmos-mall-civil-lines-agra-307799,"Barbeque Nation, Ashok Cosmos Mall, 3rd, Sanjay Place, Civil Lines, Agra, Uttar Pradesh 282002",Menu/307799.json
73718,Juxpux,Agra,--,Too Few Ratings,₹ 300,"Chinese,Desserts",22722582000013,https://www.swiggy.com/restaurants/juxpux-sanjay-place-civil-lines-agra-73718,"Juxpux, Shop no 3,1st flooor 23/453 Wazirapura road sanjay place agra",Menu/73718.json
144020,UBQ by Barbeque Nation,Agra,3.7,100+ ratings,₹ 300,"North Indian,Barbecue",12719001000307,https://www.swiggy.com/restaurants/ubq-by-barbeque-nation-civil-lines-agra-144020,"UBQ by Barbeque Nation, 3rd floor,Block No 119/8,Ashok Cosmos Mall,Sanjay Place, Agra, Uttar Pradesh-28002",Menu/144020.json
467392,Kiskey Whiskey,Agra,4.1,50+ ratings,₹ 500,"Indian,Mexican",12718001000349,https://www.swiggy.com/restaurants/kiskey-whiskey-civil-lines-agra-467392,"Kiskey Whiskey, 119/8,2nd FLOOR ASHOK COSMOS MALL, SANJAY PLACE AGRA",Menu/467392.json
298875,The Big Bun,Agra,3.6,20+ ratings,₹ 250,"Bakery,Pizzas",12718001000885,https://www.swiggy.com/restaurants/the-big-bun-civil-lines-khandari-agra-298875,"The Big Bun, The Big bun, Hanuman Mandir Churaha, Khandari, Agra, Uttar Pradesh.",Menu/298875.json
539533,Bholenath Ice-cream Kulfi,Agra,--,Too Few Ratings,₹ 200,Ice Cream,22721113001332,https://www.swiggy.com/restaurants/bholenath-ice-cream-kulfi-sikandra-agra-539533,"Bholenath Ice-cream Kulfi, 47/145, Pratap Nagar, Gadhi Bhadauria, Agra (CB), Agra, Agra, Uttar Pradesh",Menu/539533.json
74355,Tea'se Me Cafe,Agra,--,Too Few Ratings,₹ 300,"Chinese,North Indian",12715001000053,https://www.swiggy.com/restaurants/tease-me-cafe-tajganj-khairati-tola-agra-74355,"Tea'se Me Cafe, Near Purani Mandi Crossing,Fatehabad Road, Tajganj, Agra",Menu/74355.json
85604,Fruck,Agra,3.4,100+ ratings,₹ 300,"Chinese,North Indian",license,https://www.swiggy.com/restaurants/fruck-khandari-agra-85604,"Fruck, Bhagirathi Devi Marg, Nasirabad Colony, Khandari, Agra, Uttar Pradesh",Menu/85604.json
75401,Bikanervala,Agra,4.0,500+ ratings,₹ 400,"North Indian,Chinese",12717001000098,https://www.swiggy.com/restaurants/bikanervala-tajganj-agra-75401,"Bikanervala, Opposite ITC Mughal, Fatehbad Road, Tajganj, Agra",Menu/75401.json
499779,Grameen Kulfi,Agra,4.4,50+ ratings,₹ 120,"Ice Cream,Desserts",12722001000172,https://www.swiggy.com/restaurants/grameen-kulfi-sanjay-place-agra-499779,"Grameen Kulfi, Shop No G-3, Block 94/2, Sanjay Place, Civil Lines, Agra, Uttar Pradesh 282002",Menu/499779.json
446436,3Cs cafe,Agra,--,Too Few Ratings,₹ 300,"Fast Food,Beverages",12721001000726,https://www.swiggy.com/restaurants/3cs-cafe-civil-lines-agra-446436,"3Cs cafe, 114/23 deepshikha building, Sanjay Palace, Sanjay Place, Civil Lines, Agra, Uttar Pradesh 282002",Menu/446436.json
546780,The momo kitchen,Agra,--,Too Few Ratings,₹ 200,Chinese,22722582000112,https://www.swiggy.com/restaurants/the-momo-kitchen-civil-lines-agra-546780,"The momo kitchen, 88b, Dargah Rd, Holi Wala Chauraha, Wazirpura, Nehru Nagar, Civil Lines, Agra, Uttar Pradesh 282002, India",Menu/546780.json
94630,Sardarji Da Dhaba,Agra,3.4,100+ ratings,₹ 200,"North Indian,Mughlai",22721585000013,https://www.swiggy.com/restaurants/sardarji-da-dhaba-near-cantt-railway-station-nagla-kachhan-agra-94630,"Sardarji Da Dhaba, F 34 mustafa quarters, near radha krishnan mandir, Agra cantt, Agra",Menu/94630.json
458346,Deviram Sweets,Agra,4.0,50+ ratings,₹ 200,"Sweets,Snacks",12714001000620,https://www.swiggy.com/restaurants/deviram-sweets-civil-lines-agra-458346,"Deviram Sweets, 76/1, heritage tower near anjana cinema, Agra,282004",Menu/458346.json
539572,Balaji Ice-cream and Kulfi,Agra,--,Too Few Ratings,₹ 200,"Chinese,Fast Food",22721113001332,https://www.swiggy.com/restaurants/balaji-ice-cream-and-kulfi-sikandra-agra-539572,"Balaji Ice-cream and Kulfi, 47/145, Pratap Nagar, Gadhi Bhadauria, Agra (CB), Agra, Agra, Uttar Pradesh",Menu/539572.json
573756,Barbeque Pizza Junction,Agra,--,Too Few Ratings,₹ 200,Pizzas,22722575000247,https://www.swiggy.com/restaurants/barbeque-pizza-junction-dayanand-nagar-agra-573756,"Barbeque Pizza Junction, 22/156 , chandi wala kothi , moti lal , nehru road",Menu/573756.json
546483,Qureshi Mutton Biryani,Agra,--,Too Few Ratings,₹ 200,"Indian,Mughlai",22721590000195,https://www.swiggy.com/restaurants/qureshi-mutton-biryani-tajganj-agra-546483,"Qureshi Mutton Biryani, Tourist complex area opp hotel ganga ratan,fatehabad road bansal nagar, Tajganj Agra 282001",Menu/546483.json
580176,Just pizza's,Agra,--,Too Few Ratings,₹ 200,"Pizzas,Burgers",22722575000247,https://www.swiggy.com/restaurants/just-pizzas-dayanand-nagar-agra-580176,"Just pizza's, 22/156, Chandi Wali Kothi, Paliwal Park, Moti Lal Nehru Road, Kamla Nagar, Agra",Menu/580176.json
544713,Whitebud,Agra,--,Too Few Ratings,₹ 200,"Bakery,Indian",22722575000094,https://www.swiggy.com/restaurants/whitebud-civil-lines-agra-544713,"Whitebud, 16/60 R.C. Mission Lower Compound, Motilal Nehru Rd, Old Vijayanagar Colony, Gadhapura, Civil Lines, Agra, Uttar Pradesh 282003, India",Menu/544713.json
499726,Om Sai Lassi And Juice Corner,Agra,--,Too Few Ratings,₹ 100,Biryani,22719581000005,https://www.swiggy.com/restaurants/om-sai-lassi-and-juice-corner-sikandra-agra-499726,"Om Sai Lassi And Juice Corner, 5, Alkapuri Pratap Nagar Nigam Agra, Nagar Nigam Food Safety Zone 08, Agra, Uttar Pradesh",Menu/499726.json
289939,Djlecious Cake Shop,Agra,--,Too Few Ratings,₹ 200,Bakery,12719001000911,https://www.swiggy.com/restaurants/djlecious-cake-shop-south-do-not-use-church-road-agra-289939,"Djlecious Cake Shop, DJlecious Cake Shop, Church Road, near SBI ATM, Defence Colony, Civil Lines, Agra, Uttar Pradesh, India",Menu/289939.json
544374,Momo hub,Agra,--,Too Few Ratings,₹ 200,"Fast Food,North Indian",22722582000103,https://www.swiggy.com/restaurants/momo-hub-civil-lines-agra-544374,"Momo hub, 24/88-B, Gandhi Nagar, Civil Lines, Agra, Uttar Pradesh 282002, India",Menu/544374.json
514927,MANDAL JI RESTURANT,Agra,--,Too Few Ratings,₹ 200,"Fast Food,Pastas",22722113000177,https://www.swiggy.com/restaurants/mandal-ji-resturant-civil-lines-agra-514927,"MANDAL JI RESTURANT, RATANPURA SHRI BALMIKI ROAD AGRA 282004",Menu/514927.json
540398,Mahavir Ice-cream,Agra,--,Too Few Ratings,₹ 200,"Chinese,Pastas",22721113001332,https://www.swiggy.com/restaurants/mahavir-ice-cream-sikandra-agra-540398,"Mahavir Ice-cream, 47/145, Pratap Nagar, Gadhi Bhadauria, Agra (CB), Agra, Agra, Uttar Pradesh",Menu/540398.json
539546,Mahavir Ice-cream & Kulfi,Agra,--,Too Few Ratings,₹ 200,"Chinese,Fast Food",22721113001332,https://www.swiggy.com/restaurants/mahavir-ice-cream-and-kulfi-sikandra-agra-539546,"Mahavir Ice-cream & Kulfi, 47/145, Pratap Nagar, Gadhi Bhadauria,  Agra (CB), Agra, Agra, Uttar Pradesh",Menu/539546.json
506713,Udupi Brindavan,Agra,--,Too Few Ratings,₹ 200,South Indian,12721001000800,https://www.swiggy.com/restaurants/udupi-brindavan-tajganj-agra-506713,"Udupi Brindavan, 18/163-A/6,Bibhav Nagar, shamshabad road, Agra  282001",Menu/506713.json
171108,Burger 27,Agra,4.2,100+ ratings,₹ 250,"Desserts,Chinese",22722590000062,https://www.swiggy.com/restaurants/burger-27-tajganj-agra-171108,"Burger 27, Plot no 19, sector 4 vibhav nagar  Tajganj agra . ",Menu/171108.json
537104,Guru Restaurant,Agra,--,Too Few Ratings,₹ 300,"North Indian,Chinese",22722590000053,https://www.swiggy.com/restaurants/guru-restaurant-tajganj-agra-537104,"Guru Restaurant, Plot No.1 shyam sundar bansal nagar fatehabad road, Agra",Menu/537104.json
486674,The Pastry Shop,Agra,--,Too Few Ratings,₹ 100,"Bakery,Pizzas",12715001000119,https://www.swiggy.com/restaurants/the-pastry-shop-tajganj-agra-486674,"The Pastry Shop, Vibhav Nagar Market, Vibhav nagar, Agra, Tajganj Zone, Agra (Uttar Pradesh)",Menu/486674.json
73719,Hari Chatni,Agra,4.2,20+ ratings,₹ 300,"North Indian,Chinese",12715001001135,https://www.swiggy.com/restaurants/hari-chatni-sanjay-place-civil-lines-agra-73719,"Hari Chatni, 55-A Nehru Nagar,Agra",Menu/73719.json
82201,New Agra Fast Food & Restaurant,Agra,3.7,100+ ratings,₹ 200,"South Indian,Chinese",12719001000445,https://www.swiggy.com/restaurants/new-agra-fast-food-and-restaurant-tajganj-agra-82201,"New Agra Fast Food & Restaurant, SHIV SHANTI COMPLEX RAJPUR CHUNGI",Menu/82201.json
467390,PIZZA PASTA DAY,Agra,4.4,20+ ratings,₹ 59,"Pizzas,Italian",22721580000168,https://www.swiggy.com/restaurants/pizza-pasta-day-sikandra-agra-467390,"PIZZA PASTA DAY, Bodla Rd, above Bank of Baroda ATM,Green Markt, Maruti Estate, Shyam Nagar, Shahganj, Agra, Uttar Pradesh 282010, India",Menu/467390.json
388016,Momozilla,Agra,4.0,20+ ratings,₹ 200,Chinese,22721590000185,https://www.swiggy.com/restaurants/momozilla-tajganj-agra-388016,"Momozilla, Rajpur Chungi,  Shamshabad Road,Agra, WARD NO. 70  SHAHEED NAGAR, Nagar Nigam Food  Safety Zone 17, Agra, Uttar Pradesh -  282001",Menu/388016.json
338474,Eatco,Agra,--,Too Few Ratings,₹ 250,"North Indian,Fast Food",12721001000440,https://www.swiggy.com/restaurants/eatco-civil-lines-agra-338474,"Eatco, 3/28B/1 Bagh Farzana , Bhadawar Market opp. Sheila talkies Khandari Agra",Menu/338474.json
361090,Faasos - Wraps & Rolls,Agra,4.3,100+ ratings,₹ 200,"Fast Food,Snacks",12721001000248,https://www.swiggy.com/restaurants/faasos-wraps-and-rolls-nehru-nagar-civil-lines-agra-361090,"Faasos - Wraps & Rolls, 36/395/1 NH-2, By pass, Nehru Nagar, Adjacent Shree Talkies Agra, Uttar Pradesh 282002",Menu/361090.json
562845,Havmor Havfunn ice cream,Agra,--,Too Few Ratings,₹ 300,"Ice Cream,Ice Cream Cakes",12722001000297,https://www.swiggy.com/restaurants/havmor-havfunn-ice-cream-khandari-agra-562845,"Havmor Havfunn ice cream, 17  LAJPAT  KUNJ PORTION1 KHANDARI  AGRA  282002",Menu/562845.json
502148,Hippo's Krates Cafe,Agra,--,Too Few Ratings,₹ 199,"Chinese,Fast Food",22722590000029,https://www.swiggy.com/restaurants/hippos-krates-cafe-tajganj-agra-502148,"Hippo's Krates Cafe, DK's PARADISE L-3/17, LIG Flats, Ground floor, Shaheed Nagar, Tajganj, Agra, Uttar Pradesh 282001, India",Menu/502148.json
74332,Subway,Agra,4.1,100+ ratings,₹ 350,"Healthy Food,Salads",12714001000750,https://www.swiggy.com/restaurants/subway-fatehabad-road-tajganj-agra-74332,"Subway, 8,Crown Plaza,Fatehabad Road,Agra",Menu/74332.json
540990,DIVYA SWEETS AND RESTAURANT,Agra,--,Too Few Ratings,₹ 250,"Sweets,South Indian",22721589000300,https://www.swiggy.com/restaurants/divya-sweets-and-restaurant-tajganj-agra-540990,"DIVYA SWEETS AND RESTAURANT, SHOP NO. 5/18 KASERAT BAZAR DAKHNAI GATE NEAR POST OFFICE TAJGANJ AGRA, WARD NO.74 KATRA FULEL, NAGAR NIGAM  FOOD SAFETY ZONE 16, AGRA , UTTAR PRADESH-282001",Menu/540990.json
556825,Mahi Food Court,Agra,--,Too Few Ratings,₹ 300,Snacks,22722113001098,https://www.swiggy.com/restaurants/mahi-food-court-sikandra-agra-556825,"Mahi Food Court, PART OF PLOT NO-65, N.N.NO.8B/ BLOCK DEV NAGAR, MAUJA MAU,  AGRA",Menu/556825.json
553306,Vaishnavi  food,Agra,--,Too Few Ratings,₹ 200,Beverages,22721583000145,https://www.swiggy.com/restaurants/vaishnavi-food-sikandra-madiya-katra-agra-553306,"Vaishnavi  food, shri nath ji complex shop no L G 1 jai hin  g sec- center  agra",Menu/553306.json
548076,MARK'S CAFE,Agra,--,Too Few Ratings,₹ 300,"Bakery,Fast Food",22721582000276,https://www.swiggy.com/restaurants/marks-cafe-civil-lines-agra-548076,"MARK'S CAFE, G-39 BLK NO 24/11 EMPORIUM BLK",Menu/548076.json
560249,hind nawabi veg end non veg dhava,Agra,--,Too Few Ratings,₹ 150,"Indian,Tandoor",license,https://www.swiggy.com/restaurants/hind-nawabi-veg-end-non-veg-dhava-dayanand-nagar-agra-560249,"hind nawabi veg end non veg dhava, SHOP NO. 2 CHANDNI CHOWK, BALKESHWAR, WARD NO. 55 BALKESHWAR, Nagar Nigam Food Safety Zone 01, Agra, Uttar Pradesh, 282005",Menu/560249.json
445852,Greens and Beans,Agra,--,Too Few Ratings,₹ 300,Beverages,22721113001214,https://www.swiggy.com/restaurants/greens-and-beans-civil-lines-agra-445852,"Greens and Beans, 21, Surya Nagar, Civil Lines, Agra, Uttar Pradesh 282002, India",Menu/445852.json
498050,Bakingo,Agra,4.3,50+ ratings,₹ 299,"Bakery,Desserts",22721581000295,https://www.swiggy.com/restaurants/bakingo-agra-agra-498050,"Bakingo, 6/5A, Khandari Chauraha, Bhagirathi Devi Marg, Khandari, Agra, Agra, Uttar Pradesh, 282005",Menu/498050.json
419455,BRIE,Agra,--,Too Few Ratings,₹ 200,"Chinese,Italian",22719113000572,https://www.swiggy.com/restaurants/brie-civil-lines-agra-419455,"BRIE, 2/90 KOTLA HOUSE CHURCH KHANDARI CROSSING AGRA	282002",Menu/419455.json
361091,Behrouz Biryani,Agra,4.6,100+ ratings,₹ 500,"Biryani,Mughlai",12721001000248,https://www.swiggy.com/restaurants/behrouz-biryani-nehru-nagar-civil-lines-agra-361091,"Behrouz Biryani, 36/395/1 NH-2, By pass, Nehru Nagar, Adjacent Shree Talkies Agra, Uttar Pradesh 282002",Menu/361091.json
350727,The Briston Kitchen,Agra,3.8,100+ ratings,₹ 200,"North Indian,Chinese",22721589000006,https://www.swiggy.com/restaurants/the-briston-kitchen-tajganj-agra-350727,"The Briston Kitchen, khasra No 1375, Dinesh Nagar, Basai Mustakil, Fatehbad Road, Agra, Uttar Pradesh - 282001",Menu/350727.json
498280,The Meal Box,Agra,--,Too Few Ratings,₹ 300,"North Indian,Chinese",22720581000225,https://www.swiggy.com/restaurants/the-meal-box-civil-lines-agra-498280,"The Meal Box, Swag Foods, 2/91, kotla house khandari Agra..",Menu/498280.json
403941,Crazy Straw,Agra,--,Too Few Ratings,₹ 400,Beverages,22721582000171,https://www.swiggy.com/restaurants/crazy-straw-civil-lines-agra-403941,"Crazy Straw, 2/91, kotla house, khandari, agra",Menu/403941.json
517961,KNIFE DIP'IN,Agra,--,Too Few Ratings,₹ 299,"Desserts,American",22722590000029,https://www.swiggy.com/restaurants/knife-dipin-tajganj-agra-517961,"KNIFE DIP'IN, 33/163/109A, Bagichi, Tajganj, Agra, Uttar Pradesh 282001, India",Menu/517961.json
525182,NAVTARA RESTAURANT,Agra,--,Too Few Ratings,₹ 250,"South Indian,Thalis",12722001000198,https://www.swiggy.com/restaurants/navtara-restaurant-tajganj-agra-525182,"NAVTARA RESTAURANT, Pathak press,East gate Tajmahal. Tajganj, Agra, Uttar Pradesh 282001, India",Menu/525182.json
349776,Agra Fast Food and Restaurant,Agra,3.5,100+ ratings,₹ 200,"North Indian,South Indian",license,https://www.swiggy.com/restaurants/agra-fast-food-and-restaurant-tajganj-agra-349776,"Agra Fast Food and Restaurant, 32/75B/4, Kh No. 424, Hari Nagar, mauja Rajpur, Agra    282001",Menu/349776.json
133310,Bhagwati Dhaba & Thali,Agra,3.3,20+ ratings,₹ 200,North Indian,22720572000153,https://www.swiggy.com/restaurants/bhagwati-dhaba-and-thali-dayanand-nagar-civil-lines-agra-133310,"Bhagwati Dhaba & Thali, Near Sultanganj Ki Pulia, Kamla Nagar, Agra",Menu/133310.json
482889,Break a bread,Agra,--,Too Few Ratings,₹ 200,"Fast Food,Chinese",22722113000088,https://www.swiggy.com/restaurants/break-a-bread-tajganj-agra-482889,"Break a bread, H no -18, sector 4, vibhav nagar agra",Menu/482889.json
361092,Oven Story Pizza,Agra,4.0,100+ ratings,₹ 400,Pizzas,12721001000248,https://www.swiggy.com/restaurants/oven-story-pizza-nehru-nagar-civil-lines-agra-361092,"Oven Story Pizza, 36/395/1 NH-2, By pass, Nehru Nagar, Adjacent Shree Talkies Agra, Uttar Pradesh 282002",Menu/361092.json
517952,DK's PARADISE in-house CAFETERIA,Agra,--,Too Few Ratings,₹ 249,"North Indian,Chinese",22722590000029,https://www.swiggy.com/restaurants/dks-paradise-in-house-cafeteria-tajganj-agra-517952,"DK's PARADISE in-house CAFETERIA, L-3/17, Ground floor, LIG Flats, Shaheed Nagar, Tajganj, Agra, Uttar Pradesh 282001, India",Menu/517952.json
570224,PIZZA DAY,Agra,--,Too Few Ratings,₹ 199,"Pizzas,American",22722113001047,https://www.swiggy.com/restaurants/pizza-day-sadar-bazaar-agra-570224,"PIZZA DAY, Shree ram Complex sewla gwalior road agra, Rohta (CT), Agra, Agra, Uttar Pradesh - 282001",Menu/570224.json
103198,Anant Restaurant,Agra,3.9,100+ ratings,₹ 200,South Indian,12716001000507,https://www.swiggy.com/restaurants/anant-restaurant-kamla-nagar-agra-103198,"Anant Restaurant, Avas Vikas Colony, Kamla Nagar, Agra",Menu/103198.json
227391,Cake & Bake,Agra,2.4,20+ ratings,₹ 200,Bakery,22719113000548,https://www.swiggy.com/restaurants/cake-and-bake-tajganj-agra-227391,"Cake & Bake, jai shiv dairy shahid nagar tiraha , near chanakya hotel shaheed Nagar Agra",Menu/227391.json
531980,The Chapter Kitchen,Agra,--,Too Few Ratings,₹ 300,"North Indian,Snacks",12719001000047,https://www.swiggy.com/restaurants/the-chapter-kitchen-civil-lines-agra-531980,"The Chapter Kitchen, LG-08, LOWER GROUND FLOOR RAM RAGHU  PLAZA KHANDARI ROAD AGRA, Agra, Agra,  Uttar Pradesh-282002",Menu/531980.json
75858,KFC,Agra,4.1,100+ ratings,₹ 450,"American,Snacks",10012011000726,https://www.swiggy.com/restaurants/kfc-basai-mustaquil-tajganj-agra-75858,"KFC, PLOT NO.2022,BASAI MUSTAQUIL,TAJ GANJ AGRA.",Menu/75858.json
443253,Cake Culture,Agra,--,Too Few Ratings,₹ 200,Bakery,22721590000247,https://www.swiggy.com/restaurants/cake-culture-tajganj-agra-443253,"Cake Culture, Shop no 2 , Shaheed Nagar, Tajganj, Agra, Uttar Pradesh 282001, India",Menu/443253.json
85239,The Falak Restaurant,Agra,--,Too Few Ratings,₹ 400,"Chinese,South Indian",12721001000801,https://www.swiggy.com/restaurants/the-falak-restaurant-shaheed-nagar-tajganj-agra-85239,"The Falak Restaurant, 18/1636/38 SHAHEED NAGAR, HOTEL CHANAKYA, AGRA",Menu/85239.json
444613,Chetan Fast Food Corner,Agra,--,Too Few Ratings,₹ 300,"North Indian,Chinese",22721580000081,https://www.swiggy.com/restaurants/chetan-fast-food-corner-sikandra-agra-444613,"Chetan Fast Food Corner, House no- 408 A, Awadhpuri colony agra  282010",Menu/444613.json
451787,Kakkar's Kitchen,Agra,--,Too Few Ratings,₹ 250,"Indian,Chinese",22721582000261,https://www.swiggy.com/restaurants/kakkars-kitchen-civil-lines-agra-451787,"Kakkar's Kitchen, 62, Surya Nagar, Civil Lines, Agra, Uttar Pradesh 282002, India",Menu/451787.json
475960,Spiced Brew,Agra,--,Too Few Ratings,₹ 500,"Beverages,Chinese",12722001000042,https://www.swiggy.com/restaurants/spiced-brew-civil-lines-agra-475960,"Spiced Brew, GF-01, Vimal Complex, near District & Sessions Court, Crossing, Khandari, Agra, Uttar Pradesh 282002, India",Menu/475960.json
394293,Homey meal preetis kitchen,Agra,3.7,20+ ratings,₹ 200,"North Indian,Chinese",22721589000191,https://www.swiggy.com/restaurants/homey-meal-preetis-kitchen-tajganj-agra-394293,"Homey meal preetis kitchen, 3/185 katra fulel, Kinari Bazar, Kaserat Bazar, Tajganj, Agra, Uttar Pradesh 282001, India",Menu/394293.json
336607,Karchi,Agra,4.1,100+ ratings,₹ 300,"North Indian,Mughlai",12721001000415,https://www.swiggy.com/restaurants/karchi-civil-lines-kamla-nagar-agra-336607,"Karchi, C-1/1-10, Avas vikas complex, kamla nagar, Agra",Menu/336607.json
480986,The Burritos Wrap and Rolls,Agra,4.0,20+ ratings,₹ 150,Snacks,22722590000008,https://www.swiggy.com/restaurants/the-burritos-wrap-and-rolls-tajganj-agra-480986,"The Burritos Wrap and Rolls, behind torrent power office, Shaheed Nagar, Tajganj, Agra, Uttar Pradesh 282001, India",Menu/480986.json
361094,Sweet Truth - Cake and Desserts,Agra,4.3,20+ ratings,₹ 450,"Bakery,Desserts",12721001000248,https://www.swiggy.com/restaurants/sweet-truth-cake-and-desserts-nehru-nagar-civil-lines-agra-361094,"Sweet Truth - Cake and Desserts, 36/395/1 NH-2, By pass, Nehru Nagar, Adjacent Shree Talkies Agra, Uttar Pradesh 282002",Menu/361094.json
74317,Jeetu Dhaba,Agra,--,Too Few Ratings,₹ 400,North Indian,22721574000133,https://www.swiggy.com/restaurants/jeetu-dhaba-kamla-nagar-agra-74317,"Jeetu Dhaba, 32/24-A-1 Water Works,Bypass Road,Kamla nagar ,agra",Menu/74317.json
101118,Tongue Twister,Agra,--,Too Few Ratings,₹ 200,"Chinese,Fast Food",22718574000171,https://www.swiggy.com/restaurants/tongue-twister-dayanand-nagar-kamla-nagar-agra-101118,"Tongue Twister, 13/7, Balkeshwar Colony, Kamla Nagar, Agra",Menu/101118.json
361097,The Biryani Life,Agra,4.1,100+ ratings,₹ 250,"Biryani,Hyderabadi",12721001000248,https://www.swiggy.com/restaurants/the-biryani-life-nehru-nagar-civil-lines-agra-361097,"The Biryani Life, 36/395/1 NH-2, By pass, Nehru Nagar, Adjacent Shree Talkies Agra, Uttar Pradesh 282002",Menu/361097.json
350553,Agra Biryani Hotspot,Agra,3.9,50+ ratings,₹ 300,"Biryani,Kebabs",22720590000200,https://www.swiggy.com/restaurants/agra-biryani-hotspot-tajganj-agra-350553,"Agra Biryani Hotspot, S S272 SHAHEED NAGAR WARD NO  70 SHAHEED NAGAR NAGAR NIGAM FOOD SAFETY ZONE 17 AGRA UP  282001",Menu/350553.json
503765,MASALA BISTRO,Agra,--,Too Few Ratings,₹ 500,"Chinese,Indian",22722590000031,https://www.swiggy.com/restaurants/masala-bistro-tajganj-agra-503765,"MASALA BISTRO, 304 FATEHABAD ROAD, OPP. HOTEL TAJ VIEW, TAJGANJ AGRA, WARD NO. 71 VIBHAV NAGAR, Nagar Nigam Food Safety Zone 17, Agra, Uttar Pradesh - 282001",Menu/503765.json
361096,The Good Bowl,Agra,4.0,20+ ratings,₹ 400,"North Indian,Punjabi",12721001000248,https://www.swiggy.com/restaurants/the-good-bowl-nehru-nagar-civil-lines-agra-361096,"The Good Bowl, 36/395/1 NH-2, By pass, Nehru Nagar, Adjacent Shree Talkies Agra, Uttar Pradesh 282002",Menu/361096.json
220398,The Fresh Pizza,Agra,--,Too Few Ratings,₹ 250,"Beverages,Italian",22722590000279,https://www.swiggy.com/restaurants/the-fresh-pizza-sanjay-nagar-shamsabad-agra-220398,"The Fresh Pizza, Tiwari market front of Sanjay Nagar Ukhrra road,Tajganj,Agra",Menu/220398.json
97071,Bhagwan Corner,Agra,2.9,100+ ratings,₹ 200,Bakery,22719575000015,https://www.swiggy.com/restaurants/bhagwan-corner-radha-krishan-complex-lohamandi-agra-97071,"Bhagwan Corner, 16/2, Radha Krishan complex, Ghatiya Azam Khan",Menu/97071.json
444286,Farzi Rasoi,Agra,--,Too Few Ratings,₹ 300,"North Indian,Chinese",22721590000176,https://www.swiggy.com/restaurants/farzi-rasoi-tajganj-agra-444286,"Farzi Rasoi, Bhadawar building 2nd floor prem nagar rajpur agra.282001",Menu/444286.json
433540,New 24 Seven Restaurant Cafe,Agra,2.6,20+ ratings,₹ 300,"Continental,Chinese",22721589000313,https://www.swiggy.com/restaurants/new-24-seven-restaurant-cafe-tajganj-agra-433540,"New 24 Seven Restaurant Cafe, H.NO. 30/6/20D/2A/1 NEW ABADI DINESH NAGAR GOBAR CHAUKI TAJGANJ AGRA, WARD NO. 89 GOBAR CHOWKI, NAGAR NIGAM FOOD SAFETY ZONE 16, AGRA, UTTAR PRADESH-282001",Menu/433540.json
361098,Pure Veg Meals by Lunchbox,Agra,3.9,20+ ratings,₹ 200,"North Indian,Desserts",12721001000248,https://www.swiggy.com/restaurants/pure-veg-meals-by-lunchbox-nehru-nagar-civil-lines-agra-361098,"Pure Veg Meals by Lunchbox, 36/395/1 NH-2, By pass, Nehru Nagar, Adjacent Shree Talkies Agra, Uttar Pradesh 282002",Menu/361098.json
451853,Chow's Kitchen,Agra,3.5,50+ ratings,₹ 300,"Chinese,Thai",12721001000415,https://www.swiggy.com/restaurants/chows-kitchen-dayanand-nagar-kamla-nagar-agra-451853,"Chow's Kitchen, GROUND FLOOR,C-1/1-10, AVAS VIKAS  COMPLEX, KAMLA NAGAR AGRA, Nagar  Nigam Food Safety Zone 03, Agra, Uttar  Pradesh-282004",Menu/451853.json
502211,Mehfil Biryani by Zakir Khan,Agra,3.4,50+ ratings,₹ 600,"Biryani,Mughlai",23622028000402,https://www.swiggy.com/restaurants/mehfil-biryani-by-zakir-khan-dayanand-nagar-kamlanagar-agra-502211,"Mehfil Biryani by Zakir Khan, """"""C-1/1-12 AVAS VIKAS COMPLEX KAMLA NAGAR AGRA, Nagar Nigam Food Safety Zone 03, Agra, Uttar Pradesh-282004""""""",Menu/502211.json
281883,Flavours by ITC Hotels,Agra,--,Too Few Ratings,₹ 1000,"Indian,Continental",10012051000408,https://www.swiggy.com/restaurants/flavours-by-itc-hotels-tajganj-agra-281883,"Flavours by ITC Hotels, Taj Ganj,agra 282001 Uttarpradesh India",Menu/281883.json
447501,Bikaner Express,Agra,3.9,20+ ratings,₹ 300,"North Indian,Italian",12721001000649,https://www.swiggy.com/restaurants/bikaner-express-dayanand-nagar-kamla-nagar-agra-447501,"Bikaner Express, Corporation No. 32A/81, LIG B-45, kamla Nagar, Agra 282005",Menu/447501.json
551835,7th HEAVEN,Agra,--,Too Few Ratings,₹ 400,"Chinese,North Indian",12719001000047,https://www.swiggy.com/restaurants/7th-heaven-civil-lines-agra-551835,"7th HEAVEN, LG-08, LOWER GROUND FLOOR RAM RAGHU PLAZA KHANDARI ROAD AGRA, AGRA, UTTAR PRADESH-282002",Menu/551835.json
572729,Chizza & pizza corner,Agra,--,Too Few Ratings,₹ 300,"Burgers,Fast Food",22722590000043,https://www.swiggy.com/restaurants/chizza-and-pizza-corner-tajganj-agra-572729,"Chizza & pizza corner, Chizza & pizza L-1/181 shaheed nagar 282001",Menu/572729.json
356018,"TOMAR,S HYGIENE KITCHEN",Agra,--,Too Few Ratings,₹ 350,"Indian,Chinese",22720590000181,https://www.swiggy.com/restaurants/tomar-s-hygiene-kitchen-shaheed-nagar-tajganj-shamsabad-agra-356018,"TOMAR,S HYGIENE KITCHEN, LIG L-1/177, Shaheed Nagar,  Agra WARD NO 70 shaheed nagar",Menu/356018.json
231226,Sip N Bite,Agra,--,Too Few Ratings,₹ 200,"Chinese,Indian",22719591000093,https://www.swiggy.com/restaurants/sip-n-bite-gajanan-nagar-sikandra-agra-231226,"Sip N Bite, M/S Sip n Bite 37/177, Bundu Katra Near Water Tank Gwalior Road Agra , District - Agra, STATE - Uttar Pradesh",Menu/231226.json
410155,Drunken Monkey,Agra,--,Too Few Ratings,₹ 350,Beverages,22721590000225,https://www.swiggy.com/restaurants/drunken-monkey-tajganj-agra-410155,"Drunken Monkey, Shopping Arcade, Hotel Howard Plaza, Fatehabad Road, Agra    282001",Menu/410155.json
518783,MomoCult,Agra,--,Too Few Ratings,₹ 200,Chinese,12722001000126,https://www.swiggy.com/restaurants/momocult-civil-lines-agra-518783,"MomoCult, Kothi No. 30, Lajpat Kunj, khandari Road Agra,  Nagar Nigam Food Safety Zone 08, Agra, Uttar  Pradesh-282002",Menu/518783.json
371093,Achman Foods (Bhagwan Talkies),Agra,4.0,100+ ratings,₹ 400,"North Indian,South Indian",12720001000639,https://www.swiggy.com/restaurants/achman-foods-bhagwan-talkies-dayanand-nagar-new-agra-colony-agra-371093,"Achman Foods (Bhagwan Talkies), 86 NH Bypass Road Near Bhagwan Talkies Chauraha Khandari Agra Uttar Pradesh 282005",Menu/371093.json
361095,LunchBox - Meals and Thalis,Agra,4.1,50+ ratings,₹ 200,"North Indian,Punjabi",12721001000248,https://www.swiggy.com/restaurants/lunchbox-meals-and-thalis-nehru-nagar-civil-lines-agra-361095,"LunchBox - Meals and Thalis, 36/395/1 NH-2, By pass, Nehru Nagar, Adjacent Shree Talkies Agra, Uttar Pradesh 282002",Menu/361095.json
361093,Firangi Bake,Agra,4.0,20+ ratings,₹ 400,"Italian,Mexican",12721001000248,https://www.swiggy.com/restaurants/firangi-bake-nehru-nagar-civil-lines-agra-361093,"Firangi Bake, 36/395/1 NH-2, By pass, Nehru Nagar, Adjacent Shree Talkies Agra, Uttar Pradesh 282002",Menu/361093.json
357340,WOW FOod Point,Agra,--,Too Few Ratings,₹ 150,"Fast Food,Chinese",22721576000032,https://www.swiggy.com/restaurants/wow-food-point-dayanand-nagar-kamla-nagar-agra-357340,"WOW FOod Point, Hanuman Park, Ghatwasan, Kamla Nagar, Agra, Uttar Pradesh, India",Menu/357340.json
511136,Bansal Sweets Pede Wale,Agra,--,Too Few Ratings,₹ 150,Sweets,12721001000460,https://www.swiggy.com/restaurants/bansal-sweets-pede-wale-sikandra-agra-511136,"Bansal Sweets Pede Wale, 44B/SB/432, Khasra No 1013, Near Pooja Enclave, Opp Bodla Hospital, Maruti Estate - Bodla Chauraha Road, Bodla Crossing, Agra - 282007",Menu/511136.json
578362,Abhiram & Son's,Agra,--,Too Few Ratings,₹ 500,"Bakery,Chinese",22722113001124,https://www.swiggy.com/restaurants/abhiram-and-sons-tajganj-agra-578362,"Abhiram & Son's, 16/21,i, Harjupura tajganj Agra",Menu/578362.json
572958,DHABA 59,Agra,--,Too Few Ratings,₹ 500,"North Indian,Chinese",12721001000386,https://www.swiggy.com/restaurants/dhaba-59-tajganj-agra-572958,"DHABA 59, CHUNGI BAHAR AGRA, AGRA UTTAR PRADESH TAJGANJ AGRA-282001",Menu/572958.json
393963,Kwality Walls Frozen Dessert and Ice Cream Shop,Agra,4.4,100+ ratings,₹ 300,Ice Cream,22717578000152,https://www.swiggy.com/restaurants/kwality-walls-frozen-dessert-and-ice-cream-shop-sikandra-agra-393963,"Kwality Walls Frozen Dessert and Ice Cream Shop, KARAN STORE: 3/31, SECTOR 3, AVASH VIKASH COLONY BODLA SIKANDRA AGRA, NAGAR NIGAM FOOD SAFETY ZONE 05, AGRA, UTTAR PRADESH-282007",Menu/393963.json
352457,B & B Restro,Agra,3.4,20+ ratings,₹ 300,"Indian,Continental",22721590000022,https://www.swiggy.com/restaurants/b-and-b-restro-tajganj-agra-352457,"B & B Restro, khasra no 646 647, 46 Jangjeet Nagar Shamshabad Road Agra, WARD NO. 73 URKHARA, Nagar Nigam Food Safety Zone 17, Agra, Uttar Pradesh-282001",Menu/352457.json
528264,KINGS COFFEE CLUB,Agra,--,Too Few Ratings,₹ 110,"Fast Food,Beverages",license,https://www.swiggy.com/restaurants/kings-coffee-club-dayanand-nagar-agra-528264,"KINGS COFFEE CLUB, Laxmi Market , Near Vijay Vilas Hotel , Dayal Bagh , Agra",Menu/528264.json
431491,Manoj Dhaba,Agra,3.5,50+ ratings,₹ 400,North Indian,12715001000438,https://www.swiggy.com/restaurants/manoj-dhaba-dayanand-nagar-agra-431491,"Manoj Dhaba, Shop 522, (pro due t Near bhagwan talkies, hariparbat, Agra       282005",Menu/431491.json
247696,Rock N Roll Wala,Agra,3.5,20+ ratings,₹ 200,"Beverages,Pizzas",22721577000009,https://www.swiggy.com/restaurants/rock-n-roll-wala-subhash-nagar-khandar-agra-247696,"Rock N Roll Wala, UG-3, RADHIKACOMPLEX, MAU ROAD, KHANDARI, AGRA-282005, NAGAR NIGAM FOOD SAFETY ZONE 08, AGRA(UTTAR PRADESH)-282005",Menu/247696.json
422958,Bus Wala Vada Pav No.1,Agra,--,Too Few Ratings,₹ 200,"South Indian,North Indian",22721113000873,https://www.swiggy.com/restaurants/bus-wala-vada-pav-no-1-sikandra-agra-422958,"Bus Wala Vada Pav No.1, KHANDARI CHAURAHA DAYAL BAGHROAD, Agra (M Corp.), Agra, Uttar Pradesh - 282005",Menu/422958.json
408108,THE MASTER CHEF RESTAURANT,Agra,2.6,20+ ratings,₹ 250,"Chinese,North Indian",22721113000451,https://www.swiggy.com/restaurants/the-master-chef-restaurant-tajganj-agra-408108,"THE MASTER CHEF RESTAURANT, SHOP NO.10, PARASNATH PANCHWATI PLAZA PHASE-2, TAJ NAGRI FATEHABAD ROAD, BAMRAULI KATARA, AGRA- U.P.-282001",Menu/408108.json
322586,ROYAL ROLLS,Agra,--,Too Few Ratings,₹ 200,Italian,22720590000179,https://www.swiggy.com/restaurants/royal-rolls-tajganj-agra-322586,"ROYAL ROLLS, M/S Royal rolls Madhuvan Nagar Rajpur Shamsabad Road Agra, Agra,282001",Menu/322586.json
74565,Golden China Restaurant,Agra,3.9,20+ ratings,₹ 300,"Chinese,North Indian",12722001000132,https://www.swiggy.com/restaurants/golden-china-restaurant-tajganj-agra-74565,"Golden China Restaurant, Plot 1374 & 1375, Dinesh Nagar, Near ITC Mughal Hotel Fatehabad, Tajganj, Agra",Menu/74565.json
225854,Spicy Cottage,Agra,--,Too Few Ratings,₹ 550,"Beverages,Chinese",22719577000076,https://www.swiggy.com/restaurants/spicy-cottage-dayanand-nagar-agra-225854,"Spicy Cottage, D-7, NEW AGRA NEAR YASHWANT HOSPITAL NEW AGRA-282005, District - Agra, STATE, Uttar Pradesh",Menu/225854.json
571409,Spice hut,Agra,--,Too Few Ratings,₹ 500,Indian,22722590000016,https://www.swiggy.com/restaurants/spice-hut-tajganj-agra-571409,"Spice hut, 18/A/8D/13 plot no 5 bansal nagar fatehbad road agra 282001 Uttar pradesh",Menu/571409.json
572735,FANTASTIC FOUR,Agra,--,Too Few Ratings,₹ 300,North Indian,22722574000072,https://www.swiggy.com/restaurants/fantastic-four-dayanand-nagar-agra-572735,"FANTASTIC FOUR, SHOBHA NAGAR, WARD NO. 37 TEDIBAGIYA,, Nagar Nigam Food Safety Zone 01, Agra, Uttar Pradesh - 282006",Menu/572735.json
294480,Gourmet Couch By ITC Mughal,Agra,--,Too Few Ratings,₹ 1000,"North Indian,Mughlai",10012051000408,https://www.swiggy.com/restaurants/gourmet-couch-by-itc-mughal-tajganj-agra-294480,"Gourmet Couch By ITC Mughal, ITC Hotel, Taj Ganj,agra 282001 Uttarpradesh India",Menu/294480.json
572722,The Hunger of universe,Agra,--,Too Few Ratings,₹ 300,"North Indian,Bakery",22722574000072,https://www.swiggy.com/restaurants/the-hunger-of-universe-dayanand-nagar-agra-572722,"The Hunger of universe, SHOBHA NAGAR, WARD NO. 37 TEDI  BAGIYA,, Nagar Nigam Food Safety Zone  01, Agra, Uttar Pradesh - 282006",Menu/572722.json
566482,Faasos' Signature Wraps & Rolls,Agra,--,Too Few Ratings,₹ 350,"Snacks,Beverages",12721001000248,https://www.swiggy.com/restaurants/faasos-signature-wraps-and-rolls-nehru-nagar-civil-lines-agra-566482,"Faasos' Signature Wraps & Rolls, 36/395/1 NH-2, By pass, Nehru Nagar, Adjacent Shree Talkies Agra, Uttar Pradesh 282002",Menu/566482.json
554445,The Hippie Cafe,Agra,--,Too Few Ratings,₹ 400,"Snacks,Fast Food",22721589000034,https://www.swiggy.com/restaurants/the-hippie-cafe-tajganj-agra-554445,"The Hippie Cafe, 3/142, Chowk Kagziyan, Tajganj, Agra, Ward no 89, Gobar Chowki, Nagar Nigam Food Safety Zone 16, Agra, Uttar Pradesh",Menu/554445.json
444815,CAKE GOLDEN,Agra,--,Too Few Ratings,₹ 1200,"Bakery,Desserts",22721113000999,https://www.swiggy.com/restaurants/cake-golden-sikandra-agra-444815,"CAKE GOLDEN, FLAT NO.303 NIRMLA HIGHT MATHURA ROAD AGRA",Menu/444815.json
444811,CAKE SHOWROOM,Agra,2.2,20+ ratings,₹ 1200,Bakery,22721113000999,https://www.swiggy.com/restaurants/cake-showroom-sikandra-agra-444811,"CAKE SHOWROOM, FLAT NO.303 NIRMLA HIGHT MATHURA ROAD AGRA",Menu/444811.json
443523,Cake Kohinoor,Agra,--,Too Few Ratings,₹ 1200,Bakery,22722578000327,https://www.swiggy.com/restaurants/cake-kohinoor-sikandra-agra-443523,"Cake Kohinoor, Flat No 303 block lI Nirmal heights near mental hospital agra, WARD NO. 59 SIKANDRA, Nagar Nigam Food Safety Zone 05, Agra, Uttar Pradesh - 282002",Menu/443523.json
445920,Cake Sunshine,Agra,--,Too Few Ratings,₹ 1200,Bakery,22721113001051,https://www.swiggy.com/restaurants/cake-sunshine-sikandra-agra-445920,"Cake Sunshine, 4/687 NEAR NIRMALA HIGHT, MENTAL HOSPITAL ROAD, AGRA",Menu/445920.json
459971,Bhagwan cake house,Agra,--,Too Few Ratings,₹ 300,Bakery,22719578000229,https://www.swiggy.com/restaurants/bhagwan-cake-house-sikandra-agra-459971,"Bhagwan cake house, Flate no -303, block no-2, nirmal heights old mathura road Agra 282002",Menu/459971.json
499525,The Perfect Bun,Agra,--,Too Few Ratings,₹ 300,"Beverages,Pizzas",22721589000248,https://www.swiggy.com/restaurants/the-perfect-bun-tajganj-agra-499525,"The Perfect Bun, Shop n0-30/6/20w/1 near hotel love kush fatehabad road tajganj agra.",Menu/499525.json
102810,Jain Confectionery,Agra,--,Too Few Ratings,₹ 200,"Sweets,Street Food",22721113000901,https://www.swiggy.com/restaurants/jain-confectionery-sikandra-lohamandi-agra-102810,"Jain Confectionery, A3 Vs Complex, Sector 1, Lohamandi Bodla, Sikandra, Agra",Menu/102810.json
510962,Iceeno,Agra,--,Too Few Ratings,₹ 200,"Fast Food,Pizzas",22722576000042,https://www.swiggy.com/restaurants/iceeno-dayanand-nagar-agra-510962,"Iceeno, LG-1, F342 Adarsh nagar crossing kamla nagar agra  .    -    282005",Menu/510962.json
82200,Food Stock Exchange,Agra,3.7,50+ ratings,₹ 200,"Chinese,North Indian",12718001000749,https://www.swiggy.com/restaurants/food-stock-exchange-tajganj-agra-82200,"Food Stock Exchange, NEAR AREEBA HOTEL, TAJGANJ",Menu/82200.json
431608,Spicy Wonder,Agra,--,Too Few Ratings,₹ 300,"North Indian,Chinese",12721001000272,https://www.swiggy.com/restaurants/spicy-wonder-dayanand-nagar-agra-431608,"Spicy Wonder, B-8 Kamla nagar, opp-peoples honda activa showroom agra.282005",Menu/431608.json
74358,Pind Balluchi,Agra,3.7,100+ ratings,₹ 400,"North Indian,Mughlai",12714001000391,https://www.swiggy.com/restaurants/pind-balluchi-tajganj-agra-74358,"Pind Balluchi, Opposite Saga Emporium, Fatehabad Road, Tajganj, Agra",Menu/74358.json
97068,Marleys The Milkshake,Agra,--,Too Few Ratings,₹ 300,Beverages,22720589000040,https://www.swiggy.com/restaurants/marleys-the-milkshake-fatehabad-road-tajganj-agra-97068,"Marleys The Milkshake, 30/6/17A/1B/1 Opposite Saga Emporium, Fatehabad Road Tajganj, Agra",Menu/97068.json
102802,Jain Sweet,Agra,--,Too Few Ratings,₹ 200,Desserts,22718600000000,https://www.swiggy.com/restaurants/jain-sweet-sikandra-lohamandi-agra-102802,"Jain Sweet, BS Complex, Sector 1, Sikandra, Lohamandi Road, Sikandra, Agra",Menu/102802.json
408627,Shere Punjab Hotel & Restaurant- kamla nagar,Agra,--,Too Few Ratings,₹ 400,"Chinese,North Indian",12719001000081,https://www.swiggy.com/restaurants/shere-punjab-hotel-and-restaurant-kamla-nagar-dayanand-nagar-kamla-nagar-agra-408627,"Shere Punjab Hotel & Restaurant- kamla nagar , C-2/17, Vikas Market, Kamla Nagar, Agra",Menu/408627.json
322285,The Royal Biryani (By Jahanpanah),Agra,--,Too Few Ratings,₹ 800,Biryani,12720001000604,https://www.swiggy.com/restaurants/the-royal-biryani-by-jahanpanah-sikandra-khandar-agra-322285,"The Royal Biryani (By Jahanpanah), 3. KANHIYA ENCLAVE,SHEETLA ROAD, AGRA - 282005",Menu/322285.json
556578,THE UNTOLD STORIES,Agra,--,Too Few Ratings,₹ 200,"Italian,Chinese",22722576000054,https://www.swiggy.com/restaurants/the-untold-stories-dayanand-nagar-agra-556578,"THE UNTOLD STORIES, Shop no f -5 first floor, commercial complex, near dominos kamla nagar agra",Menu/556578.json
82202,Hungernomia,Agra,--,Too Few Ratings,₹ 250,Italian,22719600000000,https://www.swiggy.com/restaurants/hungernomia-tajganj-kamla-nagar-agra-82202,"Hungernomia, c-59,kamla nagar, Agra",Menu/82202.json
506239,Jalesar Chat Bhandar,Agra,--,Too Few Ratings,₹ 100,"Chaat,Snacks",22721578000391,https://www.swiggy.com/restaurants/jalesar-chat-bhandar-sikandra-agra-506239,"Jalesar Chat Bhandar, veg market ,Lohamandi bodlard oposite sabji mandi sector 1, bodla, lohamandi , agra uttarpradesh 282007, ward no 59 sikandra , nagar nigam food safety zone 05 ,agra uttarpradesh 282007",Menu/506239.json
310682,Guru Mahima Shakahari Bhojnalya,Agra,3.2,50+ ratings,₹ 200,North Indian,22718588000073,https://www.swiggy.com/restaurants/guru-mahima-shakahari-bhojnalya-dayanand-nagar-katra-wazir-khan-agra-310682,"Guru Mahima Shakahari Bhojnalya, M/s Guru Mahima Shudh Shakahari Bhojnalaya 11/41C Link Road Sita nagar Agra, District - Agra, STATE - Uttar Pradesh",Menu/310682.json
570727,First Floor Cafe,Agra,--,Too Few Ratings,₹ 249,Beverages,22720582000146,https://www.swiggy.com/restaurants/first-floor-cafe-dayanand-nagar-agra-570727,"First Floor Cafe, C/O RAM SONS BYE PASS ROAD , AGRA - 282002",Menu/570727.json
136670,Shri Thakur Ji Misthan Bhandar,Agra,--,Too Few Ratings,₹ 150,"Desserts,Sweets",22720576000126,https://www.swiggy.com/restaurants/shri-thakur-ji-misthan-bhandar-mantola-kamla-nagar-agra-136670,"Shri Thakur Ji Misthan Bhandar, Balkeshwar Colony, Bansal Market, Near I.T.I College, Balkeshwar, Kamla Nagar, Agra",Menu/136670.json
461094,Sai Food plaza,Agra,--,Too Few Ratings,₹ 300,"Bakery,Pizzas",22719578000229,https://www.swiggy.com/restaurants/sai-food-plaza-sikandra-agra-461094,"Sai Food plaza, Flate no -303, block no-2, nirmal heights old mathura road Agra 282002",Menu/461094.json
498171,Chennai Express,Agra,--,Too Few Ratings,₹ 300,"North Indian,Chinese",22721113000978,https://www.swiggy.com/restaurants/chennai-express-sikandra-agra-498171,"Chennai Express, 821/1 khandari crossing NH-2 bye pass,  Agra  282005",Menu/498171.json
332160,Mumbai Chingo Chinese,Agra,3.3,20+ ratings,₹ 250,"Chinese,Pastas",22720581000268,https://www.swiggy.com/restaurants/mumbai-chingo-chinese-sikandra-khandar-agra-332160,"Mumbai Chingo Chinese, MOHINI MARKET MAU ROAD KHANDARI,  WARD NO. 47 KHANDARI, Nagar Nigam Food Safety Zone 08, Agra, Uttar Pradesh-282002",Menu/332160.json
474279,Little Maggi Point,Agra,--,Too Few Ratings,₹ 150,"Snacks,Chinese",22721576000268,https://www.swiggy.com/restaurants/little-maggi-point-dayanand-nagar-agra-474279,"Little Maggi Point, CENTRAL BANK ROAD KAMLA NAGAR AGRA , WARD NO. 83 KAMLA NAGAR BLOCK (A,B,C,D), , Nagar Nigam Food Safety Zone 03, Agra, Uttar Pradesh",Menu/474279.json
432150,Chicken Food Planet,Agra,--,Too Few Ratings,₹ 600,"Chinese,Indian",22721589000313,https://www.swiggy.com/restaurants/chicken-food-planet-tajganj-agra-432150,"Chicken Food Planet, 1, Vibhav Nagar, Tajganj, Agra, Uttar Pradesh 282001, India",Menu/432150.json
460456,Bhagwan cake hub,Agra,--,Too Few Ratings,₹ 300,Bakery,22719578000229,https://www.swiggy.com/restaurants/bhagwan-cake-hub-sikandra-agra-460456,"Bhagwan cake hub, Flate no -303, block no-2, nirmal heights old mathura road Agra 282002",Menu/460456.json
445122,The Original Milkshake & Food,Agra,--,Too Few Ratings,₹ 300,Beverages,22717589000030,https://www.swiggy.com/restaurants/the-original-milkshake-and-food-tajganj-agra-445122,"The Original Milkshake & Food, 30/6/17A, Fatehabad Rd, opp. SAGA EMPORIUM, Agra, Uttar Pradesh 282001",Menu/445122.json
162505,Shri Bankey Bihari Misthan Bhandar,Agra,3.7,50+ ratings,₹ 150,"Chinese,South Indian",22718576000090,https://www.swiggy.com/restaurants/shri-bankey-bihari-misthan-bhandar-balkeshwar-colony-kamla-nagar-agra-162505,"Shri Bankey Bihari Misthan Bhandar, F-838 Balkeshwar Colony Kamla Nagar Agra",Menu/162505.json
141535,shiv bhojhnalaya,Agra,3.3,100+ ratings,₹ 200,North Indian,22720581000302,https://www.swiggy.com/restaurants/shiv-bhojhnalaya-sikandra-transport-nagar-agra-141535,"shiv bhojhnalaya, Plot No.460 Sec-4, Transport Nagar,Khandari,Ward No.47 Khandari, Nagar Nigam Food Safety Zone 08, Agra,Uttar Pradesh-282002",Menu/141535.json
532082,BOX 80,Agra,--,Too Few Ratings,₹ 150,"North Indian,Indian",22720580000213,https://www.swiggy.com/restaurants/box-80-sikandra-agra-532082,"BOX 80, 508, Awadhpuri, Nagla Albatia, Shahganj, Agra",Menu/532082.json
488581,The Milkshake and Food Factory,Agra,--,Too Few Ratings,₹ 300,"Beverages,Desserts",22721589000244,https://www.swiggy.com/restaurants/the-milkshake-and-food-factory-tajganj-agra-488581,"The Milkshake and Food Factory, KHASRA NO- 1377, MASZA BASAI  MUSTKIL OPP SAGA EMPORIUM  FATEHABAD ROAD AGRA, WARD NO. 72  DHANDUPURA , Nagar Nigam Food Safety  Zone 16, Agra, Uttar Pradesh",Menu/488581.json
578206,AELICIOUS HUT,Agra,--,Too Few Ratings,₹ 350,"Beverages,Snacks",22722113001140,https://www.swiggy.com/restaurants/aelicious-hut-dayanand-nagar-agra-578206,"AELICIOUS HUT, B-65, Nagla Padi, Indra Puri, New Agra Colony, Agra, Uttar Pradesh 282005, India",Menu/578206.json
562348,Samosewala,Agra,--,Too Few Ratings,₹ 50,"North Indian,Snacks",22720580000213,https://www.swiggy.com/restaurants/samosewala-sikandra-agra-562348,"Samosewala, 508, Awadhpuri Nagla, Albatia, Shahganj, Agra",Menu/562348.json
564616,Chai Samosa,Agra,--,Too Few Ratings,₹ 50,"North Indian,Snacks",22720580000213,https://www.swiggy.com/restaurants/chai-samosa-sikandra-agra-564616,"Chai Samosa, 508, Awadhpuri Nagla, Albatia, Shahganj, Agra",Menu/564616.json
438097,Gourmet Ice Cream Cakes by Baskin Robbins,Agra,--,Too Few Ratings,₹ 250,"Desserts,Ice Cream",22721113001052,https://www.swiggy.com/restaurants/gourmet-ice-cream-cakes-by-baskin-robbins-behind-nainital-bank-agra-agra-438097,"Gourmet Ice Cream Cakes by Baskin Robbins, Shop - B12, behind Nainital Bank Bansal Complex Bye Pass Khandari Crossing Kendriya Hindi Sansthan Road Agra",Menu/438097.json
426191,Hind Bhojnalya,Agra,--,Too Few Ratings,₹ 300,North Indian,license,https://www.swiggy.com/restaurants/hind-bhojnalya-tajganj-agra-426191,"Hind Bhojnalya, Khasra No. 1374A, 1375 A, Dinesh Nagar, Mauja Basai Mustkil Agra,  Agra, Uttar Pradesh- 282001",Menu/426191.json
559813,AMRITSARI ROYAL PARATHA,Agra,--,Too Few Ratings,₹ 300,"North Indian,Snacks",22722582000033,https://www.swiggy.com/restaurants/amritsari-royal-paratha-civil-lines-agra-559813,"AMRITSARI ROYAL PARATHA, GARIB NAGAR MASTA Ki BAGICHI LANGRE  KI CHAWKI AGRA,",Menu/559813.json
115428,Navratan Fast Food & Restaurant,Agra,--,Too Few Ratings,₹ 400,"South Indian,North Indian",license,https://www.swiggy.com/restaurants/navratan-fast-food-and-restaurant-dayal-bagh-dayanand-nagar-agra-115428,"Navratan Fast Food & Restaurant, Vrindavan Market, Opposite New Agra Police Station, Dayal Bagh, Agra",Menu/115428.json
485552,Magic of Spices,Agra,--,Too Few Ratings,₹ 210,"Indian,North Indian",22721589000224,https://www.swiggy.com/restaurants/magic-of-spices-tajganj-agra-485552,"Magic of Spices, 21/109, East gate, shilpgram road,near by Amar hotel	",Menu/485552.json
541486,mann ki chai,Agra,--,Too Few Ratings,₹ 30,Beverages,22721577000210,https://www.swiggy.com/restaurants/mann-ki-chai-dayanand-nagar-agra-541486,"mann ki chai, Shop. no.4,First Floor,Ballabh ji complex, Bhagwan talkies crossing,Behind new agra thana, Agra, Uttar Pradesh 282003, India",Menu/541486.json
472434,Uncle Maggi Point,Agra,--,Too Few Ratings,₹ 250,Beverages,22721589000349,https://www.swiggy.com/restaurants/uncle-maggi-point-tajganj-agra-472434,"Uncle Maggi Point, KHASRA NO- 1377, MASZA BASAI  MUSTKIL OPP. HOTEL TAJ HERITAGE  FATEHABAD ROAD AGRA, WARD NO. 72  DHANDUPURA , Nagar Nigam Food Safety  Zone 16, Agra, Uttar Pradesh",Menu/472434.json
421647,Deviram Food Circle,Agra,3.8,100+ ratings,₹ 300,"Sweets,Snacks",12720001000697,https://www.swiggy.com/restaurants/deviram-food-circle-sikandra-dayal-bagh-agra-421647,"Deviram Food Circle, Ground Floor 34, nagar nigam, 37/263-C1, nagla padi mauza, jaganpura, Agra-282007",Menu/421647.json
465174,Zandoor,Agra,--,Too Few Ratings,₹ 600,"Tandoor,Indian",22717577000045,https://www.swiggy.com/restaurants/zandoor-dayanand-nagar-agra-465174,"Zandoor, 25, New Agra, Dayalbagh Road Near new Agra Police Station, Agra, Uttar Pradesh 282005, India",Menu/465174.json
559784,FAUZI DHABA,Agra,--,Too Few Ratings,₹ 500,"North Indian,Biryani",22722590000117,https://www.swiggy.com/restaurants/fauzi-dhaba-tajganj-agra-559784,"FAUZI DHABA, 18/207 PURANIMANDI TAJGANJ AGRA, WARD NO.71 VIBHAV NAGAR, NAGAR NIGAMFOOD SAFETY ZONE 17, AGRA, UTTAR PRADESH-282001",Menu/559784.json
453341,Aashi Global Retails,Agra,--,Too Few Ratings,₹ 200,Desserts,22722574000041,https://www.swiggy.com/restaurants/aashi-global-retails-dayanand-nagar-agra-453341,"Aashi Global Retails, Kishan Nagar, Balkeshwar Mandir Road, Balkeshwar,, WARD NO. 55 BALKESHWAR, Nagar Nigam Food Safety Zone 01, Agra, Uttar Pradesh - 282004",Menu/453341.json
549840,Hotel Taj heritage,Agra,--,Too Few Ratings,₹ 400,"North Eastern,Chinese",22722113000492,https://www.swiggy.com/restaurants/hotel-taj-heritage-tajganj-agra-549840,"Hotel Taj heritage, 25-30A NEAR SAGA EMPORIUM  FATEHABAD ROAD AGRA, Agra (M Corp.),  Agra, Agra, Uttar Pradesh - 282001",Menu/549840.json
505381,City Of Meals,Agra,--,Too Few Ratings,₹ 300,"Indian,Snacks",22721113001222,https://www.swiggy.com/restaurants/city-of-meals-sikandra-agra-505381,"City Of Meals, 0, Mau Road, Khandari, Agra (M Corp.),  Agra, Agra, Uttar Pradesh - 282005",Menu/505381.json
472376,MC Burger Hut,Agra,--,Too Few Ratings,₹ 250,Burgers,22721589000348,https://www.swiggy.com/restaurants/mc-burger-hut-tajganj-agra-472376,"MC Burger Hut, KHASRA NO- 1377, MASZA BASAI  MUSTKIL OPP. HOTEL TAJ HERITAGE  FATEHABAD ROAD AGRA, WARD NO. 72  DHANDUPURA , Nagar Nigam Food Safety  Zone 16, Agra, Uttar Pradesh",Menu/472376.json
482039,Sai food corner,Agra,--,Too Few Ratings,₹ 300,Bakery,22719578000229,https://www.swiggy.com/restaurants/sai-food-corner-sikandra-agra-482039,"Sai food corner, Flate no -303, block no-2, nirmal heights old mathura road Agra",Menu/482039.json
462645,Bhagwan cake corner,Agra,--,Too Few Ratings,₹ 300,Indian,22719578000229,https://www.swiggy.com/restaurants/bhagwan-cake-corner-sikandra-agra-462645,"Bhagwan cake corner, Flate no -303, block no-2, nirmal heights old mathura road Agra 282002",Menu/462645.json
575687,Hotel divine,Agra,--,Too Few Ratings,₹ 200,"North Indian,Chinese",22722113001085,https://www.swiggy.com/restaurants/hotel-divine-tajganj-agra-575687,"Hotel divine, Khasra no- 1430 , roshan nagar mauja basai Agra.",Menu/575687.json
544403,Tadka Rasoi,Agra,--,Too Few Ratings,₹ 200,"North Indian,Thalis",22722113000165,https://www.swiggy.com/restaurants/tadka-rasoi-tajganj-agra-544403,"Tadka Rasoi, LIG-142, Indrapuram, Tajganj, Agra, Uttar Pradesh 282001, India",Menu/544403.json
427837,The rice bowl,Agra,--,Too Few Ratings,₹ 300,Biryani,12720001000604,https://www.swiggy.com/restaurants/the-rice-bowl-sikandra-khandar-agra-427837,"The rice bowl, 3. KANHIYA ENCLAVE,SHEETLA ROAD, AGRA - 282005",Menu/427837.json
528890,AGRA TIKKA'S  & KEBAB'S,Agra,--,Too Few Ratings,₹ 250,"Kebabs,North Indian",22721113000608,https://www.swiggy.com/restaurants/agra-tikkas-and-kebabs-tajganj-agra-528890,"AGRA TIKKA'S  & KEBAB'S, SHOP NO 5 PANCHWATI PLAZA, OPPOSITE  MORE HYPER MART , TAJNAGRI PHASE-2 , AGRA -282001, AGRA (M CORP.), AGRA , UTTAR PRADESH-282001",Menu/528890.json
551252,Chaap Waale Veer Ji,Agra,3.8,20+ ratings,₹ 200,"North Indian,Snacks",22721578000584,https://www.swiggy.com/restaurants/chaap-waale-veer-ji-sikandra-agra-551252,"Chaap Waale Veer Ji, M/S HANIKA FOODS, 91 SECTOR-9 AVAS  VIKAS COLONY AGRA, WARD NO. 34 AVAS  VIKAS SECTOR 5 TO 12, Nagar Nigam Food  Safety Zone 05, Agra, Uttar Pradesh -  282007",Menu/551252.json
488148,ATITHI RESTAURANT,Agra,--,Too Few Ratings,₹ 100,"Indian,South Indian",22722590000018,https://www.swiggy.com/restaurants/atithi-restaurant-tajganj-agra-488148,"ATITHI RESTAURANT, 20, Agra Shamshabad Raja Kherah Marg, Rajpur Chungi, Indrapuram, Kaveri Vihar Phase II, Tajganj, Agra, Uttar Pradesh 282001, India",Menu/488148.json
526887,Thaliwala Pure Veg Restaurant,Agra,--,Too Few Ratings,₹ 300,"Thalis,North Indian",22721581000299,https://www.swiggy.com/restaurants/thaliwala-pure-veg-restaurant-civil-lines-agra-526887,"Thaliwala Pure Veg Restaurant, Plot no 467 Sector 4  Transport nagar Agra ward no 47 Khandari  282002",Menu/526887.json
536857,Mama matan chicken bhandar,Agra,2.3,20+ ratings,₹ 310,"Indian,North Indian",22721581000253,https://www.swiggy.com/restaurants/mama-matan-chicken-bhandar-sikandra-agra-536857,"Mama matan chicken bhandar, 4/452 TRANSPORT, NAGAR, WARD NO. 47 KHANDARI, Nagar Nigam Food Safety Zone 08, Agra, Uttar Pradesh - 282002",Menu/536857.json
561172,INDIAN RASOI,Agra,--,Too Few Ratings,₹ 100,"Burgers,Pastas",22722576000225,https://www.swiggy.com/restaurants/indian-rasoi-dayanand-nagar-agra-561172,"INDIAN RASOI, D 529, Kamla Nagar Rd, opp. PNB Bank, Kaveri Kunj, Kamla Nagar, Agra, Uttar Pradesh 282005, India",Menu/561172.json
566547,Jain Cake Wakers,Agra,--,Too Few Ratings,₹ 100,Bakery,22720576000162,https://www.swiggy.com/restaurants/jain-cake-wakers-dayanand-nagar-agra-566547,"Jain Cake Wakers, D-518 Kamla Nagar, Agra, Uttar Pradesh, India",Menu/566547.json
138090,Shiva Bhojnalaya,Agra,3.4,100+ ratings,₹ 200,"North Indian,Indian",22717581000048,https://www.swiggy.com/restaurants/shiva-bhojnalaya-sikandra-transport-nagar-agra-138090,"Shiva Bhojnalaya, ISBT Transport Nagar",Menu/138090.json
473334,Parathawala.In,Agra,--,Too Few Ratings,₹ 150,North Indian,22720580000213,https://www.swiggy.com/restaurants/parathawala-in-civil-lines-agra-473334,"Parathawala.In,  508, Awadhpuri tiraha, Alwatiya, Shahganj, Agra",Menu/473334.json
476908,Hot Pizza,Agra,--,Too Few Ratings,₹ 300,"Pizzas,Chinese",22720580000213,https://www.swiggy.com/restaurants/hot-pizza-sikandra-civil-lines-agra-476908,"Hot Pizza,  508, Awadhpuri tiraha, Alwatiya, Shahganj, Agra",Menu/476908.json
93961,Grill INN,Agra,4.2,50+ ratings,₹ 200,Italian,12720001000017,https://www.swiggy.com/restaurants/grill-inn-dayal-bagh-new-agra-colony-agra-93961,"Grill INN, 206, 36, Vijay Market, Dayal Bagh, Agra",Menu/93961.json
134461,Om Sai Ram Bhojnalaya,Agra,3.4,500+ ratings,₹ 250,"North Indian,Chinese",22713581000134,https://www.swiggy.com/restaurants/om-sai-ram-bhojnalaya-sikandra-transport-nagar-agra-134461,"Om Sai Ram Bhojnalaya, ISBT Transport Nagar Bus Stand Agra",Menu/134461.json
330534,Daddy Plz,Agra,--,Too Few Ratings,₹ 200,Pizzas,22720580000213,https://www.swiggy.com/restaurants/daddy-plz-sikandra-civil-lines-agra-330534,"Daddy Plz,  508, Awadhpuri tiraha, Alwatiya, Shahganj, Agra",Menu/330534.json
476883,Daddy Plz Dosa,Agra,--,Too Few Ratings,₹ 300,"South Indian,Beverages",22720580000213,https://www.swiggy.com/restaurants/daddy-plz-dosa-sikandra-civil-lines-agra-476883,"Daddy Plz Dosa,  508, Awadhpuri tiraha, Alwatiya, Shahganj, Agra",Menu/476883.json
572361,Momories,Agra,--,Too Few Ratings,₹ 200,"Chinese,Beverages",22722576000128,https://www.swiggy.com/restaurants/momories-dayanand-nagar-agra-572361,"Momories, LG1 F360, tej nagar rd, kamla nagar agra 202005",Menu/572361.json
483237,Vada pav king - dayalbagh,Agra,--,Too Few Ratings,₹ 300,"Indian,Fast Food",22722113000050,https://www.swiggy.com/restaurants/vada-pav-king-dayalbagh-dayanand-nagar-agra-483237,"Vada pav king - dayalbagh, Shop no 37 267 G1 tamanna complex, opposite dominos dayalbagh agra.",Menu/483237.json
476890,Why Not Momos,Agra,--,Too Few Ratings,₹ 300,Chinese,22720580000213,https://www.swiggy.com/restaurants/why-not-momos-sikandra-civil-lines-agra-476890,"Why Not Momos,  508, Awadhpuri tiraha, Alwatiya, Shahganj, Agra",Menu/476890.json
490533,Chef Signature - Kabab Factory,Agra,--,Too Few Ratings,₹ 300,"Kebabs,North Indian",12722001000062,https://www.swiggy.com/restaurants/chef-signature-kabab-factory-tajganj-agra-490533,"Chef Signature - Kabab Factory, 25/376 8/A Nagla Deem post, dhandhupura, Agra",Menu/490533.json
502100,Zayka the food hub,Agra,--,Too Few Ratings,₹ 300,"Italian,Chinese",22721576000146,https://www.swiggy.com/restaurants/zayka-the-food-hub-dayanand-nagar-civil-lines-agra-502100,"Zayka the food hub, F/360/1 Unit No LG 6 (LGF) Singhal sqaure kamla nagar Agra 282005",Menu/502100.json
482097,Burger Express,Agra,--,Too Few Ratings,₹ 300,"Fast Food,Pastas",22722113000051,https://www.swiggy.com/restaurants/burger-express-dayanand-nagar-agra-482097,"Burger Express, Shop no- 37/267/1G1 tamanna complex, opposite dominos  dayalbagh  agra.",Menu/482097.json
476843,Yo Yo Foods,Agra,--,Too Few Ratings,₹ 300,"Chinese,South Indian",22720580000213,https://www.swiggy.com/restaurants/yo-yo-foods-sikandra-civil-lines-agra-476843,"Yo Yo Foods,  508, Awadhpuri tiraha, Alwatiya, Shahganj, Agra",Menu/476843.json
293162,The Momo corner,Agra,3.7,20+ ratings,₹ 250,"Chinese,Beverages",12721001000410,https://www.swiggy.com/restaurants/the-momo-corner-dayanand-nagar-agra-293162,"The Momo corner, F-318 Kamla Nagar Agra",Menu/293162.json
570636,The Momos king,Agra,--,Too Few Ratings,₹ 300,"Street Food,Snacks",22722113000577,https://www.swiggy.com/restaurants/the-momos-king-dayanand-nagar-agra-570636,"The Momos king, Shop no- 37/267/1G1 tamanna complex dayalbagh  agra.282005",Menu/570636.json
560050,SHREE KRISHNA RESTAURANT,Agra,--,Too Few Ratings,₹ 300,"North Indian,Fast Food",22721590000226,https://www.swiggy.com/restaurants/shree-krishna-restaurant-tajganj-agra-560050,"SHREE KRISHNA RESTAURANT, 18/164/A/3  FATEHABAD ROAD TAJGANJ, AGRA, WARD NO. 71 VIBHAV NAGAR  NIGAM FOOD SAFETY ZONE-17, AGRA , UTTAR PRADESH-282001",Menu/560050.json
127952,Yum Yum Vada Pav No.1,Agra,3.3,20+ ratings,₹ 200,North Indian,22720576000192,https://www.swiggy.com/restaurants/yum-yum-vada-pav-no-1-kamla-nagar-agra-127952,"Yum Yum Vada Pav No.1, E 146/2 Tanki Road, Kamla Nagar, Agra",Menu/127952.json
94936,Chef Signature : The Food Lovers,Agra,3.0,100+ ratings,₹ 200,"Chinese,North Indian",12722001000062,https://www.swiggy.com/restaurants/chef-signature-the-food-lovers-tajganj-shamsabad-agra-94936,"Chef Signature : The Food Lovers, 25/376 8/A Nagla Deem post, dhandhupura, Agra",Menu/94936.json
551372,Agra delight and mocktail bar,Agra,--,Too Few Ratings,₹ 300,"Snacks,Fast Food",22722578000197,https://www.swiggy.com/restaurants/agra-delight-and-mocktail-bar-sikandra-agra-551372,"Agra delight and mocktail bar, H.no 8 Sector 8 Awas vikas colony  Sikandra",Menu/551372.json
559547,Chilly Chatkara,Agra,--,Too Few Ratings,₹ 1000,"Chinese,North Indian",12716001000778,https://www.swiggy.com/restaurants/chilly-chatkara-tajganj-agra-559547,"Chilly Chatkara, Parteek Enclave, Taj East Gate Rd, Taj Nagari Phase 1, Telipara, Tajganj, Basai, Uttar Pradesh 282001, India",Menu/559547.json
541838,Thor Party world,Agra,--,Too Few Ratings,₹ 500,"North Indian,Snacks",12717001000049,https://www.swiggy.com/restaurants/thor-party-world-tajganj-agra-541838,"Thor Party world, Plot no 28 Noor Enclave , Mauja basai taj nagari Agra",Menu/541838.json
102801,Bhawna Palace Hotel,Agra,--,Too Few Ratings,₹ 500,"Chinese,South Indian",12714001000746,https://www.swiggy.com/restaurants/bhawna-palace-hotel-civil-lines-sikandra-agra-102801,"Bhawna Palace Hotel, 2, Kailash Vihar, Khandari, Agra",Menu/102801.json
387997,Daddy Plz Pizza,Agra,--,Too Few Ratings,₹ 150,Pizzas,22720580000213,https://www.swiggy.com/restaurants/daddy-plz-pizza-sikandra-civil-lines-agra-387997,"Daddy Plz Pizza,  508, Awadhpuri tiraha, Alwatiya, Shahganj, Agra",Menu/387997.json
469550,Milkshake & Food Court 24*7,Agra,--,Too Few Ratings,₹ 250,Beverages,22721589000246,https://www.swiggy.com/restaurants/milkshake-and-food-court-24-7-civil-lines-agra-469550,"Milkshake & Food Court 24*7, 30/6/17 A Basai Khurd Fatehabad Road ,  WARD NO. 7 NAGLA MEWATI, Nagar  Nigam Food Safety Zone 16, Agra, Uttar  Pradesh",Menu/469550.json
444611,The Real Momo's Roll's,Agra,--,Too Few Ratings,₹ 150,Chinese,22721577000211,https://www.swiggy.com/restaurants/the-real-momos-rolls-sadar-bazaar-agra-444611,"The Real Momo's Roll's, 1 Floor, Mohini Market, Opposite Shantidham, Mau Road, Khandari",Menu/444611.json
465229,Momo Cartel,Agra,3.5,50+ ratings,₹ 300,"Chinese,Pastas",12721001000514,https://www.swiggy.com/restaurants/momo-cartel-sikandra-agra-465229,"Momo Cartel, Freedom Plaza, 10b, Karkunj Rd, Sector 10, Avas Vikas Colony, Sikandra, Agra, Uttar Pradesh 282007, India",Menu/465229.json
474322,Turban Singh,Agra,--,Too Few Ratings,₹ 300,"Indian,North Indian",12720001000604,https://www.swiggy.com/restaurants/turban-singh-civil-lines-agra-474322,"Turban Singh, 3, Kanhiya Enclave, Sheetla Road Agra, Nagar Nigam Food Safety Zone 04, Agra, Uttar Pradesh",Menu/474322.json
234114,Anna Samrat Restaurant,Agra,--,Too Few Ratings,₹ 300,"South Indian,North Indian",12719001000715,https://www.swiggy.com/restaurants/anna-samrat-restaurant-dayanand-nagar-kamla-nagar-agra-234114,"Anna Samrat Restaurant, Indian Oil Petrol Pump, E Block, Ghatwasan, Kamla Nagar, Agra, Uttar Pradesh, India",Menu/234114.json
470263,Go Foodie,Agra,--,Too Few Ratings,₹ 299,Fast Food,22721113000612,https://www.swiggy.com/restaurants/go-foodie-sikandra-agra-470263,"Go Foodie, 104 KABEER NAGARMAU DAYAL BAGH AGRA UTTAR PRADESH -282005",Menu/470263.json
292523,Curry Patta,Agra,4.1,20+ ratings,₹ 250,South Indian,22718577000059,https://www.swiggy.com/restaurants/curry-patta-sikandra-khandar-agra-292523,"Curry Patta, Sangati home food 13 kailash vihar gailana road agra",Menu/292523.json
207870,Shri Mangalam Dhabha,Agra,3.6,50+ ratings,₹ 200,North Indian,22718578000187,https://www.swiggy.com/restaurants/shri-mangalam-dhabha-sikandra-agra-207870,"Shri Mangalam Dhabha, Bodla Road Sikandra, Agra, Uttar Pradesh 282007, India",Menu/207870.json
567569,Sweet Bengal,Agra,--,Too Few Ratings,₹ 200,"Bengali,Sweets",22719113000548,https://www.swiggy.com/restaurants/sweet-bengal-tajganj-agra-567569,"Sweet Bengal, 17 KAVERI VIHAR PHASE-1 RAJPUR CHUNGI SHAMSABAD ROAD, AGRA",Menu/567569.json
567582,Mithaiwalaz,Agra,--,Too Few Ratings,₹ 200,Sweets,22719113000548,https://www.swiggy.com/restaurants/mithaiwalaz-tajganj-agra-567582,"Mithaiwalaz, 17 KAVERI VIHAR PHASE-1 RAJPUR CHUNGI SHAMSABAD ROAD, AGRA",Menu/567582.json
469180,Punjab Tadka Dhaba,Agra,--,Too Few Ratings,₹ 299,North Indian,22720577000441,https://www.swiggy.com/restaurants/punjab-tadka-dhaba-civil-lines-agra-469180,"Punjab Tadka Dhaba, SOUTH PART OF KH.NO-477, NAGLA PADI,  HARIPARWAT,AGRA 282005, WARD NO. 25  NAGLA PADI, Nagar Nigam Food Safety  Zone 04, Agra, Uttar Pradesh - 282005",Menu/469180.json
469582,Good Indian Home Food,Agra,--,Too Few Ratings,₹ 150,"North Indian,Chinese",22721578000447,https://www.swiggy.com/restaurants/good-indian-home-food-civil-lines-agra-469582,"Good Indian Home Food, 1113, Sec-4B, Avas Vikas Colony Agra, WARD NO. 34 AVAS VIKAS SECTOR 5 to 12, Nagar Nigam Food Safety Zone 05, Agra, Uttar Pradesh",Menu/469582.json
524332,muglhai chatkara,Agra,--,Too Few Ratings,₹ 200,"Mughlai,Indian",22722589000069,https://www.swiggy.com/restaurants/muglhai-chatkara-tajganj-agra-524332,"muglhai chatkara, Unnamed Road, Tajganj, Tajganj, Basai, Uttar Pradesh 282001, India",Menu/524332.json
514267,We desi,Agra,--,Too Few Ratings,₹ 200,"Fast Food,Pizzas",22722578000114,https://www.swiggy.com/restaurants/we-desi-sikandra-agra-514267,"We desi, Shop no.103 satyam maltiplex avas vikas sikandra Agra.",Menu/514267.json
447601,Jumbo Sandwich,Agra,--,Too Few Ratings,₹ 150,Pizzas,22721577000211,https://www.swiggy.com/restaurants/jumbo-sandwich-sadar-bazaar-agra-447601,"Jumbo Sandwich, Mohini Market Mau Road Khandari Agra,  WARD NO. 65 DEV NAGAR, Nagar Nigam  Food Safety Zone 04, Agra, Uttar Pradesh",Menu/447601.json
551721,Agarwal chaat bhandar,Agra,--,Too Few Ratings,₹ 150,"Snacks,Chaat",22722576000141,https://www.swiggy.com/restaurants/agarwal-chaat-bhandar-dayanand-nagar-agra-551721,"Agarwal chaat bhandar, B-644 kamla nagar, block (a,b,c,d), Agra  282005",Menu/551721.json
570780,Jain Bhelpuri,Agra,--,Too Few Ratings,₹ 200,"Chaat,Fast Food",22722576000123,https://www.swiggy.com/restaurants/jain-bhelpuri-dayanand-nagar-agra-570780,"Jain Bhelpuri, near canara bank ke samne  kamla nagar agra",Menu/570780.json
430637,Double Tree by Hilton,Agra,--,Too Few Ratings,₹ 800,"North Indian,Kebabs",12714001001387,https://www.swiggy.com/restaurants/double-tree-by-hilton-taj-nagri-agra-agra-430637,"Double Tree by Hilton, BH 1&2, Taj Nagri, Phase 2, Agra, Uttar Pradesh - 282001",Menu/430637.json
314860,TANDOORI NIGHT,Agra,2.9,20+ ratings,₹ 200,"Tandoor,Indian",22721578000002,https://www.swiggy.com/restaurants/tandoori-night-sikandra-lohamandi-agra-314860,"TANDOORI NIGHT, 223 sector 2-c avas vikas colony ( behind central park) Area- Sikandra",Menu/314860.json
102818,Zam Zam Chicken Corner,Agra,--,Too Few Ratings,₹ 150,"Mughlai,North Indian",22717589000186,https://www.swiggy.com/restaurants/zam-zam-chicken-corner-tajnagri-phase-2-tajganj-agra-102818,"Zam Zam Chicken Corner, Parsnath Panchwati Crossing 100 Feet Road, Tajnagri Phase-2 Agra",Menu/102818.json
556500,Hotel Grand Father,Agra,--,Too Few Ratings,₹ 500,"North Indian,Beverages",22722589000095,https://www.swiggy.com/restaurants/hotel-grand-father-tajganj-agra-556500,"Hotel Grand Father, MMIG 120 R.K Puram phase 2, tajnagri phase 1, fatehabad road ward no-7, nagla mewati Agra 282002",Menu/556500.json
548492,Unavu South Indian,Agra,--,Too Few Ratings,₹ 300,"South Indian,Snacks",22722576000116,https://www.swiggy.com/restaurants/unavu-south-indian-dayanand-nagar-agra-548492,"Unavu South Indian, D-502, kamla nagar block (A,B,C,D), Agra",Menu/548492.json
212266,Celebration Restaurant,Agra,4.1,20+ ratings,₹ 200,"North Indian,Chinese",12717001000710,https://www.swiggy.com/restaurants/celebration-restaurant-dayanand-nagar-kamla-nagar-agra-212266,"Celebration Restaurant, F 521/1 KAMLA NAGAR AGRA, District - Agra, STATE, Uttar Pradesh",Menu/212266.json
143805,Fakira,Agra,--,Too Few Ratings,₹ 800,"Chinese,North Indian",12714001000745,https://www.swiggy.com/restaurants/fakira-sikandra-lohamandi-agra-143805,"Fakira, Bhawna tower Sec 16 B Sikandra Scheme Delhi Road",Menu/143805.json
465590,Shree Dauji sweets and restaurant,Agra,--,Too Few Ratings,₹ 120,North Indian,12721001000895,https://www.swiggy.com/restaurants/shree-dauji-sweets-and-restaurant-dayanand-nagar-agra-465590,"Shree Dauji sweets and restaurant, 7, Road, near Bank Of Baroda, Vidya Nagar, Moti Bagh, Agra, Uttar Pradesh 282001, India",Menu/465590.json
558030,Royal Crunchy Chicken,Agra,--,Too Few Ratings,₹ 300,"Snacks,Burgers",22722113000547,https://www.swiggy.com/restaurants/royal-crunchy-chicken-sikandra-agra-558030,"Royal Crunchy Chicken, SHOP NO 1, 13 AND 14 SIKANDRA YOJNA AGRA SECTOR  12 A AGRA",Menu/558030.json
452101,Sher-e-punjab dhabha,Agra,--,Too Few Ratings,₹ 300,"North Indian,Beverages",22721113001215,https://www.swiggy.com/restaurants/sher-e-punjab-dhabha-tajganj-agra-452101,"Sher-e-punjab dhabha, NERA TAJ VONVENTION HOTEL AGRA, AGRA (M CORP.), AGRA,AGRA,UTTAR PRADESH- 282001",Menu/452101.json
503498,The best diet corner,Agra,5.0,20+ ratings,₹ 200,"Indian,Beverages",22721577000128,https://www.swiggy.com/restaurants/the-best-diet-corner-sikandra-agra-503498,"The best diet corner, 30/110A, Buri Ka Nagla, Khandari, Agra, Uttar Pradesh 282001, India",Menu/503498.json
559773,NH 2 DHABA,Agra,--,Too Few Ratings,₹ 200,"North Indian,Chinese",22721577000229,https://www.swiggy.com/restaurants/nh-2-dhaba-dayanand-nagar-agra-559773,"NH 2 DHABA, PART OF PLOT NO. 7 ADAN BAGH  EXT. DAYALBAGH AGRA, WARD NO. 25, NAGLA PADI, NAGAR NIGAM FOOD SAFETY ZONE -04, AGRA, UTTAR PRADESH-282005",Menu/559773.json
558743,NANDA FOOD,Agra,--,Too Few Ratings,₹ 249,"American,Fast Food",22722113000547,https://www.swiggy.com/restaurants/nanda-food-civil-lines-agra-558743,"NANDA FOOD, Shop No 1, 13 and 14 Sikandra Yojna Agra Sector 12A, Agra (M Corp.), Agra, Agra, Uttar Pradesh - 282003",Menu/558743.json
562904,Chakhna.in,Agra,--,Too Few Ratings,₹ 100,"Chinese,Street Food",22721578000300,https://www.swiggy.com/restaurants/chakhna-in-sikandra-agra-562904,"Chakhna.in, 18/198, Sector 12 Sikandra Bodla Rd, Sikandra Scheme, Kar Kunj Chauraha, Buri Ka Nagla, Jamun, Agra, Uttar Pradesh 282007, India",Menu/562904.json
500585,The tasty town,Agra,--,Too Few Ratings,₹ 150,"Indian,Thalis",22721577000128,https://www.swiggy.com/restaurants/the-tasty-town-sikandra-civil-line-agra-500585,"The tasty town, 30/110A, Buri Ka Nagla, Khandari, Agra, Uttar Pradesh 282001, India",Menu/500585.json
494960,HEALTHY BITEZ,Agra,--,Too Few Ratings,₹ 300,"Indian,Beverages",22722589000015,https://www.swiggy.com/restaurants/healthy-bitez-tajganj-agra-494960,"HEALTHY BITEZ, HEALTHY BITE'Z Plot C-1 ,Fatehabad Road , Agra (M  Corp.) , Agra, Agra, Uttar Pradesh-282001",Menu/494960.json
574576,FIRE CAFE CHINESE FOOD,Agra,--,Too Few Ratings,₹ 70,"Chinese,Italian-American",license,https://www.swiggy.com/restaurants/fire-cafe-chinese-food-tajganj-agra-574576,"FIRE CAFE CHINESE FOOD, TDI MALL FATEHABAD ROAD, TAJGANJ",Menu/574576.json
432384,Oasis - Radisson Hotel Agra,Agra,--,Too Few Ratings,₹ 600,"Continental,Indian",12719001000876,https://www.swiggy.com/restaurants/oasis-radisson-hotel-agra-taj-nagari-phase-1-agra-432384,"Oasis - Radisson Hotel Agra, Radisson Hotel Agra,C-2, C-1, Fatehabad Rd, Taj Nagari Phase 1, Agra, Uttar Pradesh 282004",Menu/432384.json
390282,Goyal food court,Agra,--,Too Few Ratings,₹ 150,"North Indian,South Indian",22721578000144,https://www.swiggy.com/restaurants/goyal-food-court-sikandra-agra-390282,"Goyal food court, Goyal food Court, hig 223,sec-2C, awas vikas colony, ward no. 59,sikandra, agra, uttar pradesh-282007",Menu/390282.json
539030,MoMoS ADDA,Agra,--,Too Few Ratings,₹ 200,"Chinese,Fast Food",22722578000141,https://www.swiggy.com/restaurants/momos-adda-sikandra-agra-539030,"MoMoS ADDA, 405, Sector 11, Avas Vikas Colony, Sikandra, Agra, opposite Desh Deepak School,Uttar Pradesh 282007, India",Menu/539030.json
505383,Bread N Mime Cafe,Agra,--,Too Few Ratings,₹ 200,"Beverages,Fast Food",22722589000006,https://www.swiggy.com/restaurants/bread-n-mime-cafe-tajganj-agra-505383,"Bread N Mime Cafe, Plot no 03-D, TDI mall fatehabad road tajganj Agra  282001",Menu/505383.json
472777,Chetan's Kitchen,Agra,--,Too Few Ratings,₹ 150,"North Indian,Snacks",22720113000723,https://www.swiggy.com/restaurants/chetans-kitchen-tajganj-agra-472777,"Chetan's Kitchen, AT-2, G01, ADA HEIGHTS, TAJNAGARI-2, FATEHABAD ROAD, Agra (CB), Agra, Agra, Uttar Pradesh",Menu/472777.json
520740,Hotel Taj Heights,Agra,--,Too Few Ratings,₹ 500,"Snacks,Chinese",12716001000878,https://www.swiggy.com/restaurants/hotel-taj-heights-tajganj-agra-520740,"Hotel Taj Heights, A-14, Fatehabad Rd, Taj Nagri Phase 2, Tajganj, Agra, Uttar Pradesh 282001, India",Menu/520740.json
557549,FOOD POINT,Agra,--,Too Few Ratings,₹ 150,"Chinese,Snacks",22722113000583,https://www.swiggy.com/restaurants/food-point-tajganj-agra-557549,"FOOD POINT, NEAR SAYYAD UKHARRA  ROAD, AGRA( M CORP.) , AGRA, UTTAR PRADESH-282001",Menu/557549.json
528654,Mother India,Agra,--,Too Few Ratings,₹ 200,Bakery,22722578000035,https://www.swiggy.com/restaurants/mother-india-sikandra-agra-528654,"Mother India, 37389, Syndicate Bank Colony, Sulabh Vihar, Nirbhay Nagar, Agra, Uttar Pradesh 282007, India",Menu/528654.json
489445,Hungry Head,Agra,--,Too Few Ratings,₹ 200,Fast Food,22722577000014,https://www.swiggy.com/restaurants/hungry-head-dayanand-nagar-agra-489445,"Hungry Head, Pushpanjali Rd, Kishan Bagh, DayalBagh, Agra, Uttar Pradesh 282005, India",Menu/489445.json
503361,The Kitchen Point,Agra,--,Too Few Ratings,₹ 120,"Snacks,Fast Food",22722578000039,https://www.swiggy.com/restaurants/the-kitchen-point-sikandra-agra-503361,"The Kitchen Point, 1238, Sector 12, Avas Vikas Colony, Sikandra, Agra, Uttar Pradesh 282007, India",Menu/503361.json
358527,Unplugged Courtyard,Agra,2.7,20+ ratings,₹ 300,"Indian,Chinese",12719001000810,https://www.swiggy.com/restaurants/unplugged-courtyard-tajganj-agra-358527,"Unplugged Courtyard, 2ND FLOOR ARVIND INNOV 8 OPPOSITE TRIDENT HOTEL, FATEHABAD ROAD AGRA",Menu/358527.json
449714,Laal Chutney,Agra,--,Too Few Ratings,₹ 350,"North Indian,Chinese",22721590000278,https://www.swiggy.com/restaurants/laal-chutney-tajganj-agra-449714,"Laal Chutney, Ukharra Road, Prem Nagar, Opp Mama bhanja Furniture, Rajpura, Agra, Ward no. 73, Urkhara, Nagar Nigam Food Safety Zone 17, Agra,  Uttar Pradesh",Menu/449714.json
288385,Uphaar,Agra,4.3,20+ ratings,₹ 150,Maharashtrian,22720578000150,https://www.swiggy.com/restaurants/uphaar-sikandra-lohamandi-agra-288385,"Uphaar, 6E/123, Avas Vikas Colony, Sikandra Agra",Menu/288385.json
507668,Chaat Chaupati,Agra,--,Too Few Ratings,₹ 100,"Chaat,South Indian",22722578000061,https://www.swiggy.com/restaurants/chaat-chaupati-sikandra-agra-507668,"Chaat Chaupati, PLOT NO-08, SEC-10, SIKANDRA YOJNA  AGRA , WARD NO. 59 SIKANDRA, Nagar  Nigam Food Safety Zone 05, Agra, Uttar  Pradesh",Menu/507668.json
564301,New Family Pizza,Agra,--,Too Few Ratings,₹ 300,"Pizzas,Burgers",22722574000093,https://www.swiggy.com/restaurants/new-family-pizza-dayanand-nagar-agra-564301,"New Family Pizza, Kalindi Bihar Colony, B Block, Near CNG Pump, Trans Yamuna, Agra",Menu/564301.json
490544,Tiwari Bombay Food Court,Agra,--,Too Few Ratings,₹ 200,"South Indian,Snacks",22719578000091,https://www.swiggy.com/restaurants/tiwari-bombay-food-court-sikandra-agra-490544,"Tiwari Bombay Food Court, /09/83 Sec-9 Avas Vikas Colony Sikandra, Agra, WARD NO. 34 AVAS VIKAS SECTOR 5 TO 12, Nagar Nigam Food Safety Zone 05, Agra, Uttar Pradesh",Menu/490544.json
488573,The Milkshake & Food Market 24*7,Agra,--,Too Few Ratings,₹ 300,"Beverages,Desserts",22721589000245,https://www.swiggy.com/restaurants/the-milkshake-and-food-market-24-7-tajganj-agra-488573,"The Milkshake & Food Market 24*7, KHASRA NO- 1377, MASZA BASAI  MUSTKIL OPP SAGA EMPORIUM  FATEHABAD ROAD AGRA, WARD NO.74  KATRA FULEL, Nagar Nigam Food Safety  Zone 16, Agra, Uttar Pradesh",Menu/488573.json
550337,Tanya cafe,Agra,--,Too Few Ratings,₹ 299,North Indian,22722113000477,https://www.swiggy.com/restaurants/tanya-cafe-tajganj-agra-550337,"Tanya cafe, 5356+MHX, Basai Khurd, Tajganj, Agra, Uttar Pradesh 282006, India",Menu/550337.json
562538,Tandoori Island,Agra,--,Too Few Ratings,₹ 400,"Tandoor,North Indian",22722113000508,https://www.swiggy.com/restaurants/tandoori-island-sikandra-agra-562538,"Tandoori Island, 24, Chandra Nagar, Depot Road, Behind Asopa Hospital, Khandari, Agra",Menu/562538.json
552243,MS FAST FOODS,Agra,--,Too Few Ratings,₹ 150,Chinese,22722578000239,https://www.swiggy.com/restaurants/ms-fast-foods-sikandra-agra-552243,"MS FAST FOODS, , Sulabh Puram, Sikandra-Bodla Rd, infront of madhosh model shop, Sikandra, Agra, near vishal mega mart plz rech on map location",Menu/552243.json
95337,Goli Vada Pav No. 1,Agra,4.1,100+ ratings,₹ 100,"Maharashtrian,North Indian",11222331000024,https://www.swiggy.com/restaurants/goli-vada-pav-no-1-sikandra-agra-95337,"Goli Vada Pav No. 1, G2, Specific Mall, Near dominos Sector -13, Karkunj Road, Sikandra, Agra",Menu/95337.json
293134,MoMo Cafe - Courtyard By Marriott,Agra,--,Too Few Ratings,₹ 800,"Indian,Asian",10017051002081,https://www.swiggy.com/restaurants/momo-cafe-courtyard-by-marriott-tajganj-agra-293134,"MoMo Cafe - Courtyard By Marriott, c-1 Courtyard by marriott , Agra. Taj nagari phase 2, Fatehbad road Agra ",Menu/293134.json
102843,Pandit Bhojnalaya,Agra,3.4,500+ ratings,₹ 200,North Indian,12718001000905,https://www.swiggy.com/restaurants/pandit-bhojnalaya-sikandra-nidhi-kunj-colony-agra-102843,"Pandit Bhojnalaya, Karkunj Road, sector 9, Avas Vikas Colony, Sikandra, Agra",Menu/102843.json
469183,Romo's Junction,Agra,3.6,20+ ratings,₹ 299,"Chinese,North Indian",22721578000299,https://www.swiggy.com/restaurants/romos-junction-civil-lines-agra-469183,"Romo's Junction, 91 SECTOR- 9 , AVAS VIKAS COLONY WARD NO - 34 ,AGRA UTTAR PRADESH -282007",Menu/469183.json
500844,Shivam tiffin service,Agra,--,Too Few Ratings,₹ 170,North Indian,22722113000001,https://www.swiggy.com/restaurants/shivam-tiffin-service-sikandra-agra-500844,"Shivam tiffin service, Dehtora Rd, near Gyan Inter College, Paschim Puri, Dahtaura, Sikandra, Agra, Uttar Pradesh 282007, India",Menu/500844.json
444308,Burger Xpress,Agra,--,Too Few Ratings,₹ 300,"Snacks,Beverages",22720578000136,https://www.swiggy.com/restaurants/burger-xpress-sikandra-agra-444308,"Burger Xpress, Specific mall sec 13, avas vikas colony agra    282007",Menu/444308.json
131416,Moonlight - Punjabi Restaurant,Agra,3.6,50+ ratings,₹ 200,"North Indian,South Indian",22719578000133,https://www.swiggy.com/restaurants/moonlight-punjabi-restaurant-kargil-petrol-pump-lohamandi-agra-131416,"Moonlight - Punjabi Restaurant, shop number lg 5 lg 6 anna icon complex , near kargil petrol pump agra",Menu/131416.json
493087,ROMOS Bistro,Agra,3.5,20+ ratings,₹ 399,"Chinese,Indian",22722578000028,https://www.swiggy.com/restaurants/romos-bistro-sikandra-agra-493087,"ROMOS Bistro, Plot No. 113, Sec-9, Awas Vikas Colony  Siakndra, WARD NO. 34 AVAS VIKAS  SECTOR 5 TO 12, Nagar Nigam Food  Safety Zone 05, Agra, Uttar Pradesh -  282007",Menu/493087.json
551975,Shri Ganesh Dosa Corner,Agra,--,Too Few Ratings,₹ 300,"South Indian,Chinese",22720578000261,https://www.swiggy.com/restaurants/shri-ganesh-dosa-corner-sikandra-agra-551975,"Shri Ganesh Dosa Corner, Shop No. D-14, Bhawna Super Bazar Kargil  petrol pump, Agra",Menu/551975.json
556732,Vada pav king,Agra,--,Too Few Ratings,₹ 200,"Snacks,Fast Food",22722113000575,https://www.swiggy.com/restaurants/vada-pav-king-sikandra-agra-556732,"Vada pav king, Shop no- UG 9 krishna mile stone mall shastripuram sikandra",Menu/556732.json
100103,Shree Bankey Bihari Misthan Bhandar,Agra,--,Too Few Ratings,₹ 300,Desserts,license,https://www.swiggy.com/restaurants/shree-bankey-bihari-misthan-bhandar-sikandra-agra-100103,"Shree Bankey Bihari Misthan Bhandar, Freedom Plaza, 10B, Karkunj Road, Avas Vikas Colony, Sikandra, Agra, Uttar Pradesh 282007",Menu/100103.json
556884,the burger.com,Agra,--,Too Few Ratings,₹ 200,"Burgers,Fast Food",22722113000605,https://www.swiggy.com/restaurants/the-burger-com-sikandra-agra-556884,"the burger.com, Shop no- UG 9 krishna mile stone mall shastripuram sikandra   282001",Menu/556884.json
546351,Mitra Mandali,Agra,--,Too Few Ratings,₹ 300,"Chinese,Fast Food",22722113000450,https://www.swiggy.com/restaurants/mitra-mandali-sikandra-agra-546351,"Mitra Mandali, PLOT NO 03 ISHWAR NAGAR PART-11MAUJA SIKANDRA BAHISTABAD, Agra (MCorp.), Agra, Agra, Uttar Pradesh - 282007",Menu/546351.json
417000,Sethis BarBeQue,Agra,--,Too Few Ratings,₹ 250,North Indian,22721113000843,https://www.swiggy.com/restaurants/sethis-barbeque-tajganj-agra-417000,"Sethis BarBeQue, Shop no 5,panchwati plaza, opposite Padam high street Mall,Tajnagri phase 2, Agra 282001",Menu/417000.json
554166,CHICKEN BIRYANI,Agra,--,Too Few Ratings,₹ 450,North Indian,22722577000016,https://www.swiggy.com/restaurants/chicken-biryani-dayanand-nagar-agra-554166,"CHICKEN BIRYANI, NAI MAU DAYALBAGH, AGRA , WARD NO. 62 GHATWASAN , NAGAR NIGAM FOOD SAFETY ZONE 04, AGRA, UTTAR PRADESH-282005",Menu/554166.json
503719,Roofmates,Agra,--,Too Few Ratings,₹ 500,"Indian,Continental",12719001001026,https://www.swiggy.com/restaurants/roofmates-sikandra-agra-503719,"Roofmates, Anna Icon Complex, Suruchipuram Colony, Sikandra, Agra, Uttar Pradesh 282007, India",Menu/503719.json
557067,The momos king,Agra,--,Too Few Ratings,₹ 200,"Snacks,Fast Food",22722113000567,https://www.swiggy.com/restaurants/the-momos-king-sikandra-agra-557067,"The momos king, Shop no- UG 9 krishna mile stone mall shastripuram sikandra  282001",Menu/557067.json
85563,Brijwasi Sweet House,Agra,3.6,20+ ratings,₹ 300,"Desserts,Sweets",12715001001118,https://www.swiggy.com/restaurants/brijwasi-sweet-house-lohamandi-agra-agra-85563,"Brijwasi Sweet House, Shastri Puram Road, Suruchipuram Colony, Lohamandi, Agra",Menu/85563.json
556815,Vada pav no 1,Agra,--,Too Few Ratings,₹ 200,"Street Food,Fast Food",22722113000576,https://www.swiggy.com/restaurants/vada-pav-no-1-sikandra-agra-556815,"Vada pav no 1, Shop no UG 9 krishna mile stone mall shastripuram sikandra 282001",Menu/556815.json
416900,DAZZIO KITCHEN,Agra,--,Too Few Ratings,₹ 250,"Indian,Chinese",22721113000604,https://www.swiggy.com/restaurants/dazzio-kitchen-tajganj-agra-416900,"DAZZIO KITCHEN, ST-10 Taj nagri Phase 2 Taj Ganj, Bamrauli  Katara, Agra, Agra, Uttar Pradesh - 282001",Menu/416900.json
91693,Rola Wala,Agra,3.7,20+ ratings,₹ 300,Chinese,22722113000604,https://www.swiggy.com/restaurants/rola-wala-elora-complex-civil-lines-agra-91693,"Rola Wala, 405 RAM MOHAN VIHAR AMAN VAATIKA DAYAL BAGH , Agra (M Corp.), Agra, Agra, Uttar Pradesh - 282005",Menu/91693.json
437045,Hungry Dragon,Agra,1.4,20+ ratings,₹ 200,Pizzas,22721113000612,https://www.swiggy.com/restaurants/hungry-dragon-dayanand-nagar-agra-437045,"Hungry Dragon, 104 Kabeer nagar Mau dayal bagh, Agra,282005",Menu/437045.json
443529,Uddta punjaab,Agra,--,Too Few Ratings,₹ 250,"North Indian,Biryani",22721113000966,https://www.swiggy.com/restaurants/uddta-punjaab-tajganj-agra-443529,"Uddta punjaab, Shop no 5,panchwati plaza,ground floor,opposite padam high street mall,tajnagri phase 2, agra, Kahrai, Agra, Agra, Uttar Pradesh - 282001",Menu/443529.json
483464,La Black Beurre Cafe,Agra,--,Too Few Ratings,₹ 300,Fast Food,12721001000684,https://www.swiggy.com/restaurants/la-black-beurre-cafe-sikandra-agra-483464,"La Black Beurre Cafe, UG-9,Krishna mile stone shastripuram agra.",Menu/483464.json
578006,DAAR JI MALAI CHAAP,Agra,--,Too Few Ratings,₹ 250,"North Indian,Snacks",license,https://www.swiggy.com/restaurants/daar-ji-malai-chaap-sikandra-agra-578006,"DAAR JI MALAI CHAAP, SHOP NO. 3, PASCHIMURI POLICE CHOWKI, OPP. TYAGI MARKET KARGIL - PASCHIMPURI ROAD, SIKANDRA, Agra, Agra, , Uttar Pradesh, 282007",Menu/578006.json
496533,The Sky Restaurant,Agra,--,Too Few Ratings,₹ 400,"Indian,Beverages",22721578000291,https://www.swiggy.com/restaurants/the-sky-restaurant-sikandra-agra-496533,"The Sky Restaurant, 2nd Floor Gemini plaza, Karkunj Road, Sikandra, Agra, Uttar Pradesh 282007",Menu/496533.json
569453,Vanakkam,Agra,--,Too Few Ratings,₹ 250,"South Indian,Chinese",22722113000887,https://www.swiggy.com/restaurants/vanakkam-sikandra-agra-569453,"Vanakkam, Sector 12, Kar Kunj Chauraha, Avas Vikas Colony, Sikandra, Agra, Uttar Pradesh 282007, India",Menu/569453.json
500541,Choco Rocks,Agra,--,Too Few Ratings,₹ 150,"Desserts,Beverages",22720113000659,https://www.swiggy.com/restaurants/choco-rocks-dayanand-nagar-agra-500541,"Choco Rocks, C/O-LAV AGARWAL,11 MEENA BAGH,MADHUBAN ENCLAVE,DAYALBAGH -282005, Agra, Agra (Uttar Pradesh), - 282005",Menu/500541.json
496833,Sky Train Restaurant,Agra,--,Too Few Ratings,₹ 400,"North Indian,Chinese",22721578000291,https://www.swiggy.com/restaurants/sky-train-restaurant-sikandra-agra-496833,"Sky Train Restaurant, 2nd Floor Gemini plaza, Karkunj Road, Sikandra, Agra, Uttar Pradesh 282007",Menu/496833.json
477859,D-JAIL HOUSE,Agra,--,Too Few Ratings,₹ 400,"North Indian,South Indian",12721001000050,https://www.swiggy.com/restaurants/d-jail-house-sikandra-agra-477859,"D-JAIL HOUSE, D JAIL HOUSE UNIT NO.-11, GP-5 GP-6 PT DEENDAYAL UPADHYA PURAM SECTORE-13 SIKANDRA AGRA",Menu/477859.json
436145,Urban Vada Pav,Agra,--,Too Few Ratings,₹ 250,"Fast Food,Snacks",22721113001117,https://www.swiggy.com/restaurants/urban-vada-pav-sikandra-agra-436145,"Urban Vada Pav, ""PLOT NO.8, M.K. PURAM, SHASTRIPURAM  ROAD AGRA UP-208007 , Agra (M Corp.) ,  Agra, Agra, Uttar Pradesh-208007""",Menu/436145.json
556692,Pihu Fast Food Corner,Agra,--,Too Few Ratings,₹ 100,Beverages,22722113000546,https://www.swiggy.com/restaurants/pihu-fast-food-corner-dayanand-nagar-agra-556692,"Pihu Fast Food Corner, 95, Tulsi Bagh, Phase 1, Dayal Bagh, Agra",Menu/556692.json
578337,BIRA JI CHAAP,Agra,--,Too Few Ratings,₹ 200,"North Indian,Mughlai",license,https://www.swiggy.com/restaurants/bira-ji-chaap-sikandra-agra-578337,"BIRA JI CHAAP, SHOP NO. 3, PASCHIMURI POLICE CHOWKI, OPP. TYAGI MARKET KARGIL - PASCHIMPURI ROAD, SIKANDRA, Agra, Agra, , Uttar Pradesh, 282007",Menu/578337.json
384769,First Chai,Agra,--,Too Few Ratings,₹ 150,Street Food,22721113001036,https://www.swiggy.com/restaurants/first-chai-sikandra-agra-384769,"First Chai, KH NO. - 909 AND 910, MAUZA BAHISTABAD, SIKANDRA, AGRA, WARD NO. 59 SIKANDRA, AGRA, UP- 282007",Menu/384769.json
445448,Om Sai Food Court,Agra,--,Too Few Ratings,₹ 300,"Snacks,Street Food",22721577000146,https://www.swiggy.com/restaurants/om-sai-food-court-dayanand-nagar-agra-445448,"Om Sai Food Court, B-6 Ashok Vihar Jeevan Jyoti Road , WARD NO. 25 NAGLA PADI, Nagar Nigam FoodSafety Zone 04, Agra, Uttar Pradesh -282005",Menu/445448.json
81558,Paris Bakery,Agra,--,Too Few Ratings,₹ 400,"Bakery,Desserts",22718113000482,https://www.swiggy.com/restaurants/paris-bakery-sikandra-lohamandi-agra-81558,"Paris Bakery, SHOP NO. 1&2 H.NO. 113, SECTOR 9, SIKANDRA",Menu/81558.json
528758,SETHI'S SHAKES& MORE,Agra,--,Too Few Ratings,₹ 200,"Beverages,Fast Food",22721113000843,https://www.swiggy.com/restaurants/sethis-shakes-and-more-tajganj-agra-528758,"SETHI'S SHAKES& MORE, SHOP NO 5, PANCHWATI PLAZA , OPPOSITE PADAM HIGH STREET MALL, TAJNAGRI PHASE 2, AGRA- 282001, AGRA (M CORP.), AGRA , UTTAR PRADESH-282001",Menu/528758.json
360811,Divyanshi fast food center,Agra,--,Too Few Ratings,₹ 200,"Pizzas,Pastas",22721113000147,https://www.swiggy.com/restaurants/divyanshi-fast-food-center-deori-road-tajganj-agra-360811,"Divyanshi fast food center, golden city , sewla semri road , Agra",Menu/360811.json
81559,The MasterChef Restaurant,Agra,--,Too Few Ratings,₹ 300,"North Indian,Chinese",22718113000482,https://www.swiggy.com/restaurants/the-masterchef-restaurant-sikandra-lohamandi-agra-81559,"The MasterChef Restaurant, SHOP NO. 1 & 2, HNO.113, SECTOR 9 , SIKANDRA",Menu/81559.json
74320,UP 80,Agra,--,Too Few Ratings,₹ 400,"Chinese,North Indian",12718001000134,https://www.swiggy.com/restaurants/up-80-dayal-bagh-dayalbagh-agra-74320,"UP 80, 11,100 ft road,Adan Bagh Extension,Dayal Bagh,Agra",Menu/74320.json
505358,Banshi Petha Store,Agra,--,Too Few Ratings,₹ 200,"Sweets,Snacks",22721578000492,https://www.swiggy.com/restaurants/banshi-petha-store-sikandra-agra-505358,"Banshi Petha Store, M/S Banshi pheta store , shop no 3 , lower ground floor ,Mauja kakretha A.D aoraket N.H 2  sikandra  agra Ward no 59  sikandra Nagar nigam Food safety zone , 05 Agra utter pradesh  282007",Menu/505358.json
559651,Dehat City,Agra,--,Too Few Ratings,₹ 399,"Chinese,North Indian",22722578000405,https://www.swiggy.com/restaurants/dehat-city-sikandra-agra-559651,"Dehat City, Bhawna Mall Bhawna Estate Near Sachkhand Hospital Sikandra, Agra, Uttar Pradesh 282007, India",Menu/559651.json
271894,Moolchand  Paratha,Agra,3.5,50+ ratings,₹ 200,North Indian,22719113000388,https://www.swiggy.com/restaurants/moolchand-paratha-tajganj-agra-271894,"Moolchand  Paratha, vill tora po kalal kheriya fatehabad road agra",Menu/271894.json
518238,Rasoi Lajawab,Agra,--,Too Few Ratings,₹ 300,"North Indian,Snacks",22722113000022,https://www.swiggy.com/restaurants/rasoi-lajawab-tajganj-agra-518238,"Rasoi Lajawab, M/s RASSOI LAJAWAB, 3 VINAYAK VIHAR,  SHAMSHABAD ROAD, RAJRAI, AGRA,  Rajrai, Agra, Agra, Uttar Pradesh - 282006",Menu/518238.json
564304,JEEWARAM RESTAURANT,Agra,--,Too Few Ratings,₹ 449,"Indian,Chinese",22722578000406,https://www.swiggy.com/restaurants/jeewaram-restaurant-sikandra-agra-564304,"JEEWARAM RESTAURANT, Bhawan mall Babarpur Road , Maharishi Puram Colony Near Holy Public School, Agra, Uttar Pradesh 282007, India",Menu/564304.json
456187,Gopaldas parathe wale,Agra,--,Too Few Ratings,₹ 250,"Snacks,Beverages",22721113000650,https://www.swiggy.com/restaurants/gopaldas-parathe-wale-tajganj-agra-456187,"Gopaldas parathe wale, vill tora po kalal kheriya fatehabad road agra",Menu/456187.json
468522,Wat-A-Paratha India Ka Paratha,Agra,--,Too Few Ratings,₹ 250,"North Indian,Indian",22721113000650,https://www.swiggy.com/restaurants/wat-a-paratha-india-ka-paratha-tajganj-agra-468522,"Wat-A-Paratha India Ka Paratha, vill tora po kalal kheriya fatehabad road agra",Menu/468522.json
457230,Agra Famous Petha,Agra,--,Too Few Ratings,₹ 250,"Sweets,Beverages",22721113000650,https://www.swiggy.com/restaurants/agra-famous-petha-tajganj-agra-457230,"Agra Famous Petha, vill tora po kalal kheriya fatehabad road agra",Menu/457230.json
402011,Chatora Station Restaurant,Agra,--,Too Few Ratings,₹ 249,"North Indian,Mughlai",22721591000028,https://www.swiggy.com/restaurants/chatora-station-restaurant-sikandra-bhawna-mall-agra-402011,"Chatora Station Restaurant, Shop No. LG 18 , Bhawna Mall, Babarpur Road, Bain Bazar, Sikandra, WARD NO. 59 SIKANDRA, Nagar Nigam Food Safety Zone 05, Agra, Uttar Pradesh - 282007",Menu/402011.json
444620,Food Lovers,Agra,--,Too Few Ratings,₹ 200,Indian,22720113000943,https://www.swiggy.com/restaurants/food-lovers-sikandra-tajganj-agra-444620,"Food Lovers, saligram Vihar, Kalal Kheria, Agra",Menu/444620.json
476604,Hunger toast,Agra,--,Too Few Ratings,₹ 400,"Fast Food,Snacks",22722578000019,https://www.swiggy.com/restaurants/hunger-toast-sikandra-agra-476604,"Hunger toast, Bhawna Mall, Bhawna Estate Apartments, sikandra, Agra,Uttar Pradesh 282007, India",Menu/476604.json
115232,Pracheen Petha,Agra,--,Too Few Ratings,₹ 100,Desserts,12714001000718,https://www.swiggy.com/restaurants/pracheen-petha-civil-lines-bajrang-nagar-agra-115232,"Pracheen Petha, 15/394 Noori Gate, Shahid Dwar, Mantola, Agra",Menu/115232.json
559629,baseraa dhaba,Agra,--,Too Few Ratings,₹ 350,"North Indian,Snacks",22720578000280,https://www.swiggy.com/restaurants/baseraa-dhaba-sikandra-agra-559629,"baseraa dhaba, M/S-BASERA DHABA,48/1228 MATHURA ROAD SIKANDRA ,AGRA",Menu/559629.json
230704,Ram Babu Parathe Wale,Agra,3.5,20+ ratings,₹ 600,North Indian,12715001000019,https://www.swiggy.com/restaurants/ram-babu-parathe-wale-sikandra-agra-230704,"Ram Babu Parathe Wale, Shop 5, NH2, Sikandra, Agra",Menu/230704.json
545296,Chulha India (Swad Ghar Jaisa),Agra,--,Too Few Ratings,₹ 100,"North Indian,Indian",22722113000505,https://www.swiggy.com/restaurants/chulha-india-swad-ghar-jaisa-sikandra-agra-545296,"Chulha India (Swad Ghar Jaisa), Gudiya Shiv, 5 Nagla Buddha  Mohammadpur Shastripuram Sikandra,  Agra, Agra (M Corp.), Agra, Agra, Uttar  Pradesh - 282007",Menu/545296.json
547630,Hot Snackpot,Agra,--,Too Few Ratings,₹ 200,Fast Food,22722578000162,https://www.swiggy.com/restaurants/hot-snackpot-sikandra-agra-547630,"Hot Snackpot, UK/43 P-23 Uma kunj Colony, Gali No. 1  Sikandra,",Menu/547630.json
553700,Ghar Ka Egg Corner,Agra,--,Too Few Ratings,₹ 200,"North Indian,Chinese",22722113000373,https://www.swiggy.com/restaurants/ghar-ka-egg-corner-sikandra-agra-553700,"Ghar Ka Egg Corner, 5 Nagla Buddha mohammadpur shastripuram, Sikandra, Agra 282007",Menu/553700.json
212191,Nandani Red Crystal Restaurant,Agra,3.3,20+ ratings,₹ 150,"Beverages,Chinese",22718113000708,https://www.swiggy.com/restaurants/nandani-red-crystal-restaurant-gajanan-nagar-shastripuram-agra-212191,"Nandani Red Crystal Restaurant, M/S Nandani Red Crystal Restaurant & Party Hall Infront of Bijlighar Mohammadpur Crossing Shastripu, District - Agra, STATE, Uttar Pradesh",Menu/212191.json
572140,Kavya Bakery,Agra,--,Too Few Ratings,₹ 300,"Bakery,Snacks",22722578000161,https://www.swiggy.com/restaurants/kavya-bakery-sikandra-agra-572140,"Kavya Bakery, Shiv Hare Colony Sikandra, Agra, WARD  NO. 59 SIKANDRA,",Menu/572140.json
40184,M.A.D By Tomato'S,"Vastrapur,Ahmedabad",4.3,100+ ratings,₹ 1200,"Indian,Chinese",10718026000103,https://www.swiggy.com/restaurants/m-a-d-by-tomatos-bodakdev-ahmedabad-40184,"M.A.D By Tomato'S, Ground Floor, Sumel Complex, Near Tej Motors, S.G.Highway, Bodakdev, Ahmedabad",Menu/40184.json
45635,Tea Post,"Vastrapur,Ahmedabad",4.0,100+ ratings,₹ 150,Fast Food,10718026000628,https://www.swiggy.com/restaurants/tea-post-vastrapur-ahmedabad-45635,"Tea Post, Ground Floor, Himalaya Arcade, Opp. Vastrapur Lake, Vastrapur, AHmedabad",Menu/45635.json
483947,Shanghai Chicken Lolipops,"Vastrapur,Ahmedabad",--,Too Few Ratings,₹ 300,"Chinese,Fast Food",20721038000786,https://www.swiggy.com/restaurants/shanghai-chicken-lolipops-vastrapur-ahmedabad-483947,"Shanghai Chicken Lolipops, Shop Address-GF- 17, MANGALJYOT COMPLEX, JODHPUR CROSS ROAD, JODHPUR GAM ROAD,  SATELLITE-- 380015",Menu/483947.json
483946,Ministry Of Momos,"Vastrapur,Ahmedabad",--,Too Few Ratings,₹ 300,Chinese,20721038000786,https://www.swiggy.com/restaurants/ministry-of-momos-vastrapur-ahmedabad-483946,"Ministry Of Momos, Shop Address-GF- 17, MANGALJYOT COMPLEX, JODHPUR CROSS ROAD, JODHPUR GAM ROAD,  SATELLITE-- 380015",Menu/483946.json
181107,Sizzling - The Cake Room,"Vastrapur,Ahmedabad",--,Too Few Ratings,₹ 350,Desserts,20718038000235,https://www.swiggy.com/restaurants/sizzling-the-cake-room-vastrapur-ahmedabad-181107,"Sizzling - The Cake Room, Beside Sizzling Pizza, Opp. Falguni Gruh Udhyoh, Nehrupark, Vastrapur",Menu/181107.json
380709,Kwality Walls Frozen Dessert and Ice Cream Shop,"Vastrapur,Ahmedabad",--,Too Few Ratings,₹ 300,Ice Cream,10721026001372,https://www.swiggy.com/restaurants/kwality-walls-frozen-dessert-and-ice-cream-shop-vastrapur-ahmedabad-380709,"Kwality Walls Frozen Dessert and Ice Cream Shop, HANSH PAN HOUSE: 7 NIDHI APARTMENTS, NEAR JUDGES BUNGALOWS CROSS ROAD, BODAKDEV, AHMEDABAD, GUJARAT-380015",Menu/380709.json
570238,Ninjin,"Vastrapur,Ahmedabad",--,Too Few Ratings,₹ 400,"Thai,Chinese",10722026000713,https://www.swiggy.com/restaurants/ninjin-vastrapur-ahmedabad-570238,"Ninjin, SHOWROOM NO. 07, GROUND FLOOR, ABHISHREE ADROIT, NR. MANSI CROSS ROAD, VASTRAPUR, AHMEDABAD, Ahmedabad, Gujarat-380015",Menu/570238.json
483948,Soup Fiesta,"Vastrapur,Ahmedabad",--,Too Few Ratings,₹ 300,Chinese,20721038000786,https://www.swiggy.com/restaurants/soup-fiesta-vastrapur-ahmedabad-483948,"Soup Fiesta, Shop Address-GF- 17, MANGALJYOT COMPLEX, JODHPUR CROSS ROAD, JODHPUR GAM ROAD,  SATELLITE-- 380015",Menu/483948.json
512355,360 Degree Pizzateria,"Vastrapur,Ahmedabad",--,Too Few Ratings,₹ 500,Pizzas,10722026000074,https://www.swiggy.com/restaurants/360-degree-pizzateria-vastrapur-ahmedabad-512355,"360 Degree Pizzateria, 10 SHIVALIK AVENUE, OPP NIRAM HIGH SCHOOL, BODAKDEO, Ahmedabad, Gujarat-380054",Menu/512355.json
332746,Thali Central,"Vastrapur,Ahmedabad",3.6,100+ ratings,₹ 250,"Thalis,Fast Food",10721026000395,https://www.swiggy.com/restaurants/thali-central-vastrapur-bodakdev-ahmedabad-332746,"Thali Central, F.F-10, PRIME PLAZA, OPP. DLA SCHOOL, BODAKDEV, AHMEDABAD 380054",Menu/332746.json
55560,Shreejikrupa,"Vastrapur,Ahmedabad",4.0,50+ ratings,₹ 200,"Snacks,Beverages",20716038000144,https://www.swiggy.com/restaurants/shreejikrupa-himalaya-mall-gurukul-vastrapur-ahmedabad-55560,"Shreejikrupa, 3, Shreeji Tower, Opposite Himalaya Mall, Drive In Road, Gurukul, Ahmedabad",Menu/55560.json
377536,The Baker's Dozen,"Vastrapur,Ahmedabad",4.3,100+ ratings,₹ 300,"Bakery,Desserts",license,https://www.swiggy.com/restaurants/the-bakers-dozen-vastrapur-ahmedabad-377536,"The Baker's Dozen, FF 6 Abhishree Complex OPP OM Tower Satellite Road Jodhpur Ahmedabad Gujarat 380015",Menu/377536.json
570471,Masala Grill,"Vastrapur,Ahmedabad",--,Too Few Ratings,₹ 150,"Fast Food,Pizzas",20722034000666,https://www.swiggy.com/restaurants/masala-grill-vastrapur-ahmedabad-570471,"Masala Grill, BESEMENT-1 SHIVAM COMPLEX, NR H L COMMERCE COLLEGE,NAVRANGPURA,AHMEDABAD. , Navrangpura(West Zone) , Ahmedabad Municipal Corporation, Ahmedabad, Gujarat-",Menu/570471.json
491683,Vimal Dairy Ice Cream,"Vastrapur,Ahmedabad",--,Too Few Ratings,₹ 250,Ice Cream,10721026002345,https://www.swiggy.com/restaurants/vimal-dairy-ice-cream-vastrapur-ahmedabad-491683,"Vimal Dairy Ice Cream, SHOP NO.8 , REVATI TOWER ,OPP.SARTHI AVENUE , SATELITE",Menu/491683.json
549524,JS pizza,"Vastrapur,Ahmedabad",--,Too Few Ratings,₹ 300,Pizzas,20722038002472,https://www.swiggy.com/restaurants/js-pizza-prahlad-nagar-bodakdev-ahmedabad-549524,"JS pizza, AMC stall 13, opp.athome,near TGB hotal, bodakdev, Ahmedabad ,Bodakdev(New West Zone),Ahmedabad Municipal Corporation,Ahmedabad,Gujarat-380054",Menu/549524.json
248016,Jenny's Brownies,"Vastrapur,Ahmedabad",3.7,50+ ratings,₹ 250,"Bakery,Desserts",20721037005047,https://www.swiggy.com/restaurants/jennys-brownies-vastrapur-ahmedabad-248016,"Jenny's Brownies, 15 G.F. Mangal- Jyot Society, Opp. Aristo Ville, Jodhpur Char Rasta, Satellite, Rajshree Flat,, Ahmedabad Municipal Corporation, Ahmedabad Municipal Corporation, Gujarat, 380015",Menu/248016.json
303193,China In A Box,"Vastrapur,Ahmedabad",--,Too Few Ratings,₹ 200,Chinese,10719026001503,https://www.swiggy.com/restaurants/china-in-a-box-vastrapur-gurukul-ahmedabad-303193,"China In A Box, G/F,SWAMINI COMPLEX, OPP DRIVE IN CINEMA BODAKDEV, AHMEDABAD",Menu/303193.json
537527,Farki Milk Mart ( Drive In ),"Vastrapur,Ahmedabad",--,Too Few Ratings,₹ 200,"Ice Cream,Desserts",10719026000229,https://www.swiggy.com/restaurants/farki-milk-mart-drive-in-ghatlodia-ahmedabad-537527,"Farki Milk Mart ( Drive In ), Farki lassi, Ground Floor Kairos, Opposite Mahatma Gandhi Labour Institute, Memnagar, Ahmedabad-380014",Menu/537527.json
158450,Jay Kalyan Poha Center,"Vastrapur,Ahmedabad",4.2,50+ ratings,₹ 100,Snacks,20721037004387,https://www.swiggy.com/restaurants/jay-kalyan-poha-center-isro-jodhpur-village-ahmedabad-158450,"Jay Kalyan Poha Center, Opp ISRO Near Nandi Hill Satellite Ahmedabad",Menu/158450.json
238436,Taco Bell,"Vastrapur,Ahmedabad",3.7,500+ ratings,₹ 300,Mexican,10720026000238,https://www.swiggy.com/restaurants/taco-bell-one-mall-vastrapur-ahmedabad-238436,"Taco Bell, Ahmedabad One Mall, Unit no restaurent 7, 3rd floor, Plot No-216, T.P Scheme-1, near Vastrapur Lake, Vastrapur, Ahmedabad, Gujarat 380054",Menu/238436.json
431256,Rajlaxmi Cake Shop,"Vastrapur,Ahmedabad",--,Too Few Ratings,₹ 280,"Bakery,Continental",10721026001550,https://www.swiggy.com/restaurants/rajlaxmi-cake-shop-vastrapur-ahmedabad-431256,"Rajlaxmi Cake Shop, SHOP NO. A/1 AND A/2, GROUND FLOOR,  MOHINI COMPLEX, NR. ATITHI DINING HALL,  JUDGES BUNGALOW ROAD, BODAKDEV,  AHMEDABAD, Ahmedabad Municipal  Corporation, Ahmedabad Municipal  Corporation, Gujarat-38",Menu/431256.json
433315,Baba Egg Zone,"Vastrapur,Ahmedabad",--,Too Few Ratings,₹ 200,"Indian,North Indian",20721038000484,https://www.swiggy.com/restaurants/baba-egg-zone-vastrapur-ahmedabad-433315,"Baba Egg Zone, 1, L.L, SHOP, SAGAR APPARTMENT, OPP. HOTEL SARATHI, VASTRAPUR ROAD, BODAKDEV, AHMEDABAD	380054",Menu/433315.json
286775,The Shake.Com,"Vastrapur,Ahmedabad",--,Too Few Ratings,₹ 200,Beverages,20721037001666,https://www.swiggy.com/restaurants/the-shake-com-vastrapur-ahmedabad-286775,"The Shake.Com, PANCHDEEP SHOPPING CENTRE, FALGUNI GRUH UDHYOG, VASTRAPUR, AHMEDABAD., Ahmedabad Municipal Corporation,380015",Menu/286775.json
571698,SHIVANI'S KITCHEN,"Vastrapur,Ahmedabad",--,Too Few Ratings,₹ 400,"Chinese,North Indian",20722038002226,https://www.swiggy.com/restaurants/shivanis-kitchen-vastrapur-ahmedabad-571698,"SHIVANI'S KITCHEN, UL-13 SAGAR APPARPMENT,OPP.SARTHI HOTEL,B/H T.V.TOWER,BODAKDEV,AHMEDABAD,Gujarat-380054",Menu/571698.json
488029,Kamla,"Vastrapur,Ahmedabad",--,Too Few Ratings,₹ 400,"Street Food,Fast Food",20721038000747,https://www.swiggy.com/restaurants/kamla-vastrapur-ahmedabad-488029,"Kamla, 444-445, next to ramapir mandir, bodakdev  380054",Menu/488029.json
423532,Arpit Ragada Pettice,"Vastrapur,Ahmedabad",--,Too Few Ratings,₹ 200,"Chaat,Snacks",20721037005107,https://www.swiggy.com/restaurants/arpit-ragada-pettice-vastrapur-ahmedabad-423532,"Arpit Ragada Pettice, Nukkad, Judges Bunglow Rd, opp. Atithi Dining Hall, Bodakdev, Ahmedabad, Gujarat 380054, India",Menu/423532.json
443240,Baap No Bagicho,"Vastrapur,Ahmedabad",--,Too Few Ratings,₹ 400,"North Indian,Tandoor",20721038001475,https://www.swiggy.com/restaurants/baap-no-bagicho-vastrapur-ahmedabad-443240,"Baap No Bagicho, SHOP NO.22, GF, ISCON EMPORIO, BESIDE STAR BAZAR,  JODHPUR CHAR RASTA, SATELLITE,- 380015",Menu/443240.json
378612,Baskin Robbins,"Vastrapur,Ahmedabad",--,Too Few Ratings,₹ 250,"Desserts,Ice Cream",20721037003105,https://www.swiggy.com/restaurants/baskin-robbins-vastrapur-ahmedabad-378612,"Baskin Robbins, Shop no. 2,l shahi blg. Hotel Treebo trend Tribecca inn, near- ICICI bank, vastrapur lake, Ahmedabad-380015",Menu/378612.json
51094,Sankalp,"Vastrapur,Ahmedabad",3.9,20+ ratings,₹ 350,"South Indian,Beverages",10717026000587,https://www.swiggy.com/restaurants/sankalp-s-g-highway-bodakdev-ahmedabad-51094,"Sankalp, 3, Sankalp House, Near Rajpath Club, S.G Highway, Vastrapur, Ahmedabad",Menu/51094.json
52186,William John's pizza,"Vastrapur,Ahmedabad",--,Too Few Ratings,₹ 250,"Italian,Pizzas",10721026001540,https://www.swiggy.com/restaurants/william-johns-pizza-vastrapur-ahmedabad-52186,"William John's pizza, Super Plaza, Sandesh Presh Road, Vastrapur, Ahmedabad",Menu/52186.json
148407,Yummy Food Corner,"Vastrapur,Ahmedabad",--,Too Few Ratings,₹ 350,"Chinese,Biryani",20721037005106,https://www.swiggy.com/restaurants/yummy-food-corner-bodakdev-thaltej-ahmedabad-148407,"Yummy Food Corner, Opposite The Grand BhagwatI, Near Hotel Grand Eden, Bodakdev, Ahmedabad",Menu/148407.json
121267,Gajanand Pauva House,"Vastrapur,Ahmedabad",4.2,100+ ratings,₹ 200,"Street Food,Snacks",20718038000588,https://www.swiggy.com/restaurants/gajanand-pauva-house-vastrapur-ahmedabad-121267,"Gajanand Pauva House, Shop 12 Gf, Himalaya Arcade, Block-A, Opposite Vastrapur Lake, Vastrapur, Ahmedabad",Menu/121267.json
483939,Tokyo Town,"Vastrapur,Ahmedabad",--,Too Few Ratings,₹ 300,"Italian,Desserts",20721038000786,https://www.swiggy.com/restaurants/tokyo-town-vastrapur-ahmedabad-483939,"Tokyo Town, Shop Address-GF- 17, MANGALJYOT COMPLEX, JODHPUR CROSS ROAD, JODHPUR GAM ROAD,  SATELLITE-- 380015",Menu/483939.json
411431,Shreeji Farali Center,"Vastrapur,Ahmedabad",--,Too Few Ratings,₹ 150,"Street Food,Indian",license,https://www.swiggy.com/restaurants/shreeji-farali-center-vastrapur-ahmedabad-411431,"Shreeji Farali Center, Drive In Rd, Sunrise Park, Gurukul, Ahmedabad, Ahmadabad City, Ahmadabad, Gujarat, 380059",Menu/411431.json
493611,Maharaj Sandwich,"Vastrapur,Ahmedabad",--,Too Few Ratings,₹ 300,"Fast Food,Street Food",20719038000228,https://www.swiggy.com/restaurants/maharaj-sandwich-vastrapur-ahmedabad-493611,"Maharaj Sandwich, NR. Orchid complex, thajtejgam, ahmedabad   380054",Menu/493611.json
431046,Cabana,"Vastrapur,Ahmedabad",--,Too Few Ratings,₹ 500,"Continental,Chinese",20721038000084,https://www.swiggy.com/restaurants/cabana-vastrapur-ahmedabad-431046,"Cabana, Beside zodiac marquis, behind rajpath club, Bodakdev, Ahmedabad, Gujarat 380054",Menu/431046.json
499152,Delhi Belly-Bodakdev,"Vastrapur,Ahmedabad",--,Too Few Ratings,₹ 400,"Chinese,Snacks",10721026001440,https://www.swiggy.com/restaurants/delhi-belly-bodakdev-vastrapur-ahmedabad-499152,"Delhi Belly-Bodakdev, SHOP-17, CORPORATE HOUSE, S.G.HIGHWAY,BODAKDEV, AHMEDABAD-380054",Menu/499152.json
481989,Live Cake Company,"Vastrapur,Ahmedabad",--,Too Few Ratings,₹ 250,Bakery,20721037002199,https://www.swiggy.com/restaurants/live-cake-company-vastrapur-ahmedabad-481989,"Live Cake Company, Live Cake Company  340/112, (Cellar) Jay Gopal Soc, Balaji Complex, Opp.Judges Bunglows, Bodakdev, Ahmedabad Municipal Corporation, Ahmedabad Municipal Corporation, Gujarat-380059",Menu/481989.json
42220,Ab Chai Pe Charcha,"Vastrapur,Ahmedabad",3.0,50+ ratings,₹ 200,"Snacks,Beverages",20718001000208,https://www.swiggy.com/restaurants/ab-chai-pe-charcha-paldi-ambawadi-ahmedabad-42220,"Ab Chai Pe Charcha, Shop no 3, Umiya Vijay Complex, Opp Vodafone store, Shivranjani, Satellite, Ahmedabad",Menu/42220.json
525648,The Cafe Baraco - The Restro Cafe,"Vastrapur,Ahmedabad",--,Too Few Ratings,₹ 300,"Beverages,Pizzas",license,https://www.swiggy.com/restaurants/the-cafe-baraco-the-restro-cafe-vastrapur-ahmedabad-525648,"The Cafe Baraco - The Restro Cafe, SHOP NO. UPPER LEVEL 1 & 2, CORPORATE HOUSE, NR. PAKWAN CROSS ROAD, BODAKDEV, AHMEDABAD-380054",Menu/525648.json
67209,Golden Brown,"Vastrapur,Ahmedabad",4.7,20+ ratings,₹ 300,Desserts,20720038001029,https://www.swiggy.com/restaurants/golden-brown-bodakdev-ahmedabad-67209,"Golden Brown, AMC Dome No. 3, near Gordhan thal restaurant, opp. Rajpath club, Sarkhej - Gandhinagar Hwy, Bodakdev, Ahmedabad, Gujarat 380054",Menu/67209.json
99279,Rotti Shotti,"Vastrapur,Ahmedabad",4.0,20+ ratings,₹ 600,"North Indian,Tandoor",license,https://www.swiggy.com/restaurants/rotti-shotti-thaltej-ahmedabad-99279,"Rotti Shotti, 1/C, Ground Floor, Patel Avenue, Near Gurudwara, Thaltej, Ahmedabad",Menu/99279.json
351166,V Cafe - Meals By PVR,"Vastrapur,Ahmedabad",4.0,100+ ratings,₹ 300,"Pizzas,Snacks",10717026000427,https://www.swiggy.com/restaurants/v-cafe-meals-by-pvr-pvr-acropolis-ahemdabad-vastrapur-ahmedabad-351166,"V Cafe - Meals By PVR, 2nd Floor Acropolis Mall, Cross Road, Sarkhej - Gandhinagar Highway, A/604, Drive In Rd, Thaltej, Ahmedabad, Gujarat 380059",Menu/351166.json
295493,Cake Jsk Live Cake,"Vastrapur,Ahmedabad",3.8,20+ ratings,₹ 600,Bakery,20721038001773,https://www.swiggy.com/restaurants/cake-jsk-live-cake-gurukul-rod-vastrapur-ahmedabad-295493,"Cake Jsk Live Cake, Near Ishwar Hotel, Drive In Rd, below Sankalp Restaurant, Sushil Nagar Society, Memnagar, Ahmedabad, Gujarat 380052",Menu/295493.json
548890,Toom Yum,"Vastrapur,Ahmedabad",--,Too Few Ratings,₹ 1200,"Indian,Seafood",20721038001882,https://www.swiggy.com/restaurants/toom-yum-vastrapur-ahmedabad-548890,"Toom Yum, 17/18 , FF Indraplus complex , near Himalaya mall ,Drive In Rd, Memnagar, Gurukul, Ahmedabad, Gujarat 380052, India",Menu/548890.json
467202,Jsm Maggi And Pasta,"Vastrapur,Ahmedabad",--,Too Few Ratings,₹ 200,"Pastas,Snacks",20719034001838,https://www.swiggy.com/restaurants/jsm-maggi-and-pasta-vastrapur-ahmedabad-467202,"Jsm Maggi And Pasta, GF-006, SATYAM MALL, OPP SAMAN COMPLEX, NR VISHWESHWAR MAHADEV MANDIR, SETTELITE, AHEMDABAD",Menu/467202.json
400976,Jay Kalyan Poha House,"Vastrapur,Ahmedabad",--,Too Few Ratings,₹ 200,Snacks,20721037003984,https://www.swiggy.com/restaurants/jay-kalyan-poha-house-vastrapur-ahmedabad-400976,"Jay Kalyan Poha House, Lower Level 35, Indraprasth Drive In Road, Gurukul, Ahmedabad",Menu/400976.json
524564,John Banega Don,"Vastrapur,Ahmedabad",--,Too Few Ratings,₹ 250,Fast Food,20722038001649,https://www.swiggy.com/restaurants/john-banega-don-vastrapur-ahmedabad-524564,"John Banega Don, 61 RANUJNAGAR VIBHAG-1 OPP  SUNDERVAN JODHPUR TEKRA ,",Menu/524564.json
534359,Khichdi Tales,"Vastrapur,Ahmedabad",--,Too Few Ratings,₹ 350,"Indian,North Indian",10721026000395,https://www.swiggy.com/restaurants/khichdi-tales-vastrapur-ahmedabad-534359,"Khichdi Tales, """"""Prime Plaza, FF 9/10, NFD Circle, Bodakdev, Ahmedabad, Gujarat 380054""""""",Menu/534359.json
486086,Papa Louie s Pizza,"Vastrapur,Ahmedabad",--,Too Few Ratings,₹ 700,Pizzas,20721038000861,https://www.swiggy.com/restaurants/papa-louie-s-pizza-vastrapur-ahmedabad-486086,"Papa Louie s Pizza, ""1st Floor, Shilp Square A, Opp Himalaya Mall, Drive In Rd, Sunrise Park, Gurukul, Ahmedabad, Gujarat 380052",Menu/486086.json
567093,JAY AMBE FARSANWALA (maharaj),"Vastrapur,Ahmedabad",--,Too Few Ratings,₹ 100,"Snacks,Gujarati",20722038002207,https://www.swiggy.com/restaurants/jay-ambe-farsanwala-maharaj-vastrapur-ahmedabad-567093,"JAY AMBE FARSANWALA (maharaj), 2,PAYAL PARK PART-1 , SHOPPING CENTER,OPP-SUNDARVAN,JODHPUR SATELLITE,Ahmedabad-380015",Menu/567093.json
374053,Tarla Daily Food,"Vastrapur,Ahmedabad",--,Too Few Ratings,₹ 200,Combo,20720033000308,https://www.swiggy.com/restaurants/tarla-daily-food-vastrapur-satellite-ahmedabad-374053,"Tarla Daily Food, 32, Premchandnagar Row House, Gate No.10, Behind Lenovo Show-Room, Judges Bunglow Road, Bodakdev, Ahmedabad-380054.",Menu/374053.json
546599,Bigspoon X,"Vastrapur,Ahmedabad",--,Too Few Ratings,₹ 350,Biryani,10722026000363,https://www.swiggy.com/restaurants/bigspoon-x-vastrapur-ahmedabad-546599,"Bigspoon X, """"""001A, GROUND FLOOR, ELANZA VERTEX, MOUJE BODAKDEV, Ahmedabad Municipal Corporation, Ahmedabad, Gujarat-380054""""""",Menu/546599.json
126707,Hari Om Centre,"Vastrapur,Ahmedabad",4.0,100+ ratings,₹ 200,"North Indian,Gujarati",20718037001824,https://www.swiggy.com/restaurants/hari-om-centre-mansi-cross-road-satellite-ahmedabad-126707,"Hari Om Centre, Shop No.18, Balaji Avenue, Opp. Reliance Jewellers, Mansi Cross Road, Vastrapur, Ahmedabad",Menu/126707.json
435410,Lunch Buffet,"Vastrapur,Ahmedabad",--,Too Few Ratings,₹ 320,"Indian,Biryani",20721038001605,https://www.swiggy.com/restaurants/lunch-buffet-vastrapur-ahmedabad-435410,"Lunch Buffet, 6/1, Sunflower Complex, Gurukul Rd, opp. Janta ice Cream, Memnagar, Ahmedabad, Gujarat 380052, India",Menu/435410.json
158457,New York Waffles & Dinges,"Vastrapur,Ahmedabad",3.8,100+ ratings,₹ 250,"Waffle,Beverages",20721037005047,https://www.swiggy.com/restaurants/new-york-waffles-and-dinges-vastrapur-ahmedabad-158457,"New York Waffles & Dinges, 15 G.F. Mangal- Jyot Society, Opp. Aristo Ville, Jodhpur Char Rasta, Satellite, Rajshree Flat,, Ahmedabad Municipal Corporation, Ahmedabad Municipal Corporation, Gujarat, 380015",Menu/158457.json
415807,Chat Corner,"Vastrapur,Ahmedabad",--,Too Few Ratings,₹ 300,Chinese,license,https://www.swiggy.com/restaurants/chat-corner-vastrapur-ahmedabad-415807,"Chat Corner, IIM Residency Gate IIM Road Gujarat University Vastrapur Ahmedabad-380052",Menu/415807.json
481731,Smor & Mel,"Vastrapur,Ahmedabad",--,Too Few Ratings,₹ 250,"Bakery,Desserts",10722026000023,https://www.swiggy.com/restaurants/smor-and-mel-vastrapur-ahmedabad-481731,"Smor & Mel, Shop 214, Gala Empire, Drive In Rd, Opp. Doordarshan tower, Thaltej, Ahmedabad, Gujarat 380059, India",Menu/481731.json
414836,Lion'S Kitchen,"Vastrapur,Ahmedabad",--,Too Few Ratings,₹ 200,"Italian,Indian",20721038000767,https://www.swiggy.com/restaurants/lions-kitchen-vastrapur-ahmedabad-414836,"Lion'S Kitchen, ALL NO -09,OPP.INFO TOWER,S.G.HIGHWAY,BODAKDEV,AHMEDABAD.380054",Menu/414836.json
509071,Ghee Gud (SG Road),"Vastrapur,Ahmedabad",--,Too Few Ratings,₹ 250,Rajasthani,10722026000386,https://www.swiggy.com/restaurants/ghee-gud-sg-road-vastrapur-ahmedabad-509071,"Ghee Gud (SG Road), FF, ZODIAC SQUARE, OPP. GURUDWARA, S G HIGHWAY, BODAKDEV, AHMEDABAD-380054",Menu/509071.json
217533,A1 Paratha,"Vastrapur,Ahmedabad",4.3,1K+ ratings,₹ 200,North Indian,20719037003658,https://www.swiggy.com/restaurants/a1-paratha-vastrapur-memnagar-ahmedabad-217533,"A1 Paratha, Drive In Shopping Centre, Near Indraprasth Tower, Drive In Road, Gurukul, Ahmedabad,Vastrapur,Ahmedabad",Menu/217533.json
260220,Fitfuel & Co,"Vastrapur,Ahmedabad",3.8,20+ ratings,₹ 500,Indian,20720034001167,https://www.swiggy.com/restaurants/fitfuel-and-co-vastrapur-ahmedabad-260220,"Fitfuel & Co, GF-20, Galaxy Bazar, Opp sunrise park, Vastrapur Ahmedabad, Gujarat 380052, India",Menu/260220.json
513577,Winnie the Pooh Cafe and Cooking School,"Vastrapur,Ahmedabad",--,Too Few Ratings,₹ 200,"Italian,Fast Food",20721037004174,https://www.swiggy.com/restaurants/winnie-the-pooh-cafe-and-cooking-school-vastrapur-ahmedabad-513577,"Winnie the Pooh Cafe and Cooking School, GF/7 SHIVALIK SHILP OPP SHRIFAL HOTEL S G HIGHWAY AHMEDABAD-380015",Menu/513577.json
511398,Meal In A Box,"Vastrapur,Ahmedabad",--,Too Few Ratings,₹ 250,"North Indian,Indian",10721026001543,https://www.swiggy.com/restaurants/meal-in-a-box-vastrapur-ahmedabad-511398,"Meal In A Box, 4th Floor, Ship Epitom, Off Sindhu Bhavan Road, Near Rajpath Club, Bodakdev, Ahmedabad",Menu/511398.json
400971,The Secret Kitchen,"Vastrapur,Ahmedabad",--,Too Few Ratings,₹ 1300,North Indian,10719026000129,https://www.swiggy.com/restaurants/the-secret-kitchen-vastrapur-sindhubhawan-marg-thaltej-ahmedabad-400971,"The Secret Kitchen, The Secret Kitchen, 2nd floor, Times Square 2, Beside Avalon Hotel, Sindhu Bhavan Marg, Thaltej, Ahmedabad, Gujarat 380054",Menu/400971.json
319888,Chai Coffee Point,"Vastrapur,Ahmedabad",--,Too Few Ratings,₹ 200,"Snacks,Beverages",20721037003729,https://www.swiggy.com/restaurants/chai-coffee-point-vastrapur-guruku-ahmedabad-319888,"Chai Coffee Point, 8 shubham complex , Sanjivni hospital ni same Code ,vastrapur Ahmedabad, Ahmedabad . , Ahmedabad Municipal Corporation, Ahmedabad Municipal Corporation, Gujarat - 380015	",Menu/319888.json
488488,Shri Gokul Dairy Farm,"Vastrapur,Ahmedabad",--,Too Few Ratings,₹ 250,Sweets,10721026002213,https://www.swiggy.com/restaurants/shri-gokul-dairy-farm-vastrapur-ahmedabad-488488,"Shri Gokul Dairy Farm, 10, UMIYAVIJAY SHOPPING CENTER,OPP.BIMANAGAR,SATELLITE ROAD,AHMEDABAD-380015",Menu/488488.json
526751,London Dairy,"Vastrapur,Ahmedabad",--,Too Few Ratings,₹ 280,"Ice Cream,Desserts",10722026000094,https://www.swiggy.com/restaurants/london-dairy-vastrapur-ahmedabad-526751,"London Dairy, ANSHI LIFE STYLE PHARMACY,SHOP NO.7,GROUND FLOOR,KUNDALINI COMPLEX,OPP.VASTRAPUR LAKE,VASTRAPUR,AHMEDABAD,GUJARAT- 380015",Menu/526751.json
443016,Dum Pe Dum,"Vastrapur,Ahmedabad",4.2,20+ ratings,₹ 500,"Biryani,Indian",10721026001936,https://www.swiggy.com/restaurants/dum-pe-dum-vastrapur-ahmedabad-443016,"Dum Pe Dum, ""S-1, S-2, SHAILABH COMPLEX, OPP. SHANJIVANI HOSPITAL, OPP. VASTRAPUR LAKE, BODAKDEV, AHMEDABAD, Ahmedabad Municipal Corporation, Ahmedabad Municipal Corporation, Gujarat-380054 """,Menu/443016.json
224293,Cake Eggless,"Vastrapur,Ahmedabad",4.1,20+ ratings,₹ 600,Desserts,20720038000526,https://www.swiggy.com/restaurants/cake-eggless-navrangpura-vastrapur-ahmedabad-224293,"Cake Eggless, L 7/97 vidyanagar ,Near Azad SOC, Amedabad",Menu/224293.json
59956,Shakti - The Sandwich Shop,"Vastrapur,Ahmedabad",3.5,100+ ratings,₹ 250,Pizzas,20721037004279,https://www.swiggy.com/restaurants/shakti-the-sandwich-shop-satellite-vastrapur-bodakdev-satellite-ahmedabad-59956,"Shakti - The Sandwich Shop, 16, Millenium Plaza, Opposite Swaminarayan Mandir, Mansi Circle, Bodakdev, Ahmedabad",Menu/59956.json
526750,Rabdi King Om Kaka,"Vastrapur,Ahmedabad",--,Too Few Ratings,₹ 250,"Sweets,Beverages",20722038001352,https://www.swiggy.com/restaurants/rabdi-king-om-kaka-vastrapur-ahmedabad-526750,"Rabdi King Om Kaka, F-101,ARYAMAN AAVAS,NR,DEVASHISH BUSINESS PARK OPP.SAIBABA MANDIR,BODAKDEV-",Menu/526750.json
283216,Express By Ab'S,"Vastrapur,Ahmedabad",3.5,50+ ratings,₹ 400,"Biryani,North Indian",10719026001750,https://www.swiggy.com/restaurants/express-by-abs-vastrapur-sanidhya-ahmedabad-283216,"Express By Ab'S, Shivalik Shilp, 2ND, Ambli Rd, Sanidhya, Ahmedabad, Gujarat 380015",Menu/283216.json
547434,Kinara Eleven,"Vastrapur,Ahmedabad",--,Too Few Ratings,₹ 300,Chinese,20720038001170,https://www.swiggy.com/restaurants/kinara-eleven-prahlad-nagar-ahmedabad-547434,"Kinara Eleven, food ikon S.G highway opp iskon mega mall near rajpath restaurant iskon bodakdev ahmedabad",Menu/547434.json
59959,Bread Box,"Vastrapur,Ahmedabad",4.4,50+ ratings,₹ 250,Fast Food,10721026000989,https://www.swiggy.com/restaurants/bread-box-bodakdev-ahmedabad-59959,"Bread Box, 47, Rudra Square, Opp pride plaza hotel, Nr judges bunglow cross road, Bodakdev, Ahmedabad",Menu/59959.json
44500,The Belgian Waffle Co.,"Vastrapur,Ahmedabad",4.4,50+ ratings,₹ 200,"Desserts,Beverages",20720038000456,https://www.swiggy.com/restaurants/the-belgian-waffle-co-vastrapur-gurukul-ahmedabad-44500,"The Belgian Waffle Co., Opposite Advait Complex, Near Sandesh Press, Vastrapur, Ahmedabad",Menu/44500.json
91574,Dangee Dums,"Vastrapur,Ahmedabad",4.5,50+ ratings,₹ 400,"Desserts,Bakery",10717026000175,https://www.swiggy.com/restaurants/dangee-dums-bodakdev-vastrapur-ahmedabad-91574,"Dangee Dums, 35, Rudra Square, Opp. Pride Hotel, Judges Bungalow Road, Bodakdev, Ahmedabad",Menu/91574.json
179463,Subway,"Vastrapur,Ahmedabad",4.1,100+ ratings,₹ 350,"Fast Food,Healthy Food",license,https://www.swiggy.com/restaurants/subway-vastrapur-ahmedabad-179463,"Subway, Ground Floor, Shilp Square, A Wing, opp. himalaya Mall, Drive Inn Road, Vastrapur, Ahmedabad.",Menu/179463.json
39275,Firangi Bake,"Vastrapur,Ahmedabad",4.0,20+ ratings,₹ 400,"Italian,Mexican",10715026000814,https://www.swiggy.com/restaurants/firangi-bake-shop-no-2-hotel-shahi-palace-vastrapur-ahmedabad-39275,"Firangi Bake, SHOP NO 2, HOTEL SHAHI PALACE ,VASTRAPUR LAKE, AHMEDABAD,GUJARAT",Menu/39275.json
435826,Eat Punjab,"Vastrapur,Ahmedabad",4.1,500+ ratings,₹ 500,"North Indian,Indian",20721038001229,https://www.swiggy.com/restaurants/eat-punjab-vastrapur-ahmedabad-435826,"Eat Punjab, First floor, shop no. 102, shilp square B, opp himalaya mall, gurukul road,  Bodekdev, Ahmedabad",Menu/435826.json
41112,Huber & Holly,"Vastrapur,Ahmedabad",4.3,100+ ratings,₹ 500,"Pizzas,Beverages",10719026000819,https://www.swiggy.com/restaurants/huber-and-holly-near-pakwan-char-rasta-s-g-road-bodakdev-ahmedabad-41112,"Huber & Holly, Huber N holly, 7 B, Circle B, Opposite Rajpath Club, Sarkhej, Gandhinagar Highway, Bodakdev, Ahmedabad",Menu/41112.json
434735,Bhullar S Butter Chicken Co.,"Vastrapur,Ahmedabad",4.0,20+ ratings,₹ 400,"Indian,Desserts",10721026001345,https://www.swiggy.com/restaurants/bhullar-s-butter-chicken-co-vastrapur-ahmedabad-434735,"Bhullar S Butter Chicken Co., 39, GF Om tower, Nr Star Bazaar, Jodhpur Crossroads, Satellite, Ahmedabad",Menu/434735.json
570436,Punjabi khana khajana,"Vastrapur,Ahmedabad",--,Too Few Ratings,₹ 500,"North Indian,Thalis",20722038002291,https://www.swiggy.com/restaurants/punjabi-khana-khajana-vastrapur-ahmedabad-570436,"Punjabi khana khajana, 66,F.F. Sardar Centre Vastrapur, ahmedabad, 380015, Bodakdev ( New West Zone ) AHMEDABAD, Ahmedabad,Municipal Corporation, Ahmedabad,Gujarat,380015",Menu/570436.json
499013,Fine Chinese,"Vastrapur,Ahmedabad",--,Too Few Ratings,₹ 300,"Chinese,Snacks",20722038000498,https://www.swiggy.com/restaurants/fine-chinese-vastrapur-ahmedabad-499013,"Fine Chinese, L-2, Akruti Complex, Nr. Vastrapur Lake, Vastrapur, Ahmedabad-380015",Menu/499013.json
41117,Havmor Havfunn ice cream,"Vastrapur,Ahmedabad",4.0,20+ ratings,₹ 200,"Ice Cream,Ice Cream Cakes",20715038000086,https://www.swiggy.com/restaurants/havmor-havfunn-ice-cream-grand-bhagvati-hotel-bodakdev-ahmedabad-41117,"Havmor Havfunn ice cream, Opp. Isszu showroom, B/h Grand Bhagvati hotel, S.G. highway road, Ahmedabad- 380052",Menu/41117.json
41115,Hocco Eatery,"Vastrapur,Ahmedabad",4.2,50+ ratings,₹ 400,"North Indian,Pizzas",10719026001147,https://www.swiggy.com/restaurants/hocco-eatery-lake-vastrapur-ahmedabad-41115,"Hocco Eatery, 11, Sardar Center,Opp. Vastrapur Lake, Vastrapur, Ahmedabad.380015",Menu/41115.json
294586,The Paratha Project,"Vastrapur,Ahmedabad",--,Too Few Ratings,₹ 200,"North Indian,Punjabi",20719034001813,https://www.swiggy.com/restaurants/the-paratha-project-vastrapur-ahmedabad-294586,"The Paratha Project, FF-1, KUNDLINI COMPLEX, NEHRUPARK, OPP. SARDAR CENTRE, VASTRAPUR, AHMEDABAD,,  Ahmedabad Municipal Corporation, Gujarat- 380015",Menu/294586.json
392856,Das Khaman,"Vastrapur,Ahmedabad",4.1,100+ ratings,₹ 200,Snacks,30210601108158,https://www.swiggy.com/restaurants/das-khaman-vastrapur-ahmedabad-392856,"Das Khaman, C/22 Rudra Square Judges Bunglow Char Rasta Bodakdev Ahmedabad",Menu/392856.json
39270,Oven Story Pizza,"Vastrapur,Ahmedabad",4.1,100+ ratings,₹ 400,"Pizzas,Italian",10715026000814,https://www.swiggy.com/restaurants/oven-story-pizza-shop-no-2-hotel-shahi-palace-vastrapur-ahmedabad-39270,"Oven Story Pizza, SHOP NO 2, HOTEL SHAHI PALACE ,VASTRAPUR LAKE, AHMEDABAD,GUJARAT",Menu/39270.json
390556,Shiv Roop Food,"Vastrapur,Ahmedabad",3.4,50+ ratings,₹ 200,"Thalis,Combo",84891718523372,https://www.swiggy.com/restaurants/shiv-roop-food-vastrapur-ahmedabad-390556,"Shiv Roop Food, 09, Ground Floor, JB Towers, Drive In Road,Near sal hospital, Gurukul, Ahmedabad",Menu/390556.json
490310,Urban Express,"Vastrapur,Ahmedabad",--,Too Few Ratings,₹ 500,"Snacks,North Indian",20722038000682,https://www.swiggy.com/restaurants/urban-express-sindhubhavan-road-bodakdev-ahmedabad-490310,"Urban Express, BOGGIE NO. 07,SR.NO 761, BOGGIE CHEFS,B/H ORNET PARK, VILLAGE :- SHILAJ,TA :- DASKROI, DIST :- AHMEDABAD - 380059 ,Thaltej(New West Zone),Ahmedabad Municipal Corporation,Ahmedabad,Gujarat-380059",Menu/490310.json
464390,The House of Makeba,"Vastrapur,Ahmedabad",3.7,20+ ratings,₹ 800,Indian,10721026001216,https://www.swiggy.com/restaurants/the-house-of-makeba-vastrapur-ahmedabad-464390,"The House of Makeba, #2, Sigma Corporates, Sindhubhavan Marg, opp. Courtyard Marriott, Bodakdev, Ahmedabad, Gujarat 380054, India",Menu/464390.json
566187,Faasos' Signature Wraps & Rolls,"Vastrapur,Ahmedabad",--,Too Few Ratings,₹ 350,"Snacks,Beverages",10715026000814,https://www.swiggy.com/restaurants/faasos-signature-wraps-and-rolls-hotel-shahi-palace-vastrapur-ahmedabad-566187,"Faasos' Signature Wraps & Rolls, SHOP NO 2, HOTEL SHAHI PALACE ,VASTRAPUR LAKE, AHMEDABAD, GUJARAT",Menu/566187.json
574916,GJ 25 Kathiyawadi Thali,"Vastrapur,Ahmedabad",--,Too Few Ratings,₹ 200,Indian,20722038002448,https://www.swiggy.com/restaurants/gj-25-kathiyawadi-thali-vastrapur-ahmedabad-574916,"GJ 25 Kathiyawadi Thali, FF-14&15, Manas Complex, Opp. Star Bazar, Jodhpur, Satellite, Ahmedabad, Gujarat-380015",Menu/574916.json
422628,Jay Jhulelal Dal Pakwan,"Vastrapur,Ahmedabad",4.5,50+ ratings,₹ 150,Indian,20721038000578,https://www.swiggy.com/restaurants/jay-jhulelal-dal-pakwan-vastrapur-ahmedabad-422628,"Jay Jhulelal Dal Pakwan, Sudarshan Complex, Judges Bunglow Rd, Suryapooja Block B, Satellite, Ahmedabad, Gujarat 380015, India",Menu/422628.json
71836,Mayur Bhajiya,"Vastrapur,Ahmedabad",4.3,20+ ratings,₹ 250,Beverages,20714038001075,https://www.swiggy.com/restaurants/mayur-bhajiya-gurukul-memnagar-ahmedabad-71836,"Mayur Bhajiya, LL33, C Tower, Indraprasth Tower, Near Drive in Cinema Road, Gurukul, Ahmedabad",Menu/71836.json
429155,falashin juices and Dishes,"Vastrapur,Ahmedabad",4.0,50+ ratings,₹ 200,"Juices,Beverages",10721026001663,https://www.swiggy.com/restaurants/falashin-juices-and-dishes-vastrapur-ahmedabad-429155," falashin juices and Dishes, GF / 16, SUN ORBIT, NR.PANDIT DINDAYAL AUDITORIUM, B/H RAJPATH CLUB, BODAKDEV  , Ahmedabad Municipal Corporation, Ahmedabad Municipal Corporation, Gujarat-380054",Menu/429155.json
156456,The Good Bowl,"Vastrapur,Ahmedabad",4.0,100+ ratings,₹ 400,"North Indian,Punjabi",10715026000814,https://www.swiggy.com/restaurants/the-good-bowl-vastrapur-ahmedabad-156456,"The Good Bowl, SHOP NO 2,HOTEL SHAHI PALACE ,VASTRAPUR LAKE,AHMEDABAD,GUJARAT",Menu/156456.json
458958,Spice dragon,"Vastrapur,Ahmedabad",--,Too Few Ratings,₹ 400,"North Indian,Chinese",10721026001345,https://www.swiggy.com/restaurants/spice-dragon-vastrapur-ahmedabad-458958,"Spice dragon, Shop No. 39, OM Tower, Jyoti Owners Associates, Opp. Bidiwala Park, Near Star Bazar, Jodhpur Char Rasta, Satellite-380015",Menu/458958.json
515531,Akkad Bakkad Bombay Boo,"Vastrapur,Ahmedabad",--,Too Few Ratings,₹ 150,Fast Food,20721037004506,https://www.swiggy.com/restaurants/akkad-bakkad-bombay-boo-vastrapur-ahmedabad-515531,"Akkad Bakkad Bombay Boo, SHOP NO:9, SARDAR CENTER, OPP.NEHRUPARK FOUNDATION, Ahmedabad, Gujarat - 380053",Menu/515531.json
388581,Jain Nashta Post,"Vastrapur,Ahmedabad",--,Too Few Ratings,₹ 200,Indian,20721037001957,https://www.swiggy.com/restaurants/jain-nashta-post-vastrapur-ahmedabad-388581,"Jain Nashta Post, C 804 Iscon Park Opp Star Bazaar Satellite Road Ahmedabad",Menu/388581.json
503307,Ruchi'S Kitchen,"Vastrapur,Ahmedabad",--,Too Few Ratings,₹ 150,"Fast Food,Snacks",20721037005056,https://www.swiggy.com/restaurants/ruchis-kitchen-vastrapur-ahmedabad-503307,"Ruchi'S Kitchen, GF, Iscon Emporio, Near Jodhpur Cross Road, Satellite, Ahmedabad - 380016",Menu/503307.json
524277,Bateel,"Vastrapur,Ahmedabad",--,Too Few Ratings,₹ 1000,"Healthy Food,Snacks",10722026000099,https://www.swiggy.com/restaurants/bateel-vastrapur-ahmedabad-524277,"Bateel, Iscon Emporio, Shop No.134, 1st floor, Beside Star bazar, Satellite Road, Jodhpur Cross Roads Ahmedabad - 380015",Menu/524277.json
126633,New Egg World,"Vastrapur,Ahmedabad",3.9,100+ ratings,₹ 400,"Fast Food,Snacks",20719002000152,https://www.swiggy.com/restaurants/new-egg-world-vastrapur-gurukul-ahmedabad-126633,"New Egg World, Sunrise Center Opp himalaya Mall upto Sales India, Drive in Road, Vastrapur, AMC Zone -2 380052",Menu/126633.json
121189,Jalaram Parotta House,"Vastrapur,Ahmedabad",3.9,100+ ratings,₹ 200,"North Indian,Gujarati",20719034000538,https://www.swiggy.com/restaurants/jalaram-parotta-house-bopal-ambawadi-ahmedabad-121189,"Jalaram Parotta House, satelite road nr. shivranjani cross road opp. bima nagar",Menu/121189.json
306313,MoMo Cafe - Courtyard By Marriott,"Vastrapur,Ahmedabad",--,Too Few Ratings,₹ 1000,"North Indian,Asian",10016021002259,https://www.swiggy.com/restaurants/momo-cafe-courtyard-by-marriott-vastrapur-satellite-ahmedabad-306313,"MoMo Cafe - Courtyard By Marriott, Courtyard By Marriott Satellite Road, Ramdev Nagar, Satellite, Ahmedabad, Gujarat 380015, India",Menu/306313.json
377330,Amritsar De Kulche,"Vastrapur,Ahmedabad",--,Too Few Ratings,₹ 280,Indian,20721037002704,https://www.swiggy.com/restaurants/amritsar-de-kulche-vastrapur-ahmedabad-377330,"Amritsar De Kulche, SHOP NO. 13, GROUND FLOOR, DEV  SHRUSHTI-1, OPP RELIANCE FRESH,  BODAKDEV, AHMEDABAD, Bodakdev ,  Ahmedabad Municipal Corporation,  Ahmedabad Municipal Corporation,  Gujarat - 380054",Menu/377330.json
430490,Raahi Thee Food Talk,"Vastrapur,Ahmedabad",--,Too Few Ratings,₹ 200,"Indian,American",20721037004961,https://www.swiggy.com/restaurants/raahi-thee-food-talk-vastrapur-ahmedabad-430490,"Raahi Thee Food Talk, 411 Nr Atithi Resturant, Bodakdev, Ahmedabad, Gujarat 380054, India",Menu/430490.json
65293,Cafe Soul Square,"Vastrapur,Ahmedabad",--,Too Few Ratings,₹ 850,"American,Continental",10721026000293,https://www.swiggy.com/restaurants/cafe-soul-square-bodakdev-ahmedabad-65293,"Cafe Soul Square, 56, Rajpat Row House, Opposite AIS School, Bodakdev, Ahmedabad",Menu/65293.json
73923,The Butter Kitchen,"Vastrapur,Ahmedabad",3.6,100+ ratings,₹ 250,"Combo,North Indian",10719026000228,https://www.swiggy.com/restaurants/the-butter-kitchen-vastrapur-memnagar-ahmedabad-73923,"The Butter Kitchen, 316, Gala Empire, Opposite Doordarshan Tower, Drive In Road, Thaltej, Ahmedabad",Menu/73923.json
434633,Urban Chai,"Vastrapur,Ahmedabad",--,Too Few Ratings,₹ 150,"Indian,Snacks",10721026002294,https://www.swiggy.com/restaurants/urban-chai-vastrapur-ahmedabad-434633,"Urban Chai, 24,groundfloor,Advait Complex, Sandesh Press Rd, Vastrapur, Ahmedabad, Gujarat 380015, India",Menu/434633.json
432334,Chula Matka Biryani Kitchen,"Vastrapur,Ahmedabad",--,Too Few Ratings,₹ 400,Biryani,20721037004229,https://www.swiggy.com/restaurants/chula-matka-biryani-kitchen-vastrapur-ahmedabad-432334,"Chula Matka Biryani Kitchen, G.F, Shop no.13,Super Plaza NR: Sandesh Press,Vastrapur Ahmedabad 380054 , Thaltej Road , Ahmedabad Municipal Corporation, Ahmedabad Municipal Corporation, Gujarat-380054",Menu/432334.json
436813,Urbanspoon Kitchen,"Vastrapur,Ahmedabad",--,Too Few Ratings,₹ 300,"Indian,Combo",10721026001738,https://www.swiggy.com/restaurants/urbanspoon-kitchen-vastrapur-ahmedabad-436813,"Urbanspoon Kitchen, 1 Devpreet Complex, Lion Circle, opp. WIAA NFD, Bodakdev, Ahmedabad, Gujarat 380054, India",Menu/436813.json
286625,Biryani Kitchen & Bengali Sweet,"Vastrapur,Ahmedabad",3.7,50+ ratings,₹ 250,"Biryani,Tandoor",20720027000009,https://www.swiggy.com/restaurants/biryani-kitchen-and-bengali-sweet-sandesh-press-road-bodakdev-vastrapur-ahmedabad-286625,"Biryani Kitchen & Bengali Sweet, Tuli's Restaurant, Shop No, 7-13, Ground Floor, Super Plaza,Opp. Neeldeep Appartment, Sandesh Press Road, Bodakdev, Ahmedabad",Menu/286625.json
524359,Bittu Da Dhaba,"Vastrapur,Ahmedabad",--,Too Few Ratings,₹ 600,"Snacks,Indian",20722038001363,https://www.swiggy.com/restaurants/bittu-da-dhaba-vastrapur-ahmedabad-524359,"Bittu Da Dhaba, Shop No. 6, Sagar Complex, Near Sutirath Apartment, O/S Vastrapur Gam, Opposite Talav, Vastrapur, Vastrapur, Ahmedabad, Gujarat 380052, India",Menu/524359.json
359806,Grameen Kulfi,"Vastrapur,Ahmedabad",4.6,100+ ratings,₹ 120,"Ice Cream,Desserts",10722026000843,https://www.swiggy.com/restaurants/grameen-kulfi-vastrapur-ahmedabad-359806,"Grameen Kulfi, Shop No.12, Ground floor, Galaxy Bazar, Opp. Sunrise Park Bunglow, Vastrapur, Ahmedabad-380015",Menu/359806.json
317892,Gwalia Sweets & Restaurant,"Vastrapur,Ahmedabad",4.1,20+ ratings,₹ 450,"Sweets,North Indian",license,https://www.swiggy.com/restaurants/gwalia-sweets-and-restaurant-vastrapur-bodakdev-ahmedabad-317892,"Gwalia Sweets & Restaurant, Gwalia Sweets Pvt Ltd  Maan Party Plot, Sindhu Bhavan Road, Bodakdev, Ahmedabad 380054",Menu/317892.json
409355,D Cafe,"Vastrapur,Ahmedabad",--,Too Few Ratings,₹ 200,Indian,10721026001226,https://www.swiggy.com/restaurants/d-cafe-vastrapur-thaltej-ahmedabad-409355,"D Cafe, Optimize elegance, Opp. the grand bhagvati hotel, Near the Ginger hotel, Thaltej, Ahmedabad, Gujarat",Menu/409355.json
194951,Kake Di Hatti,"Vastrapur,Ahmedabad",4.2,20+ ratings,₹ 800,"Beverages,North Indian",20719037003109,https://www.swiggy.com/restaurants/kake-di-hatti-bodakdev-thaltej-ahmedabad-194951,"Kake Di Hatti, FF 08,A-Block, Time square Arcade-2, Nr. Avlon         Hotel,Opp.Mann Party Plot,Bodakdev, Ahmedabad-380059",Menu/194951.json
126626,Mahalaxmi Bhajipav And Pulav Center (Sbr),"Vastrapur,Ahmedabad",4.2,100+ ratings,₹ 300,Street Food,20720038000134,https://www.swiggy.com/restaurants/mahalaxmi-bhajipav-and-pulav-center-sbr-vastrapur-bodakdev-ahmedabad-126626,"Mahalaxmi Bhajipav And Pulav Center (Sbr), Nukkad food park,opp.atithi dining hall, Judges bunglow road,bodakdev",Menu/126626.json
549547,Vipul Dudhiya Sweets,"Vastrapur,Ahmedabad",--,Too Few Ratings,₹ 400,"Bakery,Sweets",10721026001545,https://www.swiggy.com/restaurants/vipul-dudhiya-sweets-vastrapur-ahmedabad-549547,"Vipul Dudhiya Sweets, A-7 Ground floor devaditya arcade opp bagban party plot ahmedabad gujarat 380054",Menu/549547.json
380885,Urban Foods,"Vastrapur,Ahmedabad",--,Too Few Ratings,₹ 100,"North Indian,Punjabi",20718001000208,https://www.swiggy.com/restaurants/urban-foods-vastrapur-ahmedabad-380885,"Urban Foods, Shop no 3,umiya vljay complex, Shivranjani, Ahmedabad  380015",Menu/380885.json
477439,Healthy Calories,"Vastrapur,Ahmedabad",--,Too Few Ratings,₹ 300,"Healthy Food,Juices",20719037004130,https://www.swiggy.com/restaurants/healthy-calories-vastrapur-ahmedabad-477439,"Healthy Calories, Shop No: 12, Mangaljyoth Appt. Opp Venus Ivy, off to Jodhpur village Road, Jodhpur Cross Road",Menu/477439.json
575905,Desii delicious,"Vastrapur,Ahmedabad",--,Too Few Ratings,₹ 300,Indian,20722038002438,https://www.swiggy.com/restaurants/desii-delicious-vastrapur-ahmedabad-575905,"Desii delicious, L-1, Desii delicious, neeldeep complex, Nehru Park, Mahavir Nagar society, Vastrapur, Ahmedabad, Gujarat 380015, India",Menu/575905.json
369725,The Nourish Multi-Cusine Restaurants,"Vastrapur,Ahmedabad",--,Too Few Ratings,₹ 200,"Pizzas,Pastas",10722026000580,https://www.swiggy.com/restaurants/the-nourish-multi-cusine-restaurants-vastrapur-bodakdev-ahmedabad-369725,"The Nourish Multi-Cusine Restaurants, 2, RANGIN PARK SOCIETY, OPP. RAJPATH CLUB, S.G.HIGHWAY, BODAKDEV, AHMEDABAD.380054",Menu/369725.json
160975,Santosh Fast Food,"Vastrapur,Ahmedabad",--,Too Few Ratings,₹ 200,"Fast Food,Snacks",20718038000472,https://www.swiggy.com/restaurants/santosh-fast-food-vastrapur-ahmedabad-160975,"Santosh Fast Food, B/6- SHREEJI TOWER, DRIVE IN ROAD, VASTRAPUR, AHMEDABAD-54, AHMEDABAD MUNICIPAL CORPORATION (GUJARAT)-380054",Menu/160975.json
100010,Coffee Culture,"Vastrapur,Ahmedabad",4.6,20+ ratings,₹ 350,"Pizzas,Pastas",10721026000846,https://www.swiggy.com/restaurants/coffee-culture-sindhu-bhavan-marg-bodakdev-ahmedabad-100010,"Coffee Culture, 3rd floor, Shilp epitome, off, Sindhubhavan Marg, Ahmedabad, Gujarat 380059",Menu/100010.json
465349,Shree Jay Ambe Bhajipav & Chinese,"Vastrapur,Ahmedabad",--,Too Few Ratings,₹ 200,"Street Food,Chinese",20721038002151,https://www.swiggy.com/restaurants/shree-jay-ambe-bhajipav-and-chinese-vastrapur-ahmedabad-465349,"Shree Jay Ambe Bhajipav & Chinese, Near zodiac arish opp sundarvan prernathirth ?????? Satellite Rd, Satellite, Ahmedabad, Gujarat 380015, India",Menu/465349.json
207651,Makhni Brothers,"Vastrapur,Ahmedabad",3.7,500+ ratings,₹ 350,"North Indian,Kebabs",10721026000395,https://www.swiggy.com/restaurants/makhni-brothers-vastrapur-bodakdev-ahmedabad-207651,"Makhni Brothers, Prime Plaza, Bodakdev, Ahmedabad, Gujarat",Menu/207651.json
434629,Meal station,"Vastrapur,Ahmedabad",3.5,100+ ratings,₹ 200,"Thalis,Punjabi",10721026002294,https://www.swiggy.com/restaurants/meal-station-vastrapur-ahmedabad-434629,"Meal station, 24, Advait Complex, Nr. Sandesh Press Opp. Soham Tower, Vastrapur, Ahmedabad, Gujarat 380054, India",Menu/434629.json
297640,Noodle Co.(Drive In),"Vastrapur,Ahmedabad",--,Too Few Ratings,₹ 200,Indian,10719026001503,https://www.swiggy.com/restaurants/noodle-co-drive-in-vastrapur-gurukul-ahmedabad-297640,"Noodle Co.(Drive In), G/F,SWAMINI	COMPLEX, OPP DRIVE IN CINEMA, BODAKDEV,, Ahmedabad-380054",Menu/297640.json
225064,Havmor Ice Cream,"Vastrapur,Ahmedabad",3.6,20+ ratings,₹ 200,"Ice Cream,Desserts",20719033000168,https://www.swiggy.com/restaurants/havmor-ice-cream-prahlad-nagar-satellite-ahmedabad-225064,"Havmor Ice Cream, Ground Floor, Revati Tower, Ramdev Nagar, Satellite, Ahmedabad,Prahlad Nagar,Ahmedabad",Menu/225064.json
524136,Mr. Singh's Tandoori Hut(100% pure veg),"Vastrapur,Ahmedabad",--,Too Few Ratings,₹ 250,"North Indian,Chinese",20722038000787,https://www.swiggy.com/restaurants/mr-singhs-tandoori-hut-100-pure-veg-vastrapur-ahmedabad-524136,"Mr. Singh's Tandoori Hut(100% pure veg), Gf- 8, Hirak Center, Nehru Park, Vastrapur, Ahmedabad, Gujarat 380015, India",Menu/524136.json
320942,Bhojanam,"Vastrapur,Ahmedabad",4.0,100+ ratings,₹ 199,"Combo,Thalis",10720026000813,https://www.swiggy.com/restaurants/bhojanam-vastrapur-memnagar-ahmedabad-320942,"Bhojanam, C/o Ginger Hotel Drive in, Behind Himalay Mall,   Drive in Road, ahmedabad",Menu/320942.json
320943,Dial A Biryani,"Vastrapur,Ahmedabad",--,Too Few Ratings,₹ 350,"North Indian,Biryani",10720026000813,https://www.swiggy.com/restaurants/dial-a-biryani-vastrapur-memnagar-ahmedabad-320943,"Dial A Biryani, C/o Ginger Hotel Drive in, Behind Himalay Mall,   Drive in Road, ahmedabad,308852",Menu/320943.json
380873,TGB Cafe N Bakery,"Vastrapur,Ahmedabad",4.5,20+ ratings,₹ 400,"Bakery,Snacks",20719002000834,https://www.swiggy.com/restaurants/tgb-cafe-n-bakery-vastrapur-ahmedabad-380873,"TGB Cafe N Bakery, 37, Rudra Square Opp. Hotel Pride, JBR, BodekDev. Ahmedabad",Menu/380873.json
479502,Ronee'S Coffee,"Vastrapur,Ahmedabad",--,Too Few Ratings,₹ 300,Beverages,20721038000359,https://www.swiggy.com/restaurants/ronees-coffee-vastrapur-ahmedabad-479502,"Ronee'S Coffee, SHOP NO C/G/F/4, GALAXY TOWER NEAR TGB SARKHEJ GANDHI NAGAR HIGHWAY,  OPPOSITV C54 CENTURY TOWERS, BODAKDEV, AHMEDABAD,GUJARAT 380054 , Ahmedabad .  ,  Ahmedabad Municipal Corporation, Ahmedabad  3800",Menu/479502.json
161829,Green Blood Juice Center,"Vastrapur,Ahmedabad",--,Too Few Ratings,₹ 150,Juices,20719037002934,https://www.swiggy.com/restaurants/green-blood-juice-center-azad-garden-ambawadi-ahmedabad-161829,"Green Blood Juice Center, 1-8, Puja apartment Near himmatlal park Opp. Shanti junior school, Ahmedabad",Menu/161829.json
518817,House Of Candy,"Vastrapur,Ahmedabad",--,Too Few Ratings,₹ 400,"Desserts,Sweets",20721037006190,https://www.swiggy.com/restaurants/house-of-candy-vastrapur-ahmedabad-518817,"House Of Candy, Hamleys-Alpha One Ahmedab, Alpha One Store No 2C FP-216, Vastarpur Lake. ,Vastral(East Zone), Ahmedabad Municipal Corporation, Ahmedabad, Gujarat - 380054",Menu/518817.json
419255,Wakka Makka Chinese,"Vastrapur,Ahmedabad",3.6,100+ ratings,₹ 250,"Chinese,Asian",20721037005047,https://www.swiggy.com/restaurants/wakka-makka-chinese-vastrapur-ahmedabad-419255,"Wakka Makka Chinese, 17, G.F. Mangal-Society, Opp-AristoVille, Jodhpur Char Rasta, Satellite. Ahmedabad, Ahmedabad Municipal Corporation, Ahmedabad, , Gujarat",Menu/419255.json
507160,Olio Pizzeria,"Vastrapur,Ahmedabad",4.8,20+ ratings,₹ 200,"Pizzas,Continental",20721038001935,https://www.swiggy.com/restaurants/olio-pizzeria-vastrapur-vastrapur-lake-ahmedabad-507160,"Olio Pizzeria, 2 kundlini complex, above fresh n fresh, Vastrapur circle, Vastrapur, Ahmedabad, Gujarat",Menu/507160.json
36760,Momoman- Gurukul,"Vastrapur,Ahmedabad",3.9,100+ ratings,₹ 250,Chinese,10719026001503,https://www.swiggy.com/restaurants/momoman-gurukul-gurukul-ahmedabad-36760,"Momoman- Gurukul, Ground Floor, Swamini Complex, Besides HDFC bank, Drive In Road, Gurukul, Ahmedabad",Menu/36760.json
306737,Nanking Express,"Vastrapur,Ahmedabad",4.1,20+ ratings,₹ 200,Indian,10718026000248,https://www.swiggy.com/restaurants/nanking-express-vastrapur-ahmedabad-306737,"Nanking Express, TF-FS-8,ALPHAONEMALL,NR.  VASTRAPUR  LAKE,VASTRAPUR,,  Ahmedabad,  Netambit  -  380054",Menu/306737.json
409978,Prince Snacks & South Indian,"Vastrapur,Ahmedabad",2.7,20+ ratings,₹ 200,"Snacks,South Indian",20721038000860,https://www.swiggy.com/restaurants/prince-snacks-and-south-indian-vastrapur-ahmedabad-409978,"Prince Snacks & South Indian, 4,G, MAHAKALI SHOPS & APARTMENT ,OPP. POLICE CHAWKY, JUDGE BUNGLOWS AREA , BODAKDEV,AHMEDABAD, Gujarat - 380052",Menu/409978.json
577150,Family  that cooks,"Vastrapur,Ahmedabad",--,Too Few Ratings,₹ 300,Pizzas,20722038002083,https://www.swiggy.com/restaurants/family-that-cooks-vastrapur-ahmedabad-577150,"Family  that cooks, no 12 sumeru bunglows near sarthi hotel vastrapur road ahmedabad",Menu/577150.json
65764,The Grand Thakar,"Vastrapur,Ahmedabad",4.2,100+ ratings,₹ 500,"Gujarati,Indian",10718026000412,https://www.swiggy.com/restaurants/the-grand-thakar-satellite-ramdev-nagar-ahmedabad-65764,"The Grand Thakar, Above Vijay Sales, Iskon Crossroads, Satellite, Ahmedabad",Menu/65764.json
512751,Curry Up,"Vastrapur,Ahmedabad",4.3,20+ ratings,₹ 400,North Indian,20717038000156,https://www.swiggy.com/restaurants/curry-up-vastrapur-ahmedabad-512751,"Curry Up, Shop 1, First Floor, Manas Complex, Opposite Ratnamani Tower, Near Jodhpur Cross Roads, Satellite",Menu/512751.json
264213,Falafel Wala,"Vastrapur,Ahmedabad",--,Too Few Ratings,₹ 300,Snacks,20720034001167,https://www.swiggy.com/restaurants/falafel-wala-vastrapur-gurukul-ahmedabad-264213,"Falafel Wala, GF20, GALAXY BAZAR, OPP Sunrise Park, VASTRAPUR, Ahmedabad, Gujarat 380054, India",Menu/264213.json
555243,the crazy bite,"Vastrapur,Ahmedabad",--,Too Few Ratings,₹ 200,"Pizzas,Chinese",20722037000493,https://www.swiggy.com/restaurants/the-crazy-bite-vastrapur-ahmedabad-555243,"the crazy bite, Shop no 7&8, Himalaya Arcade Lake, opp. Vastrapur, Vastrapur Gam, Vastrapur, Ahmedabad, Gujarat 380015, India",Menu/555243.json
523644,Jay Neelkanth Tea Stall,"Vastrapur,Ahmedabad",--,Too Few Ratings,₹ 200,"Snacks,Beverages",20721038000006,https://www.swiggy.com/restaurants/jay-neelkanth-tea-stall-vastrapur-ahmedabad-523644,"Jay Neelkanth Tea Stall, A-15/Himalaya arcade,Opp-Vastrapur lake,vastrapur,Ahmedabad,Gujarat-380015",Menu/523644.json
558634,Fruit Vroot,"Vastrapur,Ahmedabad",--,Too Few Ratings,₹ 300,"Healthy Food,Beverages",20722038002175,https://www.swiggy.com/restaurants/fruit-vroot-vastrapur-ahmedabad-558634,"Fruit Vroot, Unnamed, 2GQH+VXQ, Gurukul Rd, Vastrapur, Ahmedabad, Gujarat 380052, India",Menu/558634.json
518058,Kathiyawadi moj,"Vastrapur,Ahmedabad",2.9,20+ ratings,₹ 250,"Gujarati,Snacks",20722038000500,https://www.swiggy.com/restaurants/kathiyawadi-moj-vastrapur-ahmedabad-518058,"Kathiyawadi moj, Shop 66, First Floor, Sardar Center, Opposite Vastrapur Lake, Vastrapur, Ahmedabad",Menu/518058.json
149576,Punjab Paratha Zone,"Vastrapur,Ahmedabad",4.0,100+ ratings,₹ 200,North Indian,license,https://www.swiggy.com/restaurants/punjab-paratha-zone-bodakdev-satellite-ahmedabad-149576,"Punjab Paratha Zone, Shop 4, Balaji Plaza, Judges Bungalow Road, Bodakdev, Ahmedabad",Menu/149576.json
433728,La Pino'Z Pizza,"Vastrapur,Ahmedabad",3.9,100+ ratings,₹ 400,"Pizzas,Pastas",10721026001143,https://www.swiggy.com/restaurants/la-pinoz-pizza-ghatlodia-hebatpur-road-thaltej-ahmedabad-433728,"La Pino'Z Pizza, 2, Westface, Hebatpur Road, Near Baghban Party Plot, Thaltej, Ahmedabad",Menu/433728.json
394715,Hyderabadi Biryani,"Vastrapur,Ahmedabad",--,Too Few Ratings,₹ 200,"Biryani,Indian",20721037004160,https://www.swiggy.com/restaurants/hyderabadi-biryani-bodakdev-vastrapur-ahmedabad-394715,"Hyderabadi Biryani, FF-4/5/6, KRISHNA COMPLEX,OPP DEVASHISH MALL,BODAKDEV,AHMEDABAD-380054",Menu/394715.json
489889,Chhonk,"Vastrapur,Ahmedabad",--,Too Few Ratings,₹ 300,"Biryani,Mughlai",10722026000023,https://www.swiggy.com/restaurants/chhonk-vastrapur-ahmedabad-489889,"Chhonk, Unit No:- 214, Second Floor, Gala Empire, Opp. Doordarshan Center, Opp. TV Tower, Drive in Road, Thaltej, Ahmedabad, Gujarat-380059",Menu/489889.json
243878,Paratha Hub,"Vastrapur,Ahmedabad",--,Too Few Ratings,₹ 300,Indian,20719033000619,https://www.swiggy.com/restaurants/paratha-hub-vastrapur-ahmedabad-243878,"Paratha Hub, shop 6 neeldeep complex , Lad Society Rd, Vastrapur, Ahmedabad, Gujarat 380015, India",Menu/243878.json
542291,Nothing Before Coffee,"Vastrapur,Ahmedabad",--,Too Few Ratings,₹ 200,"Beverages,Fast Food",20722038001793,https://www.swiggy.com/restaurants/nothing-before-coffee-vastrapur-ahmedabad-542291,"Nothing Before Coffee, G.F-20,GALAXY BAZAR ,OPP SUNRISE PARK,NR GOPINATH SOC OPP HIMALAYA MALL,380015",Menu/542291.json
197766,Belgian Waffles,"Vastrapur,Ahmedabad",3.4,20+ ratings,₹ 300,"Snacks,Desserts",20719037005594,https://www.swiggy.com/restaurants/belgian-waffles-vastrapur-memnagar-ahmedabad-197766,"Belgian Waffles, A-801, INDRAPRATH TOWER, NR HIMALYA MALL, Drive In Rd, Ahmedabad, Gujarat 380052",Menu/197766.json
304680,Frankie Station - Himalaya Mall,"Vastrapur,Ahmedabad",--,Too Few Ratings,₹ 250,Beverages,20721038001522,https://www.swiggy.com/restaurants/frankie-station-himalaya-mall-vastrapur-gota-ahmedabad-304680,"Frankie Station - Himalaya Mall, Sukan Gold, New SG Rd, opposite Dev Residency, Gota, Ahmedabad, Gujarat 382481, India",Menu/304680.json
419306,Hot Lee Chinese,"Vastrapur,Ahmedabad",3.8,100+ ratings,₹ 250,"Chinese,Asian",license,https://www.swiggy.com/restaurants/hot-lee-chinese-vastrapur-ahmedabad-419306,"Hot Lee Chinese, 17, G.F. Mangal-Society, Opp-AristoVille, Jodhpur Char Rasta, Satellite. Ahmedabad, Ahmedabad Municipal Corporation, Ahmedabad, , Gujarat,",Menu/419306.json
326350,Balista,"Vastrapur,Ahmedabad",3.3,20+ ratings,₹ 300,"American,Jain",20721037004862,https://www.swiggy.com/restaurants/balista-vastrapur-thaltej-ahmedabad-326350,"Balista, 12A Times square arcade 2 Near Avalon hotel Bodakdev Ahmedabad 380059",Menu/326350.json
354020,Sandwich N Shakes,"Vastrapur,Ahmedabad",2.5,20+ ratings,₹ 100,"Snacks,Beverages",20718001000208,https://www.swiggy.com/restaurants/sandwich-n-shakes-vastrapur-ambawadi-ahmedabad-354020,"Sandwich N Shakes, Shop No 3, Umiya Vijay Complex, Opposite Vodafone Store, Shivranjni Ahemdabad 380015",Menu/354020.json
76424,Sasuma,"Vastrapur,Ahmedabad",4.0,100+ ratings,₹ 100,"Gujarati,Snacks",20718038000474,https://www.swiggy.com/restaurants/sasuma-vastrapur-ahmedabad-76424,"Sasuma, Sailabh Complex, Opposite Sanjivani Hospital, Vastrapur, Ahmedabad",Menu/76424.json
493904,Baba Ande Ka Fanda,"Vastrapur,Ahmedabad",--,Too Few Ratings,₹ 500,North Indian,20722038000670,https://www.swiggy.com/restaurants/baba-ande-ka-fanda-bopal-ahmedabad-493904,"Baba Ande Ka Fanda, Ambli-Bhopal road,b/h Iscon Temple,  Opp.Vikramnagar, Nr. Newyork Timber,,  Sarkhej(New West Zone), Ahmedabad  Municipal Corporation, Ahmedabad,  Gujarat - 380058",Menu/493904.json
36763,Amazing Hydrabadi Dum Biryani,"Vastrapur,Ahmedabad",4.1,100+ ratings,₹ 700,"Biryani,North Indian",20719034001924,https://www.swiggy.com/restaurants/amazing-hydrabadi-dum-biryani-bodakdev-gurukul-ahmedabad-36763,"Amazing Hydrabadi Dum Biryani, Amazing hyderabadi Dum biryani,Shop no. 22 Upper level,Sunrise Shopping centre,Opp Drive in cinema ,Opp Indraprasath complex,ahmedabad",Menu/36763.json
512864,William John's Pizza Superlative,"Vastrapur,Ahmedabad",--,Too Few Ratings,₹ 400,"Pizzas,Italian",10722026000375,https://www.swiggy.com/restaurants/william-johns-pizza-superlative-vastrapur-ahmedabad-512864,"William John's Pizza Superlative, FF1, Shapath 3, Nr. GNFC Tower, SG Road, Bodakdev, Ahmedabad - 380054",Menu/512864.json
420648,Brown Butter,"Vastrapur,Ahmedabad",3.9,20+ ratings,₹ 600,"Desserts,Beverages",10721026001456,https://www.swiggy.com/restaurants/brown-butter-vastrapur-ahmedabad-420648,"Brown Butter, 4, Shivalik Avenue, Nr Nirma VidhyaVihar, Bodakdev, Ahmedabad",Menu/420648.json
37733,Sweet Truth - Cake and Desserts,"Vastrapur,Ahmedabad",4.3,50+ ratings,₹ 450,"Ice Cream,Bakery",10715026000814,https://www.swiggy.com/restaurants/sweet-truth-cake-and-desserts-hotel-shahi-palace-vastrapur-ahmedabad-37733,"Sweet Truth - Cake and Desserts, SHOP NO 2, HOTEL SHAHI PALACE ,VASTRAPUR LAKE, AHMEDABAD, GUJARAT",Menu/37733.json
566024,Wetalk Juice World,"Vastrapur,Ahmedabad",--,Too Few Ratings,₹ 300,"Juices,Beverages",20722030001121,https://www.swiggy.com/restaurants/wetalk-juice-world-kalawad-road-vastrapur-ahmedabad-566024,"Wetalk Juice World, 6, Sardar Centre, Opp. Vastrapur Lake, Nehru Park, Vastrapur, Ahmedabad",Menu/566024.json
405368,New German Waffles & Co,"Vastrapur,Ahmedabad",--,Too Few Ratings,₹ 200,"Beverages,Desserts",20721037002454,https://www.swiggy.com/restaurants/new-german-waffles-and-co-prahlad-nagar-jodhpur-cross-road-ahmedabad-405368,"New German Waffles & Co, 15 G.F Mangal Jyot Society, Opp. Aristo Ville, Rajshree Flat, Jodhpur Cross Road, Satellite, Ahmedabad, Gujarat, 380015",Menu/405368.json
59090,Saffron,"Vastrapur,Ahmedabad",4.0,20+ ratings,₹ 700,North Indian,10718026000677,https://www.swiggy.com/restaurants/saffron-near-pakwan-char-rasta-bodakdev-ahmedabad-59090,"Saffron, 101, Silver Radiance, Near Pakwan Char Rasta, Sindhubhavan Road, Bodakdev, Ahmedabad",Menu/59090.json
65412,Jay Bhole Vadapav,"Vastrapur,Ahmedabad",--,Too Few Ratings,₹ 200,Snacks,44406880081442,https://www.swiggy.com/restaurants/jay-bhole-vadapav-vastrapur-ahmedabad-65412,"Jay Bhole Vadapav, 11, Kalyan Tower, Opp. Alpha one Mall, Nr. Vastrapur Lake, Vastrapur, Ahmedabad",Menu/65412.json
475372,Agarwal Mithai Bhandar,"Vastrapur,Ahmedabad",4.4,50+ ratings,₹ 200,"Sweets,Snacks",10718026000188,https://www.swiggy.com/restaurants/agarwal-mithai-bhandar-vastrapur-ahmedabad-475372,"Agarwal Mithai Bhandar, Shop no C/G/F/4, Galaxy tower Near TGB Sarkhej Gandhi Nagar Highway, opposite C54 Century Towers, Bodakdev, Ahmedabad, Gujarat 380054, India",Menu/475372.json
434927,Hinglaj Daal Vada,"Vastrapur,Ahmedabad",--,Too Few Ratings,₹ 150,"Street Food,Indian",license,https://www.swiggy.com/restaurants/hinglaj-daal-vada-vastrapur-ahmedabad-434927,"Hinglaj Daal Vada, Shop No. 2, Super Plaza Complex, Near, Sandesh Press Rd, opp. Prakash High School, Vastrapur, Kubernagar B A , Ahmedabad City, Ahmedabad Municipal Corporation, Gujarat, 380015",Menu/434927.json
523658,Tfp Eatery By The Frying Pan,"Vastrapur,Ahmedabad",--,Too Few Ratings,₹ 300,"Italian,American",20722038000675,https://www.swiggy.com/restaurants/tfp-eatery-by-the-frying-pan-vastrapur-ahmedabad-523658,"Tfp Eatery By The Frying Pan, OUTLET 2,OUTSIDE HIMALAYA MALL,HIMALAYA MALL,DRIVE IN ROAD,NR NILMANI SOCIETY,AHMEDABAD-380052",Menu/523658.json
524506,Popcorn & Company,"Vastrapur,Ahmedabad",--,Too Few Ratings,₹ 100,Snacks,20721037003997,https://www.swiggy.com/restaurants/popcorn-and-company-vastrapur-ahmedabad-524506,"Popcorn & Company, C - 139, Ashok Nagar Society, b/h Sundarvan, Jodhpur Tekra, Satellite, Ahmedabad, Gujarat - 380015",Menu/524506.json
564092,Rajkot Gathiya,"Vastrapur,Ahmedabad",--,Too Few Ratings,₹ 150,"Indian,Snacks",20722038002130,https://www.swiggy.com/restaurants/rajkot-gathiya-vastrapur-iscon-satellite-ahmedabad-564092,"Rajkot Gathiya, SHOP-2,SURMOUNT, OPP ISKON MALL,S.G.HIGHWAY,THALTEJ, AHEMDABAD 380054",Menu/564092.json
380893,Mealbox,"Vastrapur,Ahmedabad",--,Too Few Ratings,₹ 100,"North Indian,Chinese",20718001000208,https://www.swiggy.com/restaurants/mealbox-vastrapur-ahmedabad-380893,"Mealbox, shop no 3 umiya vijay complex shivranjani ahmedabad",Menu/380893.json
301180,PVR Cafe,"Vastrapur,Ahmedabad",--,Too Few Ratings,₹ 300,"Snacks,Fast Food",10717026000427,https://www.swiggy.com/restaurants/pvr-cafe-pvr-acropolis-ahemdabad-thaltej-ahmedabad-301180,"PVR Cafe, 2nd Floor Acropolis Mall, Cross Road, Sarkhej - Gandhinagar Highway, A/604, Drive In Rd, Thaltej, Ahmedabad, Gujarat 380059",Menu/301180.json
455979,Panipuri Street,"Vastrapur,Ahmedabad",--,Too Few Ratings,₹ 100,"Snacks,Beverages",20721037004469,https://www.swiggy.com/restaurants/panipuri-street-vastrapur-ahmedabad-455979,"Panipuri Street, Shop no 2 , Sankalp appartment, near nri tower , bodakdev, ahmedabad, 380054",Menu/455979.json
82098,Shiv Food Service,"Vastrapur,Ahmedabad",--,Too Few Ratings,₹ 200,Indian,20721038000352,https://www.swiggy.com/restaurants/shiv-food-service-bodakdev-vastrapur-ahmedabad-82098,"Shiv Food Service, 3, Suit Complex, Behind Reliance Jewels, Opposite Payal Flats, Mansi Circle, Bodakdev, Ahmedabad",Menu/82098.json
36753,7 Days,"Vastrapur,Ahmedabad",--,Too Few Ratings,₹ 250,"Indian,Fast Food",license,https://www.swiggy.com/restaurants/7-days-gurukul-ahmedabad-36753,"7 Days, GF-6, Yogi Complex,Drive in Road Near TV Tower, Gurukul, Ahmedabad",Menu/36753.json
568335,M.J Kitchen,"Vastrapur,Ahmedabad",--,Too Few Ratings,₹ 200,"North Indian,Thalis",20722038002410,https://www.swiggy.com/restaurants/m-j-kitchen-vastrapur-ahmedabad-568335,"M.J Kitchen, 03 Gopi Complex Bhaikaka Nagar Near  Anand Complex Thaltej Ahmedabad,  Thaltej(New West Zone), Ahmedabad  Municipal Corporation, Ahmedabad,  Gujarat - 380052",Menu/568335.json
508483,Pressman's Sandwiches,"Vastrapur,Ahmedabad",--,Too Few Ratings,₹ 350,Biryani,10722026000363,https://www.swiggy.com/restaurants/pressmans-sandwiches-vastrapur-experience-centre-ahmedabad-508483,"Pressman's Sandwiches, """"""001A, GROUND FLOOR, ELANZA VERTEX, MOUJE BODAKDEV, Ahmedabad Municipal Corporation, Ahmedabad, Gujarat-380054""""""",Menu/508483.json
231512,Vadilal Ice Creams,"Vastrapur,Ahmedabad",4.4,20+ ratings,₹ 200,Ice Cream,20722038002057,https://www.swiggy.com/restaurants/vadilal-ice-creams-prahlad-nagar-vastrapur-ahmedabad-231512,"Vadilal Ice Creams, GF 7, SAMAN COMPLEX, JODHPUR, SATELLITE",Menu/231512.json
36757,Radhika'S Authentic South Indian Food,"Vastrapur,Ahmedabad",4.2,100+ ratings,₹ 250,South Indian,license,https://www.swiggy.com/restaurants/radhikas-authentic-south-indian-food-gurukul-memnagar-ahmedabad-36757,"Radhika'S Authentic South Indian Food, Ground floor,Panchali chambers,opposite Asia school,Drive in road,Ahmedabad 380054.",Menu/36757.json
431781,Crazy Noodles - Sindhu Bhavan Road,"Vastrapur,Ahmedabad",--,Too Few Ratings,₹ 500,"Chinese,Pan-Asian",10721026001932,https://www.swiggy.com/restaurants/crazy-noodles-sindhu-bhavan-road-vastrapur-thaltej-bodakdev-ahmedabad-431781,"Crazy Noodles - Sindhu Bhavan Road, GF 12, Times Square Arcade II Near Hotel Avalon, Off Sindhu Bhawan Road Bodakdev, Ahmedabad 380054",Menu/431781.json
36758,Puffizza,"Vastrapur,Ahmedabad",4.1,100+ ratings,₹ 400,"Pizzas,Italian",10719026001201,https://www.swiggy.com/restaurants/puffizza-gurukul-memnagar-ahmedabad-36758,"Puffizza, 103, Kairos, Opposite Mahatma Gandhi Labour Institute, Drive In Road, Gurukul, Ahmedabad",Menu/36758.json
327658,Amritsari Food Junction,"Vastrapur,Ahmedabad",3.9,20+ ratings,₹ 250,South Indian,10718026000699,https://www.swiggy.com/restaurants/amritsari-food-junction-vastrapur-memnagar-ahmedabad-327658,"Amritsari Food Junction , shop, 4/5 drive in shopping centre, nr drive in cinema, thaltej vastrapur 380054",Menu/327658.json
411954,The Chess Cafe,"Vastrapur,Ahmedabad",--,Too Few Ratings,₹ 400,"Chinese,Continental",20721038000784,https://www.swiggy.com/restaurants/the-chess-cafe-vastrapur-ahmedabad-411954,"The Chess Cafe, Advait Complex, Sandesh Press Rd, Vastrapur, Ahmedabad, Gujarat 380015, India",Menu/411954.json
241674,The Healthy Stove,"Vastrapur,Ahmedabad",3.7,1K+ ratings,₹ 200,"North Indian,Healthy Food",20719034001813,https://www.swiggy.com/restaurants/the-healthy-stove-vastrapur-ahmedabad-241674,"The Healthy Stove, FF-1, KUNDLINI COMPLEX, NEHRUPARK, OPP. SARDAR CENTRE, VASTRAPUR, AHMEDABAD,,  Ahmedabad Municipal Corporation, Gujarat- 380015",Menu/241674.json
47998,Stop And Go,"Vastrapur,Ahmedabad",--,Too Few Ratings,₹ 450,"Indian,Chinese",20718034000668,https://www.swiggy.com/restaurants/stop-and-go-bodakdev-ahmedabad-47998,"Stop And Go, Auda Stall, Near Gurudwara, S. G. Highway, Bodakdev, Ahmedabad",Menu/47998.json
114202,Jai Nageshwari Pauva And Fast Food,"Vastrapur,Ahmedabad",--,Too Few Ratings,₹ 250,"Fast Food,Snacks",20719038000108,https://www.swiggy.com/restaurants/jai-nageshwari-pauva-and-fast-food-sankalp-shopping-corporate-house-bodakdev-ahmedabad-114202,"Jai Nageshwari Pauva And Fast Food, B- 3 SANKALP SHOPPING CORPORATE HOUSE OPP PALVAN CHAR RASTA BODAKDEV AHMEDABAD 380054",Menu/114202.json
114203,Gurudev Kathiyavadi Restaturant,"Vastrapur,Ahmedabad",--,Too Few Ratings,₹ 200,"Gujarati,Thalis",20719037000071,https://www.swiggy.com/restaurants/gurudev-kathiyavadi-restaturant-vastrapur-satellite-ahmedabad-114203,"Gurudev Kathiyavadi Restaturant, 5 DIVYAPRAKASH COMPLEX OPP SUREL PLAT OPP MOCHA HOTEL SETELLITE RD RAMDEVINAGAR AHMEDABAD GUJARAT 380054",Menu/114203.json
62039,Oven Magick,"Vastrapur,Ahmedabad",4.0,20+ ratings,₹ 200,Desserts,license,https://www.swiggy.com/restaurants/oven-magick-bodakdev-ahmedabad-62039,"Oven Magick, A1 JINEDRANAGAR SHOPING CENTER OPP AKASH TOWER JUDGES BUNGLOW ROAD",Menu/62039.json
533431,puny bUNy,"Vastrapur,Ahmedabad",--,Too Few Ratings,₹ 300,"Fast Food,Snacks",20722038001408,https://www.swiggy.com/restaurants/puny-buny-vastrapur-ahmedabad-533431,"puny bUNy, 182/1 Sunrise  park opp drive in cinema near asia english school in front of bank of baroda ",Menu/533431.json
339763,The Punjab Paratha,"Vastrapur,Ahmedabad",4.1,20+ ratings,₹ 200,Punjabi,license,https://www.swiggy.com/restaurants/the-punjab-paratha-vastrapur-memnagar-ahmedabad-339763,"The Punjab Paratha, 8 TRANSINDIA CINEMAS DRIVE IN SHOPPING CENTRE, THALTEJ RD, DRIVE IN ROAD, 380054",Menu/339763.json
99672,Rudu Kathiawad,"Vastrapur,Ahmedabad",3.6,20+ ratings,₹ 200,"Gujarati,Punjabi",20721038000324,https://www.swiggy.com/restaurants/rudu-kathiawad-vastrapur-ahmedabad-99672,"Rudu Kathiawad, 66, Sadar center , vastrapur lake ahmedabad",Menu/99672.json
114207,Haresh Dudhiya,"Vastrapur,Ahmedabad",--,Too Few Ratings,₹ 250,Desserts,10718026000691,https://www.swiggy.com/restaurants/haresh-dudhiya-vastrapur-ahmedabad-114207,"Haresh Dudhiya, 11 SHREEJI COMPLEX SHYAM BHUAPPA GURUKUL ROAD MEMNAGAR AHMEDABAD 380052",Menu/114207.json
51261,Gwalia Baklawa,"Vastrapur,Ahmedabad",4.2,50+ ratings,₹ 300,"Sweets,North Indian",10713026000232,https://www.swiggy.com/restaurants/gwalia-baklawa-vastrapur-bodakdev-ahmedabad-51261,"Gwalia Baklawa, Shilp Aaron Complex, Sindhu Bhavan Road, Bodakdev",Menu/51261.json
317846,Gwalbhog,"Vastrapur,Ahmedabad",4.1,20+ ratings,₹ 500,"Sweets,North Indian",license,https://www.swiggy.com/restaurants/gwalbhog-vastrapur-bodakdev-ahmedabad-317846,"Gwalbhog, Gwalia Sweets Pvt Ltd Maan Party Plot, Sindhu Bhavan Road, Bodakdev, Ahmedabad 380054",Menu/317846.json
416291,The South Spot,"Vastrapur,Ahmedabad",4.3,100+ ratings,₹ 300,South Indian,20721038000929,https://www.swiggy.com/restaurants/the-south-spot-vastrapur-ahmedabad-416291,"The South Spot, Shop no-39,ground floor,Advait complex,nr.sandesh press,bodakdev,Ahmedabad Municipal corporation,ahmedabad,gujarat-380015",Menu/416291.json
126544,High On Chai,"Vastrapur,Ahmedabad",4.4,50+ ratings,₹ 300,"Beverages,Pizzas",20719037005747,https://www.swiggy.com/restaurants/high-on-chai-sg-highway-bodakdev-ahmedabad-126544,"High On Chai, AMC stall no 10, Near Grand Bhagwati Hotel, SG Highway, Bodakdev, Ahmedabad, Gujarat (380054)",Menu/126544.json
507069,Bengal Sweets,"Vastrapur,Ahmedabad",4.0,20+ ratings,₹ 200,"Sweets,Bengali",20722037000041,https://www.swiggy.com/restaurants/bengal-sweets-vastrapur-ahmedabad-507069,"Bengal Sweets, shop no.G 11 near Anand hari towers,opp super plaza,Sandesh Press road,Vastrapur Ahmedabad 380054 , Vastral(East Zone) , Ahmedabad Municipal Corporation, Ahmedabad, Gujarat-380054",Menu/507069.json
568468,United Farmers Creamery UFC,"Vastrapur,Ahmedabad",--,Too Few Ratings,₹ 300,"Beverages,Desserts",10722026000746,https://www.swiggy.com/restaurants/united-farmers-creamery-ufc-vastrapur-ambawadi-ahmedabad-568468,"United Farmers Creamery UFC, SHOP NO.8, G.F, ANTRIKSH COMPLEX, NEAR PANJRAPOL CROSS ROAD, AMBAWADI,, Ahmedabad  380006",Menu/568468.json
454677,Tippinwala,"Vastrapur,Ahmedabad",--,Too Few Ratings,₹ 180,Thalis,20721038001752,https://www.swiggy.com/restaurants/tippinwala-vastrapur-ahmedabad-454677,"Tippinwala, 411 A himalaya arcade opp vastrapur lake vastrapur, Thaltej Ahmedabad 380015",Menu/454677.json
328635,London Yard Pizza,"Vastrapur,Ahmedabad",3.7,50+ ratings,₹ 300,"Pizzas,Italian",10720026001037,https://www.swiggy.com/restaurants/london-yard-pizza-vastrapur-bodakdev-ahmedabad-328635,"London Yard Pizza, GF-04, Corporate House, B/S Shradha Petrol Pump, Bodakdev, Ahmedabad. 380054",Menu/328635.json
474005,Tea Creame Cafe,"Vastrapur,Ahmedabad",--,Too Few Ratings,₹ 200,"Fast Food,Beverages",20721037001810,https://www.swiggy.com/restaurants/tea-creame-cafe-vastrapur-ahmedabad-474005,"Tea Creame Cafe, 4, SAMAN COMPLEX , OPP NALANDA COMPLEX, NR MANSI CHAR RASTA SATELLITE AHMEDABAD-15",Menu/474005.json
330936,NIC Natural Ice Creams,"Vastrapur,Ahmedabad",4.6,500+ ratings,₹ 120,"Ice Cream,Desserts",10722026000843,https://www.swiggy.com/restaurants/nic-natural-ice-creams-vastrapur-ahmedabad-330936,"NIC Natural Ice Creams, Shop No.12, Ground floor, Galaxy Bazar, Opp. Sunrise Park Bunglow, Vastrapur, Ahmedabad-380015",Menu/330936.json
407889,Chow Chow Asian Kitchen,"Vastrapur,Ahmedabad",--,Too Few Ratings,₹ 250,Chinese,20721038000786,https://www.swiggy.com/restaurants/chow-chow-asian-kitchen-vastrapur-ahmedabad-407889,"Chow Chow Asian Kitchen, 8 Indira shoping center, Jodhpur Village, Ahmedabad, Gujarat 380015, India",Menu/407889.json
510100,Pearl Restaurant,"Vastrapur,Ahmedabad",3.7,20+ ratings,₹ 350,"Fast Food,Punjabi",20722038000402,https://www.swiggy.com/restaurants/pearl-restaurant-vastrapur-ahmedabad-510100,"Pearl Restaurant, 24,25, MARUTI CENTER, NR PUNJAB HONDA, GURUKUL ROAD,GHATLODIYA,AHMEDABAD-380052",Menu/510100.json
164615,The Vegan Kitchen,"Vastrapur,Ahmedabad",4.3,20+ ratings,₹ 400,"Healthy Food,Salads",license,https://www.swiggy.com/restaurants/the-vegan-kitchen-drive-in-road-gurukul-ahmedabad-164615,"The Vegan Kitchen, 2nd Floor, Yogi Complex, Near Reliance smart, Drive in road, Ahmedabad",Menu/164615.json
431556,Jay Ganesh South Indian Food,"Vastrapur,Ahmedabad",--,Too Few Ratings,₹ 200,South Indian,20721038000883,https://www.swiggy.com/restaurants/jay-ganesh-south-indian-food-vastrapur-ahmedabad-431556,"Jay Ganesh South Indian Food, Ahmedabad Flyover, I I M, Vastrapur, Ahmedabad, Gujarat, India",Menu/431556.json
62046,Roadside Bistro,"Vastrapur,Ahmedabad",--,Too Few Ratings,₹ 350,"Snacks,Pizzas",20721037005158,https://www.swiggy.com/restaurants/roadside-bistro-bodakdev-ahmedabad-62046,"Roadside Bistro, 11 Amc, Bodakdev, Ahmedabad",Menu/62046.json
545645,Frutazo,"Vastrapur,Ahmedabad",--,Too Few Ratings,₹ 200,"Beverages,Juices",20722038001926,https://www.swiggy.com/restaurants/frutazo-vastrapur-ahmedabad-545645,"Frutazo, B-2A,HIRAK CENTER,NR VASTRAPUR LAKE VASTRAPUR,BODAKDEV,AHMEDABAD-380015",Menu/545645.json
579243,THE BIRYANI LEGEND,"Vastrapur,Ahmedabad",--,Too Few Ratings,₹ 400,"Biryani,North Indian",10722026001047,https://www.swiggy.com/restaurants/the-biryani-legend-vastrapur-ahmedabad-579243,"THE BIRYANI LEGEND, FS 7 ALPHAONE MALL NEAR VASTRAPUR LAKE VASTRAPUR AHMEDABAD",Menu/579243.json
67617,Fresh N Fresh,"Vastrapur,Ahmedabad",4.2,100+ ratings,₹ 250,Bakery,20721035000295,https://www.swiggy.com/restaurants/fresh-n-fresh-vastrapur-ahmedabad-67617,"Fresh N Fresh, G 3, Kundlini Complex, Fountain Nehru Park, Vastrapur, Ahmedabad",Menu/67617.json
114313,Cheers,"Vastrapur,Ahmedabad",4.5,100+ ratings,₹ 250,"Desserts,Ice Cream",10719026000598,https://www.swiggy.com/restaurants/cheers-bodakdev-ahmedabad-114313,"Cheers, Ground floor one world capital, sindhu bhavan road ahmedabad",Menu/114313.json
561834,Tea Post,"Vastrapur,Ahmedabad",--,Too Few Ratings,₹ 250,"Beverages,Fast Food",20722038001614,https://www.swiggy.com/restaurants/tea-post-vastrapur-ahmedabad-561834,"Tea Post, GF-2, SHILP SQUARE BUILDING, OPP.,HIMALAYA MALL, DRIVE IN ROAD,,BODAKDEV,Gujarat -,",Menu/561834.json
296078,Quick Meal Company,"Vastrapur,Ahmedabad",--,Too Few Ratings,₹ 300,"Thalis,Indian",10719026000228,https://www.swiggy.com/restaurants/quick-meal-company-vastrapur-memnagar-ahmedabad-296078,"Quick Meal Company, 316, GALA EMPIRE, OPP. DOORDARSHAN TOWER, DRIVE IN ROAD, THALTEJ, AHMEDABAD., Ahmedabad Municipal Corporation, Ahmedabad, Gujarat-380052",Menu/296078.json
576099,VIPUL DUDHIYA SWEETS,"Vastrapur,Ahmedabad",--,Too Few Ratings,₹ 500,"Sweets,Ice Cream",10722026001135,https://www.swiggy.com/restaurants/vipul-dudhiya-sweets-vastrapur-thaltej-ahmedabad-576099,"VIPUL DUDHIYA SWEETS, G-7 TIME SQUARE 2, NEAR AVALON HOTEL , BAJRANG CROSS ROAD TO THALTEJ ROAD, SINDHBHAVAN ROAD, Ahmedabad, Gujarat-380054",Menu/576099.json
464456,Jai Arbuda,"Vastrapur,Ahmedabad",--,Too Few Ratings,₹ 300,"American,Snacks",20719037006436,https://www.swiggy.com/restaurants/jai-arbuda-vastrapur-ahmedabad-464456,"Jai Arbuda, 11,BASEMENT,SARH-SANGITA,OPP.JAY SHEFALI SATELLITE ROAD,SATELLITA,AHMEDABAD",Menu/464456.json
382730,4 Frendz Kitchen,"Vastrapur,Ahmedabad",--,Too Few Ratings,₹ 200,"Indian,Chinese",20721038000315,https://www.swiggy.com/restaurants/4-frendz-kitchen-vastrapur-ahmedabad-382730,"4 Frendz Kitchen, B/2/2,Anoli Society,Sunrise  Park,Vastrapur,Ahmadabad,  Ahmedabad . , Ahmedabad Municipal  Corporation, Ahmedabad Municipal  Corporation, Gujarat - 380015",Menu/382730.json
305763,Bong Sweet & Fast Food,"Vastrapur,Ahmedabad",3.8,100+ ratings,₹ 200,"Bengali,Biryani",license,https://www.swiggy.com/restaurants/bong-sweet-and-fast-food-sandesh-press-road-bodakdev-vastrapur-ahmedabad-305763,"Bong Sweet & Fast Food, Shop No7-13, Ground Floor, Super Plaza,Opp. Neeldeep Appartment, Sandesh Press Road, Bodakdev, Ahmedabad",Menu/305763.json
37941,KFC,"Vastrapur,Ahmedabad",3.8,500+ ratings,₹ 400,"American,Snacks",10716026000451,https://www.swiggy.com/restaurants/kfc-lake-vastrapur-ahmedabad-37941,"KFC, Shop no 1A,3rd floor,Food Court,Alpha One Mall,Near Vastrapur Lake,Vastrapur,Ahmedabad,Gujarat: 380015",Menu/37941.json
55756,Asharfi Kulfi,"Vastrapur,Ahmedabad",4.5,50+ ratings,₹ 200,"Desserts,Beverages",10717026000465,https://www.swiggy.com/restaurants/asharfi-kulfi-gurukul-memnagar-ahmedabad-55756,"Asharfi Kulfi, 10, Veemurti Complex, Opposite Oxford Tower , Gurukul Road, Memnagar, Ahmedabad",Menu/55756.json
542260,Vinayak Bhajipav & Pulav,"Vastrapur,Ahmedabad",--,Too Few Ratings,₹ 250,"Street Food,Indian",20722038001906,https://www.swiggy.com/restaurants/vinayak-bhajipav-and-pulav-vastrapur-ahmedabad-542260,"Vinayak Bhajipav & Pulav, 1,Vee-Murti complex,opp.Asharfi kulfi,Oxford Tower,gurukulRoad,Ahmedabad-380052",Menu/542260.json
305761,Tuli'S Royal Bengal,"Vastrapur,Ahmedabad",3.9,100+ ratings,₹ 300,"Bengali,Mughlai",license,https://www.swiggy.com/restaurants/tulis-royal-bengal-sandesh-press-road-bodakdev-vastrapur-ahmedabad-305761,"Tuli'S Royal Bengal, Shop No7-13, Ground Floor, Super Plaza,Opp. Neeldeep Appartment, Sandesh Press Road, Bodakdev, Ahmedabad",Menu/305761.json
376060,Matka Biryani'S N More,"Vastrapur,Ahmedabad",--,Too Few Ratings,₹ 600,"Biryani,North Indian",10721026000706,https://www.swiggy.com/restaurants/matka-biryanis-n-more-ghatlodia-vastrapur-ahmedabad-376060,"Matka Biryani'S N More, TF FS-07, AHMEDABAD ONE MALL, NR. VASTRAPUR LAKE, VASTRAPUR, AHMEDABAD",Menu/376060.json
305762,Sea Food Kitchen,"Vastrapur,Ahmedabad",3.5,20+ ratings,₹ 250,"Seafood,Bengali",license,https://www.swiggy.com/restaurants/sea-food-kitchen-sandesh-press-road-bodakdev-vastrapur-ahmedabad-305762,"Sea Food Kitchen, Tuli's Restaurant, Shop No, 7-13, Ground Floor, Super Plaza,Opp. Neeldeep Appartment, Sandesh Press Road, Bodakdev, Ahmedabad",Menu/305762.json
330927,Shivkrupa Food,"Vastrapur,Ahmedabad",--,Too Few Ratings,₹ 250,"North Indian,Punjabi",10718026000699,https://www.swiggy.com/restaurants/shivkrupa-food-vastrapur-memnagar-ahmedabad-330927,"Shivkrupa Food, shop, 4/5 drive in shopping centre, nr drive in cinema, thaltej vastrapur 380054",Menu/330927.json
570833,Kathyawadi chatako,"Vastrapur,Ahmedabad",--,Too Few Ratings,₹ 500,"Gujarati,North Indian",20722038002290,https://www.swiggy.com/restaurants/kathyawadi-chatako-vastrapur-ahmedabad-570833,"Kathyawadi chatako, 66,F.F. Sardar Centre Vastrapur, ahmedabad, 380015, Bodakdev ( New West Zone ) AHMEDABAD, Ahmedabad,Municipal Corporation, Ahmedabad,Gujarat,380015",Menu/570833.json
441787,Cake Celebration,"Vastrapur,Ahmedabad",--,Too Few Ratings,₹ 500,Bakery,20721037003730,https://www.swiggy.com/restaurants/cake-celebration-vastrapur-ahmedabad-441787,"Cake Celebration, L/7/97, VIDYANAGAR SOC,NR. AZAD NAGAR, AHMEDABAD-15 , I I M , Ahmedabad Municipal Corporation, Ahmedabad Municipal Corporation, Gujarat-380015",Menu/441787.json
429667,Lithosphere,"Vastrapur,Ahmedabad",--,Too Few Ratings,₹ 500,"North Indian,Italian",10721026001160,https://www.swiggy.com/restaurants/lithosphere-vastrapur-ahmedabad-429667,"Lithosphere, NR.9th Avenue B/H Rajpath Club SG highway Bodakdev Ahmedabad-380059",Menu/429667.json
556494,Tandoor Pizzas By Gravies,"Vastrapur,Ahmedabad",--,Too Few Ratings,₹ 100,"Pizzas,Chinese",20722038001275,https://www.swiggy.com/restaurants/tandoor-pizzas-by-gravies-vastrapur-ahmedabad-556494,"Tandoor Pizzas By Gravies, FOOD IICON, OPP. ISCON MEGA MALL,NR. RAJPATH HOTEL, ISCON,S.G.HIGHWAY, AHMEDABAD.,Bodakdev(New West Zone), AhmedabadMunicipal Corporation, Ahmedabad,Gujarat - 380015",Menu/556494.json
378154,Smokin' Joe's,"Vastrapur,Ahmedabad",3.5,20+ ratings,₹ 400,"Italian,Pizzas",10721026000705,https://www.swiggy.com/restaurants/smokin-joes-vastrapur-ahmedabad-378154,"Smokin' Joe's, 25,26 SUPAR PLAZA, SANDESH PRESS ROAD, VASTRAPUR, AHMEDABAD ",Menu/378154.json
557337,Pizza Never Lies,"Vastrapur,Ahmedabad",--,Too Few Ratings,₹ 350,"Pizzas,Italian",20722038002090,https://www.swiggy.com/restaurants/pizza-never-lies-vastrapur-ahmedabad-557337,"Pizza Never Lies, Basement Swamini Complex, Near Asia School, Opp Drive In Cinema, Drive In Road, Thaltej,  Ahmedabad, Gujarat - 380058",Menu/557337.json
35750,Dheemi Aanch,"Vastrapur,Ahmedabad",4.3,100+ ratings,₹ 600,Indian,10718026000844,https://www.swiggy.com/restaurants/dheemi-aanch-bodakdev-ahmedabad-35750,"Dheemi Aanch, 1, Ground floor, Galaxy Tower, Next to @Home, Bodakdev, Ahmedabad",Menu/35750.json
491800,Tamil Pasanga Cafe,"Vastrapur,Ahmedabad",4.5,50+ ratings,₹ 200,South Indian,20722038000591,https://www.swiggy.com/restaurants/tamil-pasanga-cafe-vastrapur-ahmedabad-491800,"Tamil Pasanga Cafe, TP Cafe, Ground Floor 10 Amrapali Lakeview, Vastrapur, Ahmedabad",Menu/491800.json
513877,Shree Marutinandan,"Vastrapur,Ahmedabad",3.3,20+ ratings,₹ 600,"Gujarati,Rajasthani",10719026000820,https://www.swiggy.com/restaurants/shree-marutinandan-vastrapur-ahmedabad-513877,"Shree Marutinandan, ""satatya greens bunglows B/H rajpath club bodakdev ahmedabad 380054",Menu/513877.json
53106,Bon Homie,"Vastrapur,Ahmedabad",--,Too Few Ratings,₹ 600,"Indian,Chinese",10717026000443,https://www.swiggy.com/restaurants/bon-homie-gurukul-vastrapur-ahmedabad-53106,"Bon Homie, 1st Floor, SIGMA II, Opposite Himalaya Mall, Drive In Road, Gurukul, Ahmedabad",Menu/53106.json
37933,Faasos - Wraps & Rolls,"Vastrapur,Ahmedabad",4.3,500+ ratings,₹ 200,"Fast Food,Snacks",10715026000814,https://www.swiggy.com/restaurants/faasos-wraps-and-rolls-hotel-shahi-palace-vastrapur-ahmedabad-37933,"Faasos - Wraps & Rolls, SHOP NO 2, HOTEL SHAHI PALACE ,VASTRAPUR LAKE, AHMEDABAD, GUJARAT",Menu/37933.json
139739,Natural Ice Cream,"Vastrapur,Ahmedabad",4.6,100+ ratings,₹ 150,Ice Cream,10721026000811,https://www.swiggy.com/restaurants/natural-ice-cream-vastrapur-thaltej-ahmedabad-139739,"Natural Ice Cream, GF Magnifico, Nr Auda Garden Bodakdev, Opp. Avalon Hotel,Ahmedabad,Gujarat 380054",Menu/139739.json
286330,Punjabiyat - By Jassi De Parathe,"Vastrapur,Ahmedabad",4.4,50+ ratings,₹ 800,Indian,10719026000989,https://www.swiggy.com/restaurants/punjabiyat-by-jassi-de-parathe-vastrapur-thaltej-ahmedabad-286330,"Punjabiyat - By Jassi De Parathe, FF 9, 10, Time Square II, Near Avlon Hotel, Sindhubhavan Road, Thaltej, Ahmedabad,Vastrapur,Ahmedabad",Menu/286330.json
47602,Angithi By Mirch Masala,"Vastrapur,Ahmedabad",4.3,20+ ratings,₹ 900,"Indian,North Indian",10718026000101,https://www.swiggy.com/restaurants/angithi-by-mirch-masala-bodakdev-ahmedabad-47602,"Angithi By Mirch Masala, 4, Ground Floor, Sumel Complex, Nr Tej Motors, Opp GNFC Tower, S.G. Road, Ahmedabad.",Menu/47602.json
304647,Uncle Momo,"Vastrapur,Ahmedabad",--,Too Few Ratings,₹ 200,Chinese,10719026001503,https://www.swiggy.com/restaurants/uncle-momo-vastrapur-gurukul-ahmedabad-304647,"Uncle Momo, G/F, SWAMINI COMPLEX, OPP DRIVE IN CINEMA, BODAKDEV,AHMEDABAD",Menu/304647.json
576391,Boston Shakes,"Vastrapur,Ahmedabad",--,Too Few Ratings,₹ 400,Beverages,20718001000208,https://www.swiggy.com/restaurants/boston-shakes-vastrapur-ahmedabad-576391,"Boston Shakes, Shop No 3Umiya Vijay Complex Opposite Vodafone Store Shivranjni Zone-1 ( gujarat) 380015",Menu/576391.json
373805,Flourish Lounge and  Cafe,"Vastrapur,Ahmedabad",--,Too Few Ratings,₹ 200,"Ice Cream,Beverages",20719035000137,https://www.swiggy.com/restaurants/flourish-lounge-and-cafe-vastrapur-ahmedabad-373805,"Flourish Lounge and  Cafe, Dev Shrusti 1 Apartments Simandhar Mandir Road Landmark,  opp. Reliance Fresh Sumeru,  Bodakdev Ahmedabad",Menu/373805.json
580648,SAURSHTRA NI PANGAT,"Vastrapur,Ahmedabad",--,Too Few Ratings,₹ 200,Indian,20722038002443,https://www.swiggy.com/restaurants/saurshtra-ni-pangat-vastrapur-ahmedabad-580648,"SAURSHTRA NI PANGAT, SHOP NO 6 GF, MANGAL JYOT CO-OP-HOUSING SOCIETY, NR JODHPUR CROSS ROAD ,SATELITE, AHMEDABAD",Menu/580648.json
150763,The Chocolate Room,"Vastrapur,Ahmedabad",--,Too Few Ratings,₹ 250,Indian,license,https://www.swiggy.com/restaurants/the-chocolate-room-iscon-mega-mall-satellite-bodakdev-ahmedabad-150763,"The Chocolate Room, Ground Floor, Atrium 1, Iscon Mega Mall, S G Highway, Satellite, Ahmedabad",Menu/150763.json
53113,Sizzling Brownie,"Vastrapur,Ahmedabad",--,Too Few Ratings,₹ 250,Desserts,20718038000234,https://www.swiggy.com/restaurants/sizzling-brownie-vastrapur-ahmedabad-53113,"Sizzling Brownie, Panchdeep, Opposite Falguni Gruh Udyog, Vastrapur, Ahmedabad",Menu/53113.json
548503,Midas The Bistro,"Vastrapur,Ahmedabad",--,Too Few Ratings,₹ 400,"Chinese,Juices",20722038001874,https://www.swiggy.com/restaurants/midas-the-bistro-vastrapur-ahmedabad-548503,"Midas The Bistro, SR NO.213/1/3 OPP,BOGARIYA RESTORENT,NR RAJPTH CLUB,BODAKDEV,Ahmedabad-380054-NR Zodiac Marquis,B/H Rajpath Rangoli Road",Menu/548503.json
53119,Sizzling Pizza,"Vastrapur,Ahmedabad",--,Too Few Ratings,₹ 350,"Pizzas,Continental",20718038000235,https://www.swiggy.com/restaurants/sizzling-pizza-vastrapur-ahmedabad-53119,"Sizzling Pizza, Panchdeep, Opposite Falguni Gruh Udyog, Vastrapur, Ahmedabad",Menu/53119.json
454845,Kudrati Kahumbo Jodhpur,"Vastrapur,Ahmedabad",--,Too Few Ratings,₹ 300,Beverages,20721038001751,https://www.swiggy.com/restaurants/kudrati-kahumbo-jodhpur-jodhpur-cross-road-prahlaad-nagar-ahmedabad-454845,"Kudrati Kahumbo Jodhpur, L-7, RATNAMANI COMPLEX, JODHPUR 4 RASTA, SATELITE ROA, Jodhpur(New West Zone), Ahmedabad Municipal Corporation, Ahmedabad, Gujarat - 380015",Menu/454845.json
509014,Jugaadi Spot,"Vastrapur,Ahmedabad",--,Too Few Ratings,₹ 40,Snacks,20722038000838,https://www.swiggy.com/restaurants/jugaadi-spot-vastrapur-ahmedabad-509014,"Jugaadi Spot, shop no.6-7,1st, Corporate House, opp. pakwan dinning hall, Bodakdev, Ahmedabad, Gujarat 380054, India",Menu/509014.json
567324,One Bowl,"Vastrapur,Ahmedabad",--,Too Few Ratings,₹ 200,"Biryani,Indian",10721026002294,https://www.swiggy.com/restaurants/one-bowl-vastrapur-ahmedabad-567324,"One Bowl, GF-24, ADVAIT COMPLEX, NR. SANDESH PRESS, VASTRAPUR, Ahmedabad Municipal Corporation, Gujarat-380015",Menu/567324.json
286462,Adinath Juice,"Vastrapur,Ahmedabad",--,Too Few Ratings,₹ 200,Juices,20720038000044,https://www.swiggy.com/restaurants/adinath-juice-vastrapur-ahmedabad-286462,"Adinath Juice, NR.PANCHEED  COMPLEX,  OPP.FALGUNI  GRUH  UDHYOG,  VASTRAPUR,,  Ahmedabad,- 380015",Menu/286462.json
65588,Hotel Rajpath,"Vastrapur,Ahmedabad",4.3,20+ ratings,₹ 600,"Indian,Chinese",10721026000699,https://www.swiggy.com/restaurants/hotel-rajpath-prahlad-nagar-satellite-ahmedabad-65588,"Hotel Rajpath, Opposite Iscon Mega Mall, S G Highway, Satellite, Ahmedabad",Menu/65588.json
309192,Punjab De Parathe,"Vastrapur,Ahmedabad",4.0,100+ ratings,₹ 250,"Punjabi,North Indian",10718026000699,https://www.swiggy.com/restaurants/punjab-de-parathe-vastrapur-ahmedabad-309192,"Punjab De Parathe, shop, 4/5 drive in shopping centre, nr drive in cinema, thaltej vastrapur",Menu/309192.json
460163,Sm Food,"Vastrapur,Ahmedabad",--,Too Few Ratings,₹ 100,"American,Snacks",20721038002046,https://www.swiggy.com/restaurants/sm-food-vastrapur-ahmedabad-460163,"Sm Food, Himalaya Arcade, Opposite The Lake, Vastrapur Gam Road, Sargam Marg, Vastrapur Gam, Mahavir Nagar society, Vastrapur, Ahmedabad, Gujarat 380015, India",Menu/460163.json
175719,Karnavati Dabeli,"Vastrapur,Ahmedabad",4.0,20+ ratings,₹ 150,"Beverages,Street Food",20718038000589,https://www.swiggy.com/restaurants/karnavati-dabeli-judges-bunglow-bodakdev-satellite-ahmedabad-175719,"Karnavati Dabeli, GF/7 BALAJI PLAZA, OPP JUDGES BUNGLOW, BODAKDEV, AHMEDABAD",Menu/175719.json
561905,Paper Sip,"Vastrapur,Ahmedabad",--,Too Few Ratings,₹ 200,"Italian,Fast Food",20722038002295,https://www.swiggy.com/restaurants/paper-sip-vastrapur-ahmedabad-561905,"Paper Sip, L-28,RATNAMANI COMPLEX,JODHPUR 4 RASTA,SATELITE ROAD,AHMEDABAD,Jodhpur(New West Zone),Ahmedabad-380015",Menu/561905.json
252004,Om Food Center - Vastrapur Lake,"Vastrapur,Ahmedabad",3.8,100+ ratings,₹ 200,"Indian,North Indian",10721026000992,https://www.swiggy.com/restaurants/om-food-center-vastrapur-lake-vastrapur-ahmedabad-252004,"Om Food Center - Vastrapur Lake, Shop no. 6 Himalayan arcade-A, Opp. Vastrapur lake, Vastrapur Ahmedabad- 380015",Menu/252004.json
475659,Pride Plaza Hotel,"Vastrapur,Ahmedabad",--,Too Few Ratings,₹ 600,"Biryani,North Indian",license,https://www.swiggy.com/restaurants/pride-plaza-hotel-vastrapur-ahmedabad-475659,"Pride Plaza Hotel, Pride Plaza Hotel, Bodakdev, Ahmedabad, Gujarat 380054, India",Menu/475659.json
476628,MS Food,"Vastrapur,Ahmedabad",--,Too Few Ratings,₹ 200,"Fast Food,Snacks",20721037005805,https://www.swiggy.com/restaurants/ms-food-vastrapur-ahmedabad-476628,"MS Food, GF - 9, KALYAN TOWER, B/H LAKEVIEW APARTMENT, VASTRAPUR, AHMEDABAD- 380015",Menu/476628.json
532258,A1 Paratha House,"Vastrapur,Ahmedabad",--,Too Few Ratings,₹ 300,"North Indian,Indian",20719037003658,https://www.swiggy.com/restaurants/a1-paratha-house-vastrapur-ahmedabad-532258,"A1 Paratha House, Shop 8, Drive In Shopping Centre, Drive In Road, Gurukul, Ahmedabad Copy  Direction  380054",Menu/532258.json
334030,D And C Frankie,"Vastrapur,Ahmedabad",3.7,20+ ratings,₹ 400,Snacks,20721037003186,https://www.swiggy.com/restaurants/d-and-c-frankie-vastrapur-satellite-ahmedabad-334030,"D And C Frankie, 30GS SAMAANOPP NALANDA COMPLEXNRVAIBHAV TOWER VASTRAPUR SATLITE Ahmedabad Municipal Corporation Gujarat380015",Menu/334030.json
495022,Ramdev Chorafli Center,"Vastrapur,Ahmedabad",--,Too Few Ratings,₹ 200,"Snacks,Indian",20721038000216,https://www.swiggy.com/restaurants/ramdev-chorafli-center-vastrapur-ahmedabad-495022,"Ramdev Chorafli Center, GF-80, Rabari Vas, Nr. Bhavin School, Thaltej, Ahmedabad , Thaltej(New West Zone) , Ahmedabad Municipal Corporation, Ahmedabad, Gujarat-380054",Menu/495022.json
227095,Stuff Paratha,"Vastrapur,Ahmedabad",4.1,50+ ratings,₹ 250,"North Indian,Chinese",10718026000699,https://www.swiggy.com/restaurants/stuff-paratha-vastrapur-ahmedabad-227095,"Stuff Paratha, Shop No 5, Drive in shopping center, opp. Asia school, behind Radhika restaurant, Drive in road, ahmedabad",Menu/227095.json
159242,Shankar'S Ice Cream Library,"Vastrapur,Ahmedabad",4.3,20+ ratings,₹ 450,"Desserts,Ice Cream",10718026000672,https://www.swiggy.com/restaurants/shankars-ice-cream-library-bodakdev-thaltej-ahmedabad-159242,"Shankar'S Ice Cream Library, Magnifico Complex. Opposite Avalon Hotel, KK Farm Lane, Off Sindhu Bhavan Road, Bodakdev, Ahmedabad",Menu/159242.json
452214,Absolute Barbecues-AB s,"Vastrapur,Ahmedabad",3.8,20+ ratings,₹ 400,"Indian,Chinese",10719026001750,https://www.swiggy.com/restaurants/absolute-barbecues-ab-s-vastrapur-ahmedabad-452214,"Absolute Barbecues-AB s, Shivalik Shilp, 2ND, Ambli Rd, Sanidhya, Ahmedabad, Gujarat 380015",Menu/452214.json
323128,Jay Kalyan Poha Cornar,"Vastrapur,Ahmedabad",3.8,20+ ratings,₹ 150,"Street Food,Snacks",20721037000460,https://www.swiggy.com/restaurants/jay-kalyan-poha-cornar-vastrapur-bodakdev-ahmedabad-323128,"Jay Kalyan Poha Cornar, BODAKDEV GARDEN.OPP GARDEN VIEW CORPORATE HOUSE BODAKDEV , Ahmedabad . , Ahmedabad, Ahmedabad Municipal Corporation, Gujarat, 380054",Menu/323128.json
35979,Cravingz,"Vastrapur,Ahmedabad",--,Too Few Ratings,₹ 400,Fast Food,10719026000973,https://www.swiggy.com/restaurants/cravingz-acropolis-mall-thaltej-vastrapur-ahmedabad-35979,"Cravingz, Ground Floor, Acropolis Mall, S G Highway, Thaltej, Ahmedabad",Menu/35979.json
569993,Morning Treat,"Vastrapur,Ahmedabad",--,Too Few Ratings,₹ 100,"Snacks,Indian",20722038002390,https://www.swiggy.com/restaurants/morning-treat-vastrapur-ahmedabad-569993,"Morning Treat, 2GHG+49P, Suryapooja Block B, Satellite, Ahmedabad, Gujarat 380015, India",Menu/569993.json
267734,Lassi Ghar,"Vastrapur,Ahmedabad",4.4,20+ ratings,₹ 100,Beverages,20719037007645,https://www.swiggy.com/restaurants/lassi-ghar-vastrapur-memnagar-ahmedabad-267734,"Lassi Ghar, 8, VIMURTI COMPLEX, MEMNAGAR, District - Ahmedabad Municipal Corporation, STATE - Gujarat",Menu/267734.json
47703,Jasuben Shah Old Pizza,"Vastrapur,Ahmedabad",4.2,100+ ratings,₹ 150,"Pizzas,Snacks",20718038000098,https://www.swiggy.com/restaurants/jasuben-shah-old-pizza-panjarapole-ahmedabad-ahmedabad-47703,"Jasuben Shah Old Pizza, Nukkad food court 133 opp atithi dining hall near manali tower 100ft road bodakdev jashuben old pizza ahmedabad",Menu/47703.json
351814,Mantra Restro,"Vastrapur,Ahmedabad",--,Too Few Ratings,₹ 500,"Indian,Italian",10720026001260,https://www.swiggy.com/restaurants/mantra-restro-bodakdev-ahmedabad-351814,"Mantra Restro, SURVEY NO. 232/2, T.P. - 50, NEAR RAJPATH CLUB, S G HIGHWAY, BODAKDEV, AHMEDABAD",Menu/351814.json
434900,The Local Table,"Vastrapur,Ahmedabad",--,Too Few Ratings,₹ 400,"Chinese,Tandoor",20721038001073,https://www.swiggy.com/restaurants/the-local-table-vastrapur-ahmedabad-434900,"The Local Table, SHOP NO. 41, GROUND FLOOR, RANGIN PARK, OPP. RAJPATH CLUB, BODAKDEV,, Gujarat 380054, India",Menu/434900.json
337529,Bombay Gulalwadi Bhajipav - Manekchowkwala,"Vastrapur,Ahmedabad",--,Too Few Ratings,₹ 200,"North Indian,Snacks",20719034001272,https://www.swiggy.com/restaurants/bombay-gulalwadi-bhajipav-manekchowkwala-prahlad-nagar-ramdev-nagar-ahmedabad-337529,"Bombay Gulalwadi Bhajipav - Manekchowkwala, BOMBAY GULALVADI BHAJIPAV AND SANDWICH PIZZA CENTRE, TILAK MEDAN,MANEKCHOWK RATRI KHANI-PINI BAZAR,380001",Menu/337529.json
555373,Masala Grill,"Vastrapur,Ahmedabad",--,Too Few Ratings,₹ 250,"American,Pizzas",20722038001620,https://www.swiggy.com/restaurants/masala-grill-vastrapur-ahmedabad-555373,"Masala Grill, Shop no.3 Sardar Center opp. Vastrapur Lake, Bodakdev Ahmedabad   382350",Menu/555373.json
524890,Aatm Nirbhar Cafe,"Vastrapur,Ahmedabad",--,Too Few Ratings,₹ 250,"Fast Food,Pizzas",20720038000661,https://www.swiggy.com/restaurants/aatm-nirbhar-cafe-vastrapur-ahmedabad-524890,"Aatm Nirbhar Cafe, STALL NO.1, AATM NIRBHAR CAFE,OPP RAJPATH CLUB,S G HIGHWAY,AHMEDABAD-380054",Menu/524890.json
56524,Apna Punjab Parattha,"Vastrapur,Ahmedabad",3.8,100+ ratings,₹ 250,Indian,20719033000621,https://www.swiggy.com/restaurants/apna-punjab-parattha-vastrapur-ahmedabad-56524,"Apna Punjab Parattha, Ground Floor, Shakti Square, Opposite Management Enclave, Hanuman Mandir, Vastrapur, Ahmedabad",Menu/56524.json
523685,Cake Culture,"Vastrapur,Ahmedabad",--,Too Few Ratings,₹ 250,"Bakery,Beverages",20722038001652,https://www.swiggy.com/restaurants/cake-culture-vastrapur-shivranjani-ahmedabad-523685,"Cake Culture, 1,MotiPark Society,Opp Vodafone Shivranjani Store,Nr Maruti Tower,Satellite Road,Ahmedabad,Gujarat,380015",Menu/523685.json
510499,The Twister & More,"Vastrapur,Ahmedabad",--,Too Few Ratings,₹ 100,Snacks,20722038000958,https://www.swiggy.com/restaurants/the-twister-and-more-vastrapur-ahmedabad-510499,"The Twister & More, OPP.VSTRAPUR LAKE,AMRAPALI, BODAKDEV(NEW WEST ZONE),AHMEDABAD,GUJARAT-380054",Menu/510499.json
495497,Sushi-Bao-Pocket,"Vastrapur,Ahmedabad",--,Too Few Ratings,₹ 500,"Japanese,Chinese",10721026001543,https://www.swiggy.com/restaurants/sushi-bao-pocket-vastrapur-ahmedabad-495497,"Sushi-Bao-Pocket, 404, 3rd floor, Shilp Epitome Behind Rajpath Club AHMEDABAD 380054",Menu/495497.json
304754,Jugaadi Adda,"Vastrapur,Ahmedabad",4.3,100+ ratings,₹ 300,Indian,20719033000540,https://www.swiggy.com/restaurants/jugaadi-adda-vastrapur-satellite-ahmedabad-304754,"Jugaadi Adda, Address	=	17 ,GROUND	FLOOR,	SUDARSHAN	COMPLEX,NR.MANSI	CIRCLE,VASTRAPUR,, Ahmedabad",Menu/304754.json
495498,Now For Ever,"Vastrapur,Ahmedabad",--,Too Few Ratings,₹ 200,"Ice Cream,Beverages",10721026002304,https://www.swiggy.com/restaurants/now-for-ever-ghatlodia-sindhu-bhavan-ahmedabad-495498,"Now For Ever, SHOP NO. 10/11, NR. AVALON HOTEL, OPP JAHANVI BUNGLOW, SINDHU BHAVAN ROAD, SINDHU BHAVAN, AHMEDABAD, GUJARAT - 380059",Menu/495498.json
192386,McCafe by McDonald's,"Vastrapur,Ahmedabad",--,Too Few Ratings,₹ 250,"American,Beverages",10717026000671,https://www.swiggy.com/restaurants/mccafe-by-mcdonalds-himalaya-mall-memnagar-ahmedabad-192386,"McCafe by McDonald's, Himalaya Mall, Next to Indraprast Towers, Drive-In Road, Ahmedabad 380015.",Menu/192386.json
324324,Kosho's Hotdogs,"Vastrapur,Ahmedabad",4.0,20+ ratings,₹ 350,"American,Bakery",license,https://www.swiggy.com/restaurants/koshos-hotdogs-vastrapur-bodakdev-ahmedabad-324324,"Kosho's Hotdogs, 35 SF , Rudra Square Above Q-Land Parlour Judges Bunglow Cross Roads Ahmedabad-380054",Menu/324324.json
49559,Eggers Cafe,"Vastrapur,Ahmedabad",3.9,100+ ratings,₹ 250,"Indian,Chinese",20721038001278,https://www.swiggy.com/restaurants/eggers-cafe-gurukul-memnagar-ahmedabad-49559,"Eggers Cafe, Shop No. 28, Ground floor, Indraprastha Complex, Near Himalaya Mall, Drive In Road, Gurukul, Ahmedabad",Menu/49559.json
37694,McDonald's,"Vastrapur,Ahmedabad",4.0,500+ ratings,₹ 400,"Burgers,Beverages",10717026000671,https://www.swiggy.com/restaurants/mcdonalds-himalaya-mall-memnagar-ahmedabad-37694,"McDonald's, Himalaya Mall, Next to Indraprast Towers, Drive-In Road, Ahmedabad 380015.",Menu/37694.json
37574,Chai Wai,"Vastrapur,Ahmedabad",4.2,50+ ratings,₹ 200,"Beverages,Snacks",20719037006285,https://www.swiggy.com/restaurants/chai-wai-shivranjani-ambawadi-ahmedabad-37574,"Chai Wai, 2, Umiya Vijay Shopping Complex, Shivranjani Cross Road, Satellite, Ahmedabad",Menu/37574.json
517127,Parotha King,"Vastrapur,Ahmedabad",--,Too Few Ratings,₹ 250,North Indian,20721038000740,https://www.swiggy.com/restaurants/parotha-king-vastrapur-ahmedabad-517127,"Parotha King, Nalanda Complex, Hanuman Mandir Ni Baju Ma,Mansi Circle,Bodakdev,Ahmedabad-380015",Menu/517127.json
155975,Jay Mataji,"Vastrapur,Ahmedabad",--,Too Few Ratings,₹ 200,North Indian,20719038000189,https://www.swiggy.com/restaurants/jay-mataji-bodakdev-vastrapur-ahmedabad-155975,"Jay Mataji, A-12, HIMALAYA ARCRED, OPP. VASTRAPUR LAKE, VASTRAPUR, BODAKDEV, AHMEDABAD-380015., District - Ahmedabad Municipal Corporation, STATE - Gujarat",Menu/155975.json
538060,H&H (Hush Homies),"Vastrapur,Ahmedabad",--,Too Few Ratings,₹ 300,"North Indian,Snacks",20722038001669,https://www.swiggy.com/restaurants/h-and-h-hush-homies-vastrapur-ahmedabad-538060,"H&H (Hush Homies), 046-21/220, Jyoti Estate Owners Asso.Om Tower, Opp. Bidiwala Park, Satellite Road, Ahmedabad, Jodhpur(New West Zone), Ahmedabad Municipal Corporation, Ahmedabad, Gujarat- 380015",Menu/538060.json
466800,Raju Omlet Centre (Roc Express Delivery),"Vastrapur,Ahmedabad",3.6,50+ ratings,₹ 300,"Snacks,North Indian",20721038001780,https://www.swiggy.com/restaurants/raju-omlet-centre-roc-express-delivery-vastrapur-vastrapur-lake-ahmedabad-466800,"Raju Omlet Centre (Roc Express Delivery), GF/1, Kundalini Complex, Nehru park, Vastrapur, Jodhpur (New West Zone) Ahmedabad 380015",Menu/466800.json
94363,Tuli'S Restaurant,"Vastrapur,Ahmedabad",3.9,100+ ratings,₹ 200,"Bengali,North Indian",20718009000259,https://www.swiggy.com/restaurants/tulis-restaurant-sandesh-press-road-bodakdev-vastrapur-ahmedabad-94363,"Tuli'S Restaurant, Shop No7-13, Ground Floor, Super Plaza,Opp. Neeldeep Appartment, Sandesh Press Road, Bodakdev, Ahmedabad",Menu/94363.json
428773,Puffx Live Puff,"Vastrapur,Ahmedabad",--,Too Few Ratings,₹ 200,Snacks,20721037005189,https://www.swiggy.com/restaurants/puffx-live-puff-vastrapur-ahmedabad-428773,"Puffx Live Puff, SHOP-8,KALYAN TOWER,B/H. LAKE VIEW FLATS, NR. JAY SOMNATH FLATS,VASTRAPUR,AHMEDABAD-380015",Menu/428773.json
505024,Bapu House Of Vadapav,"Vastrapur,Ahmedabad",--,Too Few Ratings,₹ 50,"Street Food,Snacks",20721038001617,https://www.swiggy.com/restaurants/bapu-house-of-vadapav-vastrapur-ahmedabad-505024,"Bapu House Of Vadapav, 8,L. L. ANAND HARI, OPP: CHANAKYA TOWER, B/H.VASTRAPUR GAM, BODAKDEV, AHMEDABAD-380054",Menu/505024.json
37577,Karnavati Snacks,"Vastrapur,Ahmedabad",3.7,20+ ratings,₹ 200,"Fast Food,Snacks",20718001000422,https://www.swiggy.com/restaurants/karnavati-snacks-bodakdev-ahmedabad-37577,"Karnavati Snacks, 14, Platinum Plaza, Bodakdev, Ahmedabad",Menu/37577.json
77912,Jay Ambe Thali,"Vastrapur,Ahmedabad",3.8,1K+ ratings,₹ 150,"Gujarati,Thalis",20718001000459,https://www.swiggy.com/restaurants/jay-ambe-thali-thaltej-memnagar-ahmedabad-77912,"Jay Ambe Thali, G-12, J.B. Tower, Near T.V. Tower, Drive In Road, Thaltej, Ahmedabad",Menu/77912.json
507562,RP's Pizzeria,"Vastrapur,Ahmedabad",--,Too Few Ratings,₹ 200,"Pizzas,Italian",10721026000708,https://www.swiggy.com/restaurants/rps-pizzeria-vastrapur-sindhu-bhavan-ahmedabad-507562,"RP's Pizzeria, GF-8, TIMES SQUARE ARCADE-II, NR AVLONE HOTEL BODAKDEV  Ahemdabad. MCA- 380054",Menu/507562.json
231123,Maharaja Thalis,"Vastrapur,Ahmedabad",3.6,100+ ratings,₹ 200,"North Indian,Chinese",10718026000699,https://www.swiggy.com/restaurants/maharaja-thalis-drive-in-road-vastrapur-ahmedabad-231123,"Maharaja Thalis, shivkrupa food,  Drive in shopping center, opp. Asia school, behind Radhika restaurant, Drive in road, ahmedabad",Menu/231123.json
517118,Urban Hut - Taste Of Tandoori,"Vastrapur,Ahmedabad",--,Too Few Ratings,₹ 300,"Chinese,Rajasthani",20721038001280,https://www.swiggy.com/restaurants/urban-hut-taste-of-tandoori-vastrapur-ahmedabad-517118,"Urban Hut - Taste Of Tandoori, Nukkad Food Court,Opp Atithi Restaurant,Bodak Dev,Bodakdev,Ahmedabad-380054",Menu/517118.json
37683,Behrouz Biryani,"Vastrapur,Ahmedabad",4.3,100+ ratings,₹ 500,"Biryani,Mughlai",10715026000814,https://www.swiggy.com/restaurants/behrouz-biryani-hotel-shahi-palace-vastrapur-ahmedabad-37683,"Behrouz Biryani, SHOP NO 2, HOTEL SHAHI PALACE ,VASTRAPUR LAKE, AHMEDABAD, GUJARAT",Menu/37683.json
38774,Cafe Coffee Day,"Vastrapur,Ahmedabad",4.1,100+ ratings,₹ 300,"Beverages,Snacks",10719026000388,https://www.swiggy.com/restaurants/cafe-coffee-day-inside-orchid-plaza-bodakdev-ahmedabad-38774,"Cafe Coffee Day, Inside Orchid Plaza, Nyay Marg, BodakdevOpp Nri Tower",Menu/38774.json
39620,No Mad Baker - The Pizzeria,"Vastrapur,Ahmedabad",4.0,100+ ratings,₹ 600,Pizzas,10719026000437,https://www.swiggy.com/restaurants/no-mad-baker-the-pizzeria-vastrapur-ahmedabad-39620,"No Mad Baker - The Pizzeria, 1FF, Shilalekh Complex, Near Vastrapur Lake, Vastrapur, Ahmedabad, Gujarat 380015",Menu/39620.json
94471,Govinda'S,"Vastrapur,Ahmedabad",--,Too Few Ratings,₹ 1000,"North Indian,Italian",20718038000457,https://www.swiggy.com/restaurants/govindas-vastrapur-bodakdev-ahmedabad-94471,"Govinda'S, ISCKON Temple, S.G. Highway, Ahmedabad, Satellite, Ahmedabad",Menu/94471.json
127137,Melt In (Alpha One),"Vastrapur,Ahmedabad",4.3,20+ ratings,₹ 250,"Ice Cream,Desserts",20721038001498,https://www.swiggy.com/restaurants/melt-in-alpha-one-one-mall-vastrapur-bodakdev-ahmedabad-127137,"Melt In (Alpha One), 11 & 12, Circle B, Near SG Highway, Bodakdev, Ahmedabad",Menu/127137.json
419828,Aahar,"Vastrapur,Ahmedabad",--,Too Few Ratings,₹ 1500,"Beverages,Indian",10721026001404,https://www.swiggy.com/restaurants/aahar-vastrapur-ahmedabad-419828,"Aahar, B-unit, GF & FF, Uniza Complex, Besides Starbucks Coffee, Nr. Devashish Business Park, Preamchand Nagar Road, Bodakdev, Ahmedabad. , Ahmedabad Municipal Corporation, Ahmedabad Municipal Corporation, G",Menu/419828.json
553453,Between Bread,"Vastrapur,Ahmedabad",--,Too Few Ratings,₹ 200,"Fast Food,Snacks",20722038000617,https://www.swiggy.com/restaurants/between-bread-vastrapur-ahmedabad-553453,"Between Bread, NILAMBEN VIRAMBHAI BODAR SHOP NO 3 SARDAR CENTRE OPP VASTRAPUR LAKE,VASTRAPUR,AHMEDABAD. , Bodakdev(New West Zone) , Ahmedabad, Gujarat-",Menu/553453.json
487977,Dreamcatcher The Cafe,"Vastrapur,Ahmedabad",--,Too Few Ratings,₹ 400,"Pizzas,Fast Food",20722038000160,https://www.swiggy.com/restaurants/dreamcatcher-the-cafe-vastrapur-ahmedabad-487977,"Dreamcatcher The Cafe, 24, Ground Floor, Sardar Center, Vastrapur, Ahmedabad, Bodakdev(New West Zone)-380053",Menu/487977.json
315864,Janta Paratha,"Vastrapur,Ahmedabad",--,Too Few Ratings,₹ 300,North Indian,20720038000520,https://www.swiggy.com/restaurants/janta-paratha-vastrapur-memnagar-ahmedabad-315864,"Janta Paratha, 8 TRANSINDIA CINEMAS DRIVE-IN SHOPPING CENTER THALTEJ RD DRIVE IN ROAD , Ahmedabad . , Ahmedabad, Ahmedabad Municipal Corporation, Gujarat, 380054",Menu/315864.json
446079,Rotlo Gujarati Rasthal,"Vastrapur,Ahmedabad",3.9,100+ ratings,₹ 300,Gujarati,20721001000373,https://www.swiggy.com/restaurants/rotlo-gujarati-rasthal-vastrapur-ahmedabad-446079,"Rotlo Gujarati Rasthal, 136/137, First floor, Himalaya Arcade, Opp. Vastrapur Lake, nr. Petrol Pump,Vastrapur Lake, Ahmedabad - 380059",Menu/446079.json
126042,Chaska Punjab Da,"Vastrapur,Ahmedabad",--,Too Few Ratings,₹ 450,"North Indian,Chinese",10719026000570,https://www.swiggy.com/restaurants/chaska-punjab-da-vastrapur-ahmedabad-126042,"Chaska Punjab Da, SHOP NO 40 , GROUND FLOOR, ADVAIT COMPLEX, NR SANDESH PRESS, VASTRAPUR LAKE ROAD, VASTRAPUR - BOADAKDEV , AHMEDABAD",Menu/126042.json
579614,SAURASHTRA GATHIYA AND SWEETS,"Vastrapur,Ahmedabad",--,Too Few Ratings,₹ 200,"Snacks,Sweets",license,https://www.swiggy.com/restaurants/saurashtra-gathiya-and-sweets-vastrapur-ahmedabad-579614,"SAURASHTRA GATHIYA AND SWEETS, G - 13, AKSHARDHAM COMPLEX, OPP. AAKASH TOWER, JUDGES BUNGLOW ROAD, VASTRAPUR,  AHMEDABAD, 380015",Menu/579614.json
530589,Tea Post-Bodakdev,"Vastrapur,Ahmedabad",--,Too Few Ratings,₹ 250,"Beverages,Fast Food",10722026000122,https://www.swiggy.com/restaurants/tea-post-bodakdev-vastrapur-ahmedabad-530589,"Tea Post-Bodakdev, SHOP NO. 5 AND 6, CIRCLE B COMPLEX,BELOW PAKWAN RESTAURANT, BODAKDEV,S.G. HIGHWAY, AHMEDABAD-380054",Menu/530589.json
458082,The Corporate Cafe,"Vastrapur,Ahmedabad",--,Too Few Ratings,₹ 200,"Beverages,Street Food",20721038001055,https://www.swiggy.com/restaurants/the-corporate-cafe-vastrapur-ahmedabad-458082,"The Corporate Cafe, 2nd FF nine squire Mansi Road Judges Bunglow Rd opp. Keshavbaug Party Vastrapur Ahmedabad Gujarat 380015 India",Menu/458082.json
532644,Xero Degrees Ahmedabad,"Vastrapur,Ahmedabad",--,Too Few Ratings,₹ 400,"Fast Food,American",20721037000408,https://www.swiggy.com/restaurants/xero-degrees-ahmedabad-vastrapur-ahmedabad-532644,"Xero Degrees Ahmedabad, GF-6,TIMES SQUARE ARCADE-2,NR AVLON HOTEL,BODAKDEV,AHMEDABAD-380054 (OPP MAN PARTY PLOT,SINDHUBHAVAN MARG)",Menu/532644.json
452744,Om Night Food,"Vastrapur,Ahmedabad",--,Too Few Ratings,₹ 200,"North Indian,Fast Food",20721038000334,https://www.swiggy.com/restaurants/om-night-food-vastrapur-ahmedabad-452744,"Om Night Food, FF-105, SATVA ,NR PADMAVATI BUNGLOWS, OPP. ELEGANCE BUNGLOWS, THALTEJ, THALTEJ ROAD, AHMEDABAD",Menu/452744.json
300371,Barbeque Nation,"Vastrapur,Ahmedabad",3.8,100+ ratings,₹ 600,"North Indian,Barbecue",10719026000054,https://www.swiggy.com/restaurants/barbeque-nation-satya-one-memnagar-ahmedabad-300371,"Barbeque Nation, 1st Floor, Satyaone, Drive In Rd, opp. Manav Mandir, Memnagar, Ahmedabad, Gujarat 380052",Menu/300371.json
47241,Biskut,"Vastrapur,Ahmedabad",4.5,50+ ratings,₹ 250,Desserts,20717038000082,https://www.swiggy.com/restaurants/biskut-bodakdev-ahmedabad-47241,"Biskut, Biskut, Next to Dipali Shah, Opp Akash Towers, Judges Bungalow Road, Bodakdev, Ahmedabad 380054",Menu/47241.json
198341,The Biryani Life,"Vastrapur,Ahmedabad",3.9,100+ ratings,₹ 200,"Biryani,Hyderabadi",10715026000814,https://www.swiggy.com/restaurants/the-biryani-life-hotel-shahi-palace-vastrapur-ahmedabad-198341,"The Biryani Life, SHOP NO 2, HOTEL SHAHI PALACE ,VASTRAPUR LAKE, AHMEDABAD, GUJARAT",Menu/198341.json
459178,Balaji Bhaji Pav Dosa,"Vastrapur,Ahmedabad",--,Too Few Ratings,₹ 200,"South Indian,Street Food",20721038001700,https://www.swiggy.com/restaurants/balaji-bhaji-pav-dosa-vastrapur-ahmedabad-459178,"Balaji Bhaji Pav Dosa, SHOP NO.5, RAVI NIKETAN SHOPPING CENTER, NEAR CHINMAY CRISTAL TOWER, VASTRAPUR LAKE, AHMEDABAD",Menu/459178.json
37568,Hoglatto,"Vastrapur,Ahmedabad",4.2,20+ ratings,₹ 400,"Desserts,Beverages",license,https://www.swiggy.com/restaurants/hoglatto-vastrapur-ahmedabad-37568,"Hoglatto, GF/8, Galaxy Bazaar Complex, Opposite Himalaya Mall, Sunrise Park Road, Vastrapur, Ahmedabad",Menu/37568.json
497414,Toro Toro,"Vastrapur,Ahmedabad",--,Too Few Ratings,₹ 800,"Chinese,Indian",20722038000614,https://www.swiggy.com/restaurants/toro-toro-vastrapur-ahmedabad-497414,"Toro Toro, Aurobindo Society Rd, Vastrapur, Ahmedabad, Gujarat, India",Menu/497414.json
473224,Lillian'S Yummy Yummy Momo'S And More.....,"Vastrapur,Ahmedabad",--,Too Few Ratings,₹ 200,Indian,20721038001869,https://www.swiggy.com/restaurants/lillians-yummy-yummy-momos-and-more-vastrapur-ahmedabad-473224,"Lillian'S Yummy Yummy Momo'S And More....., GF-23, SAMAN COMPLEX, OPP. NALANDA COMPLEX, JODHPUR, SATELLITE, AHMEDABAD, -380015",Menu/473224.json
210435,Kaka Ni Sandwich & Bombay Bhel,"Vastrapur,Ahmedabad",--,Too Few Ratings,₹ 150,Fast Food,20721038001242,https://www.swiggy.com/restaurants/kaka-ni-sandwich-and-bombay-bhel-bodakdev-ahmedabad-210435,"Kaka Ni Sandwich & Bombay Bhel, SHOP NO. A-3 SANKALP APPA. OPP. CORPORATE PARK, NEAR PAKWAN-2 RESTAURANT, BODAKDEV-380054.",Menu/210435.json
403451,Ghar Ka Khana,"Vastrapur,Ahmedabad",--,Too Few Ratings,₹ 250,Indian,20721038000783,https://www.swiggy.com/restaurants/ghar-ka-khana-vastrapur-ahmedabad-403451,"Ghar Ka Khana, Advait Complex, Sandesh Press Rd, Vastrapur, Ahmedabad, Gujarat 380015, India",Menu/403451.json
569707,CHEESY CRAZY CAFE,"Vastrapur,Ahmedabad",--,Too Few Ratings,₹ 300,"Ice Cream,American",license,https://www.swiggy.com/restaurants/cheesy-crazy-cafe-vastrapur-ahmedabad-569707,"CHEESY CRAZY CAFE, 1,SHASHTRA 2,SUMANGALAM SOCIETY,SUNRISE PARK,AHMEDABAD,Gujarat-380052",Menu/569707.json
489905,Fat Tiger,"Vastrapur,Ahmedabad",3.7,20+ ratings,₹ 300,"Pan-Asian,Chinese",20721038001694,https://www.swiggy.com/restaurants/fat-tiger-sindhu-bhavan-marg-ahmedabad-489905,"Fat Tiger, GF-5, Shilp Epitome, B/S Infostrech, B/S Rajpath Club Road, Bodakdev Ahmedabad, Gujarat 380054",Menu/489905.json
403452,The Brooklyn Creamery - Healthy Ice Cream,"Vastrapur,Ahmedabad",3.8,20+ ratings,₹ 200,"Desserts,Ice Cream",20721037005475,https://www.swiggy.com/restaurants/the-brooklyn-creamery-healthy-ice-cream-near-mansi-circle-vastrapur-ahmedabad-403452,"The Brooklyn Creamery - Healthy Ice Cream, Shop No 1, Sumeet Apartments, Reliance Lane, Near Mansi circle, Vastrapur,Ahmedabad, Gujarat 380015",Menu/403452.json
406840,Foodhut,"Vastrapur,Ahmedabad",2.9,20+ ratings,₹ 300,"Snacks,Beverages",30210722108416,https://www.swiggy.com/restaurants/foodhut-vastrapur-ahmedabad-406840,"Foodhut, Ab chai pe charcha shop no 2 sankalp complex Near - Pakwan, bodakdev ahmedabad - 380054",Menu/406840.json
191804,JK Arabian Special,"Vastrapur,Ahmedabad",--,Too Few Ratings,₹ 300,North Indian,20719037005389,https://www.swiggy.com/restaurants/jk-arabian-special-vastrapur-satellite-ahmedabad-191804,"JK Arabian Special, FOOD IKON, Sarkhej - Gandhinagar Highway, Satellite, Ahmedabad, Gujarat, India",Menu/191804.json
540364,Salato,"Vastrapur,Ahmedabad",--,Too Few Ratings,₹ 600,"Chinese,Mexican",20721034001386,https://www.swiggy.com/restaurants/salato-ghatlodia-ahmedabad-540364,"Salato, Shop no. - 5, Ground floor, Dev Preet Appt, Nr. D.L.A School, Bodekdev, Ahmedabad , Bodakdev(New West Zone) , Ahmedabad Municipal Corporation, Ahmedabad, Gujarat-380054",Menu/540364.json
36341,Kbobs,"Vastrapur,Ahmedabad",3.9,500+ ratings,₹ 400,"North Indian,Punjabi",20718038000338,https://www.swiggy.com/restaurants/kbobs-gurukul-ahmedabad-36341,"Kbobs, Swamini complex, Sumangalam society, nr hdfc bank, opp drive in main gate Ahmedabad-380054",Menu/36341.json
40842,1944 - The Hocco Kitchen,"Vastrapur,Ahmedabad",4.1,100+ ratings,₹ 500,"North Indian,Continental",10718026000339,https://www.swiggy.com/restaurants/1944-the-hocco-kitchen-sindhubhavan-road-bodakdev-ahmedabad-40842,"1944 - The Hocco Kitchen, Shop no 1,2,3,4 Shilp Aroan Tower A, Opp Maruti Nandan Rest, Sindhubhavan Road, Bodakdev, Ahmedabad - 380015",Menu/40842.json
554771,Apnaa addaa cafe,"Vastrapur,Ahmedabad",--,Too Few Ratings,₹ 200,"Italian-American,Fast Food",20722034000409,https://www.swiggy.com/restaurants/apnaa-addaa-cafe-vastrapur-ahmedabad-554771,"Apnaa addaa cafe, COMMON B SIVANTA 1 NR KOTHAWALA  FLAT ASHRAM ROAD , Paldi(West Zone),  Ahmedabad Municipal Corporation,  Ahmedabad, Gujarat - 380001",Menu/554771.json
58299,Fozzie'S Pizzaiolo,"Vastrapur,Ahmedabad",3.9,50+ ratings,₹ 500,"Italian,Pizzas",10719026000378,https://www.swiggy.com/restaurants/fozzies-pizzaiolo-bodakdev-ahmedabad-58299,"Fozzie'S Pizzaiolo, First Floor, Maruti Crystal, Opposite Rajpath Club, Service Road, Bodakdev, Ahmedabad",Menu/58299.json
208017,Alma Of Aliments,"Vastrapur,Ahmedabad",--,Too Few Ratings,₹ 100,Indian,20719037005310,https://www.swiggy.com/restaurants/alma-of-aliments-naranpura-ahmedabad-208017,"Alma Of Aliments, 32 Shreeji Complex,Opp- ADC Bank, Below Haresh Dudhiya,Gurukul Road, Memnagar,Ahmedabad,Gujarat - 380052",Menu/208017.json
577455,MA RAJWADI TEA STALL AND FASTFOOD,"Vastrapur,Ahmedabad",--,Too Few Ratings,₹ 100,"Beverages,Street Food",20721038001234,https://www.swiggy.com/restaurants/ma-rajwadi-tea-stall-and-fastfood-vastrapur-ahmedabad-577455,"MA RAJWADI TEA STALL AND FASTFOOD, SHOP NO.5,AKSHAR COMPLEX,SHIVRANJANI CROSS ROADS,SATELLITE ROAD,AHMEDABAD-380015",Menu/577455.json
381492,La Milano Pizzeria,"Vastrapur,Ahmedabad",4.3,500+ ratings,₹ 199,"Italian,Pizzas",10718026001035,https://www.swiggy.com/restaurants/la-milano-pizzeria-bodakdev-ahmedabad-381492,"La Milano Pizzeria, Shop No. 10, Circle B, Judges Bungalow Road, Bodakdev    382445",Menu/381492.json
509764,Samosa & Co. By TGB (Vastrapur),"Vastrapur,Ahmedabad",4.4,50+ ratings,₹ 200,Snacks,10719026000551,https://www.swiggy.com/restaurants/samosa-and-co-by-tgb-vastrapur-vastrapur-ahmedabad-509764,"Samosa & Co. By TGB (Vastrapur), Shop No-14, Sardar Center, Opp. Nehru park, Nr. Shriji Petrol pump, Vastrapur, Ahmedabad 380054",Menu/509764.json
505286,Swagarena,"Vastrapur,Ahmedabad",--,Too Few Ratings,₹ 400,"Pizzas,Chinese",10721026002305,https://www.swiggy.com/restaurants/swagarena-vastrapur-ahmedabad-505286,"Swagarena, ""	SURVEY NO-201, SUB PLOT-242, OPP. SHILP EPITOME, RISING SUN SOCCER ACADEMY SPORTS, B/H RAJPATH CLUB, BODAKDEV, AHMEDABAD, GUJARAT-380054""",Menu/505286.json
382349,BOSS Burger,"Vastrapur,Ahmedabad",4.1,100+ ratings,₹ 500,"American,Continental",10717026000191,https://www.swiggy.com/restaurants/boss-burger-devashish-business-park-vastrapur-ahmedabad-382349,"BOSS Burger, 6-9, Ground Floor, Devashish Business Park, opposite Krishna Complex, Bodakdev, Ahmedabad, Gujarat 380054",Menu/382349.json
564262,Tea series,"Vastrapur,Ahmedabad",--,Too Few Ratings,₹ 200,"Beverages,Snacks",20722038001361,https://www.swiggy.com/restaurants/tea-series-vastrapur-ahmedabad-564262,"Tea series, Sagar Apartment, V-6, Sargam Marg, opp. amaltas bunglow, Sunrise Park, Vastrapur, Ahmedabad, Gujarat 380054, India",Menu/564262.json
37556,Burger King,"Vastrapur,Ahmedabad",3.8,1K+ ratings,₹ 350,"American,Fast Food",10718026000051,https://www.swiggy.com/restaurants/burger-king-himalaya-mall-gurukul-memnagar-ahmedabad-37556,"Burger King, 104 A Himalaya Mall, Drive in Road , Memnagar , Ahmedabad",Menu/37556.json
542430,Raghav Restaurant,"Vastrapur,Ahmedabad",--,Too Few Ratings,₹ 250,"North Indian,Thalis",20722038001709,https://www.swiggy.com/restaurants/raghav-restaurant-vastrapur-ahmedabad-542430,"Raghav Restaurant, 133,Opp Patel Park,Nr Manali tower,100ft road,Bodakdev,Ahemdabad-380054",Menu/542430.json
475856,Tim Tim Restaurant,"Vastrapur,Ahmedabad",--,Too Few Ratings,₹ 1200,"Sushi,Continental",10721026002305,https://www.swiggy.com/restaurants/tim-tim-restaurant-vastrapur-ahmedabad-475856,"Tim Tim Restaurant, SURVEY NO-201, SUB PLOT-242, OPP. SHILP EPITOME, RISING SUN SOCCER ACADEMY SPORTS, B/H RAJPATH CLUB, BODAKDEV, AHMEDABAD, GUJARAT-380054",Menu/475856.json
415487,Page One,"Vastrapur,Ahmedabad",--,Too Few Ratings,₹ 250,"Chinese,Indian",10716026000641,https://www.swiggy.com/restaurants/page-one-vastrapur-ahmedabad-415487,"Page One, Sandesh Press RoadNear Jiva Bhai TowerVastrapur, Bodakdev, AhmedabadGujaratSandesh Press RoadNear Jiva Bhai TowerVastrapur, Bodakdev, AhmedabadGujarat 380015.",Menu/415487.json
566686,Shakes & Bakes,"Vastrapur,Ahmedabad",--,Too Few Ratings,₹ 200,"Beverages,Juices",20722038002200,https://www.swiggy.com/restaurants/shakes-and-bakes-vastrapur-ahmedabad-566686,"Shakes & Bakes, 280/1, PAGI ROOM JETHIYAWALU KHETAR NR.NISANG BUNGLOWS NR.SHIVDHARA FLATS,NR.HIND MKT THALTEJ,AHMEDABAD ,-380059",Menu/566686.json
416212,Vanilla Sky,"Vastrapur,Ahmedabad",--,Too Few Ratings,₹ 300,Chinese,license,https://www.swiggy.com/restaurants/vanilla-sky-vastrapur-ahmedabad-416212,"Vanilla Sky, Plot No-216, T.P Scheme-1, near Vastrapur Lake, Vastrapur, Ahmedabad, Gujarat 380054, India",Menu/416212.json
486508,Nair Foods,"Vastrapur,Ahmedabad",4.3,100+ ratings,₹ 300,South Indian,20721038001712,https://www.swiggy.com/restaurants/nair-foods-vastrapur-ahmedabad-486508,"Nair Foods, V-74, Satellite Complex, Mansi Circle, near Ranujanagar-1, Satellite road, Jodhpur(New West Zone), Ahmedabad Municipal Corporation, Ahmedabad, Gujarat - 380015",Menu/486508.json
566689,Spices Of Punjab,"Vastrapur,Ahmedabad",--,Too Few Ratings,₹ 200,"North Indian,Chinese",20722038002200,https://www.swiggy.com/restaurants/spices-of-punjab-vastrapur-ahmedabad-566689,"Spices Of Punjab, 280/1, PAGI ROOM JETHIYAWALU KHETAR NR.NISANG BUNGLOWS NR.SHIVDHARA FLATS,NR.HIND MKT THALTEJ,AHMEDABAD ,-380059",Menu/566689.json
404652,Mad Over Juice,"Vastrapur,Ahmedabad",--,Too Few Ratings,₹ 200,"Beverages,Salads",20721037002454,https://www.swiggy.com/restaurants/mad-over-juice-prahlad-nagar-jodhpur-cross-road-ahmedabad-404652,"Mad Over Juice, 15 G.F. Mangal - Jyot Complex, Opp. Aristo Ville, Rajshree Flat, Jodhpur Cross Road, Satellite, Ahmedabad, Gujarat, 380015",Menu/404652.json
49525,New Freeze Land,"Vastrapur,Ahmedabad",4.1,100+ ratings,₹ 200,"Cafe,American",20719037006668,https://www.swiggy.com/restaurants/new-freeze-land-sindhubhavan-bodakdev-ahmedabad-49525,"New Freeze Land, 002, Elanza Vertex, Behind Armieda, Sindhubhavan, Bodakdev, Vastrapur, Ahmedabad",Menu/49525.json
45048,Balaji Dalwada Centre,"Vastrapur,Ahmedabad",--,Too Few Ratings,₹ 150,"Fast Food,Snacks",10719026001740,https://www.swiggy.com/restaurants/balaji-dalwada-centre-satellite-ahmedabad-45048,"Balaji Dalwada Centre, G.22,Saman Complex Near Karnavati, Pagarkha Bazar, Mansi Circle Satellite, Ahmedabad",Menu/45048.json
431712,One Fine Dine The Cloud Kitchen,"Vastrapur,Ahmedabad",--,Too Few Ratings,₹ 280,"Indian,Pizzas",10721026001538,https://www.swiggy.com/restaurants/one-fine-dine-the-cloud-kitchen-vastrapur-ahmedabad-431712,"One Fine Dine The Cloud Kitchen, A 106 HIMALAYA ARCADE OPP VASTRAPUR  LAKE AHMEDABAD 380015, Ahmedabad  Municipal Corporation, Ahmedabad Municipal  Corporation, Gujarat-380015",Menu/431712.json
47587,Curries,"Vastrapur,Ahmedabad",4.1,100+ ratings,₹ 600,"Indian,Chinese",license,https://www.swiggy.com/restaurants/curries-bodakdev-ahmedabad-47587,"Curries, FF-2,3  RudraPath complex  Near Rajpath Club  S G Highway  Bodakdev  Ahmedabad",Menu/47587.json
310392,The Simply Salad,"Vastrapur,Ahmedabad",4.6,50+ ratings,₹ 200,"Salads,Healthy Food",20721037003816,https://www.swiggy.com/restaurants/the-simply-salad-shivranjani-ahmedabad-310392,"The Simply Salad, 36, Umiya Vijay Society, Opposite Vodafone Store, Next to Jalaram Paratha House, Shivranjani-380015, Ahmedabad.",Menu/310392.json
518344,Cafe Bollywood,"Vastrapur,Ahmedabad",--,Too Few Ratings,₹ 300,"Fast Food,Street Food",10719026001476,https://www.swiggy.com/restaurants/cafe-bollywood-vastrapur-ahmedabad-518344,"Cafe Bollywood, TF-FS-4, ALPHAONE, NR. VASTRAPUR LAKE, VASTRAPUR, AHMEDABAD, GUJARAT, 380054",Menu/518344.json
556940,On ten rooftop lounge,"Vastrapur,Ahmedabad",--,Too Few Ratings,₹ 200,"North Indian,Chinese",10722026000077,https://www.swiggy.com/restaurants/on-ten-rooftop-lounge-vastrapur-ahmedabad-556940,"On ten rooftop lounge, A/1001, AMRAPALI LAKEVIEW, NR. VASTRAPURLAKE, VASTRAPUR, AHMEEDABAD, Ahmedabad, Gujarat-380054",Menu/556940.json
157809,Sheeba Delicious,"Vastrapur,Ahmedabad",4.3,100+ ratings,₹ 500,"North Indian,Chinese",10721026001114,https://www.swiggy.com/restaurants/sheeba-delicious-satellite-ahmedabad-157809,"Sheeba Delicious, Om Tower, Jodhpur Cross Road, Satellite, Ahmedabad",Menu/157809.json
358129,Baked By Nini's,"Vastrapur,Ahmedabad",4.2,20+ ratings,₹ 400,"Snacks,Desserts",20721038000071,https://www.swiggy.com/restaurants/baked-by-ninis-vastrapur-bodakdev-ahmedabad-358129,"Baked By Nini's, 8, Devpreet Complex, Satya Marg, Bodakdev, Ahmedabad, Gujarat 380054, India",Menu/358129.json
521857,Punjab Di Gaddi,"Vastrapur,Ahmedabad",4.2,20+ ratings,₹ 350,"Punjabi,North Indian",20722038002090,https://www.swiggy.com/restaurants/punjab-di-gaddi-vastrapur-ahmedabad-521857,"Punjab Di Gaddi, Basement Swamini Complex, Near Asia School, Opp. Drive In Cinema, Drive In Road, Thaltej, Ahmedabad, Gujarat-380058",Menu/521857.json
371326,The Wrap Co.,"Vastrapur,Ahmedabad",3.9,100+ ratings,₹ 300,"Fast Food,Desserts",10721026000395,https://www.swiggy.com/restaurants/the-wrap-co-vastrapur-bodakdev-ahmedabad-371326,"The Wrap Co., Prime Plaza, FF 9/10,NFD Circle, Bodakdev,Ahmedabad, Gujarat",Menu/371326.json
511828,Italy-India-fusion,"Vastrapur,Ahmedabad",--,Too Few Ratings,₹ 250,"Snacks,Beverages",10721026001543,https://www.swiggy.com/restaurants/italy-india-fusion-vastrapur-ahmedabad-511828,"Italy-India-fusion, 404-405, 4th Floor, Ship Epitom, Off Sindhu Bhavan Road, Near Rajpath Club, Bodakdev, Ahmedabad",Menu/511828.json
497639,Jayraj Sandwich And Pizza,"Vastrapur,Ahmedabad",--,Too Few Ratings,₹ 300,Gujarati,20719033000498,https://www.swiggy.com/restaurants/jayraj-sandwich-and-pizza-paldi-and-ambawadi-sindhubhavan-ahmedabad-497639,"Jayraj Sandwich And Pizza, Shop no.0,1,shaligram b/h gtpl, sindhu bhavan road,bodakdev,Ahmedabad,Gujarat,380054",Menu/497639.json
494244,Big Sandwich,"Vastrapur,Ahmedabad",--,Too Few Ratings,₹ 200,"Snacks,Beverages",20722038000617,https://www.swiggy.com/restaurants/big-sandwich-vastrapur-ahmedabad-494244,"Big Sandwich, SHOP NO 3 SARDAR CENTRE OPP VASTRAPUR LAKE, CASTRAPUR AHMEDABAD BODAKDEV 380052",Menu/494244.json
313419,Askanytime Kitchen,"Vastrapur,Ahmedabad",--,Too Few Ratings,₹ 300,"Indian,North Indian",20721037003975,https://www.swiggy.com/restaurants/askanytime-kitchen-vastrapur-ahmedabad-313419,"Askanytime Kitchen, F-04, Sailabh Complex, above Saasu maa,  Opp Sanjivani Hospital, Vastrapur, Ahmedabad, Gujarat 380015, India",Menu/313419.json
36333,The Blue Oven,"Vastrapur,Ahmedabad",4.3,100+ ratings,₹ 600,"Continental,Pizzas",10718026000516,https://www.swiggy.com/restaurants/the-blue-oven-vastrapur-ahmedabad-36333,"The Blue Oven, 7, Amrapali Lake View, Opposite Alpha One Mall, Vastrapur, Ahmedabad",Menu/36333.json
476711,Biggies Burger : All Veg,"Vastrapur,Ahmedabad",--,Too Few Ratings,₹ 300,"Burgers,Fast Food",10721026002150,https://www.swiggy.com/restaurants/biggies-burger-all-veg-vastrapur-ahmedabad-476711,"Biggies Burger : All Veg, Shop no 53/54 first floor sardar center, opp vastrapur lake, vastrapur, Ahmedabad, Gujarat 380015",Menu/476711.json
51676,Birmies,"Vastrapur,Ahmedabad",4.4,100+ ratings,₹ 350,"Mexican,Chinese",20719037003062,https://www.swiggy.com/restaurants/birmies-sindhu-bhavan-road-bodakdev-ahmedabad-51676,"Birmies, Opposite Tradebulls, Next to HOF Living, Sindhu Bhawan Main Road, Bodakdev, Ahmedabad",Menu/51676.json
566692,Wok Station,"Vastrapur,Ahmedabad",--,Too Few Ratings,₹ 200,Chinese,20722038002200,https://www.swiggy.com/restaurants/wok-station-vastrapur-ahmedabad-566692,"Wok Station, 280/1, PAGI ROOM JETHIYAWALU KHETAR NR.NISANG BUNGLOWS NR.SHIVDHARA FLATS,NR.HIND MKT THALTEJ,AHMEDABAD ,-380059",Menu/566692.json
145835,Massala Theoryy,"Vastrapur,Ahmedabad",4.0,20+ ratings,₹ 400,"Italian,North Indian",10719026000592,https://www.swiggy.com/restaurants/massala-theoryy-bodakdev-ahmedabad-145835,"Massala Theoryy, 12/A GROUND FLOOR, CIRCLE B PAKWAN CROSS ROADS BODKHDEV",Menu/145835.json
348738,Kovallam,"Vastrapur,Ahmedabad",4.0,50+ ratings,₹ 400,South Indian,10718026000977,https://www.swiggy.com/restaurants/kovallam-ambli-bopal-road-iscon-ramdev-nagar-ahmedabad-348738,"Kovallam, Shop No 3, Lower Basement, Privilon, Ambli Bopal Road Iscon, Ahmedabad - 380051",Menu/348738.json
472236,Fire n flames  Banquet & restaurant,"Vastrapur,Ahmedabad",--,Too Few Ratings,₹ 800,"North Indian,Indian",license,https://www.swiggy.com/restaurants/fire-n-flames-banquet-and-restaurant-vastrapur-ahmedabad-472236,"Fire n flames  Banquet & restaurant, 3rd floor Himalaya Mall, Drive In Rd, Nilmani Society, Gurukul, Ahmedabad, Gujarat 380006, India",Menu/472236.json
510857,DR'S KITCHEN,"Vastrapur,Ahmedabad",--,Too Few Ratings,₹ 300,North Indian,20722038000861,https://www.swiggy.com/restaurants/drs-kitchen-vastrapur-ahmedabad-510857,"DR'S KITCHEN, GF 11 AMRAPALI LAKE VIEW TOWER NEAR AHMEDABAD ONE MALL VASTRAPUR AHMEDABAD JODHPUR (NEW WEST ZONE) GUJARAT 380015",Menu/510857.json
497633,Smoodies & Juices: Yours Fruitfully,"Vastrapur,Ahmedabad",--,Too Few Ratings,₹ 140,"Beverages,Snacks",10721026000395,https://www.swiggy.com/restaurants/smoodies-and-juices-yours-fruitfully-vastrapur-bodakdev-ahmedabad-497633,"Smoodies & Juices: Yours Fruitfully, """"""F.F-10, PRIME PLAZA, OPP. DLA SCHOOL, BODAKDEV, AHMEDABAD, Ahmedabad Municipal Corporation, Gujarat-380054""""""",Menu/497633.json
37669,Vanilla The Cake Shop,"Vastrapur,Ahmedabad",--,Too Few Ratings,₹ 600,Bakery,10717026000432,https://www.swiggy.com/restaurants/vanilla-the-cake-shop-vastrapur-ahmedabad-37669,"Vanilla The Cake Shop, 19, Galaxy Bazar, Opposite Himalaya Mall, Sunrise Park Lane, Vastrapur, Ahmedabad",Menu/37669.json
106309,Hunny Bun,"Vastrapur,Ahmedabad",--,Too Few Ratings,₹ 300,Continental,10721026001455,https://www.swiggy.com/restaurants/hunny-bun-vastrapur-satellite-ahmedabad-106309,"Hunny Bun, Foodikon S G Highway opp Iscon mega mall  nr rajpath restaurant",Menu/106309.json
289395,Dakshini24,"Vastrapur,Ahmedabad",--,Too Few Ratings,₹ 400,South Indian,20720034000923,https://www.swiggy.com/restaurants/dakshini24-vastrapur-bodakdev-ahmedabad-289395,"Dakshini24, Dakshini24, Auda Garden Road, Bodakdev, Ahmedabad, Gujarat, India",Menu/289395.json
45038,Mocha,"Vastrapur,Ahmedabad",4.1,100+ ratings,₹ 700,"Continental,Chinese",10717026000191,https://www.swiggy.com/restaurants/mocha-bodakdev-satellite-ahmedabad-45038,"Mocha, 6-9, Ground Floor, Devashish Business Park, Opposite Krishna Complex, Bodakdev, Ahmedabad",Menu/45038.json
440978,Foodish Daily Chaska,"Vastrapur,Ahmedabad",3.8,20+ ratings,₹ 200,"Street Food,Continental",20721038001861,https://www.swiggy.com/restaurants/foodish-daily-chaska-vastrapur-ahmedabad-440978,"Foodish Daily Chaska, Shop No. 5, Ground Floor, Surnrise Shopping Centre,  Opposite Drive in Cinema, Ahmadabad, 380052",Menu/440978.json
291630,Meals101,"Vastrapur,Ahmedabad",3.8,500+ ratings,₹ 300,"Asian,North Indian",10721026000395,https://www.swiggy.com/restaurants/meals101-vastrapur-bodakdev-ahmedabad-291630,"Meals101, F.F-10, PRIME PLAZA, OPP. DLA SCHOOL, BODAKDEV, AHMEDABAD., District - Ahmedabad Municipal Corporation, STATE - Gujarat -380054",Menu/291630.json
545634,Chicago pizza,"Vastrapur,Ahmedabad",4.6,20+ ratings,₹ 400,Pizzas,20722038001769,https://www.swiggy.com/restaurants/chicago-pizza-vastrapur-ahmedabad-545634,"Chicago pizza, Shop .No:3,Corporate house,Near Pakwan Cross road,Jughes Banglow Road,Bodakdev  380054",Menu/545634.json
557621,Kulhads By Gravies,"Vastrapur,Ahmedabad",--,Too Few Ratings,₹ 100,"North Indian,Chinese",20722038001275,https://www.swiggy.com/restaurants/kulhads-by-gravies-vastrapur-ahmedabad-557621,"Kulhads By Gravies, FOOD IICON, OPP. ISCON MEGA MALL, NR. RAJPATH HOTEL, ISCON, S.G.HIGHWAY, AHMEDABAD., Bodakdev(New West Zone), Ahmedabad Municipal Corporation, Ahmedabad, Gujarat - 380015",Menu/557621.json
523847,Maharaj Fancy Dosa,"Vastrapur,Ahmedabad",--,Too Few Ratings,₹ 300,South Indian,license,https://www.swiggy.com/restaurants/maharaj-fancy-dosa-vastrapur-ahmedabad-523847,"Maharaj Fancy Dosa, STALL NO.1,NUKKAD FOOD PARK,OPP ATITHI RESTAURANT,BODAKDEV,AHMEDABAD-387001 / 380054",Menu/523847.json
428973,I Love Sandwich House,"Vastrapur,Ahmedabad",4.0,20+ ratings,₹ 600,"Desserts,Beverages",10721026001162,https://www.swiggy.com/restaurants/i-love-sandwich-house-vastrapur-ahmedabad-428973,"I Love Sandwich House, Ground Floor , Maruti Crystal complex, Opp.Rajpath Club, Sarkhej - Gandhinagar Hwy, Bodakdev, Ahmedabad, Gujarat 380015, India",Menu/428973.json
431908,Shareat Panipuri,"Vastrapur,Ahmedabad",--,Too Few Ratings,₹ 199,Chaat,20721037005166,https://www.swiggy.com/restaurants/shareat-panipuri-vastrapur-ahmedabad-431908,"Shareat Panipuri, Sarkhej - Gandhinagar Hwy, next to ISKCON Temple, Bodakdev, Ahmedabad, Gujarat 380054, India",Menu/431908.json
51680,Cafe De Italiano,"Vastrapur,Ahmedabad",4.0,20+ ratings,₹ 500,Beverages,10719026000575,https://www.swiggy.com/restaurants/cafe-de-italiano-sindhubhavan-marg-bodakdev-ahmedabad-51680,"Cafe De Italiano, Shop No 3, Ground Floor, Arista Hub, PRl Colony, Sindhubhavan Marg, Bodakdev, Vastrapur",Menu/51680.json
330098,New Real Paprika - Iscon,"Vastrapur,Ahmedabad",3.8,50+ ratings,₹ 250,"Pizzas,Pastas",20721038000753,https://www.swiggy.com/restaurants/new-real-paprika-iscon-vastrapur-satellite-ahmedabad-330098,"New Real Paprika - Iscon, G.F.6,-SHOP-SIR MOUNTNR.VASUPUJYA BUNGLOWS NR. CESALA TOEWER,OPP ISCON S G ROAD SATTELITE, 380015",Menu/330098.json
256349,Oven & Grill,"Vastrapur,Ahmedabad",3.6,500+ ratings,₹ 250,"Pizzas,Pastas",10721026000395,https://www.swiggy.com/restaurants/oven-and-grill-vastrapur-bodakdev-ahmedabad-256349,"Oven & Grill, 9/10, Prime Plaza, Above Kotak Mahindra Bank, NFD Circle, Bodakdev, Ahmedabad.",Menu/256349.json
338804,Meals of India,"Vastrapur,Ahmedabad",--,Too Few Ratings,₹ 250,"Combo,Thalis",10720026000813,https://www.swiggy.com/restaurants/meals-of-india-vastrapur-memnagar-ahmedabad-338804,"Meals of India, Ginger Hotel Drive In, behind Himalay Mall, Drive In road Ahmedabad, Ahmedabad Municipal Corporation, Ahmedabad, Gujarat 380058",Menu/338804.json
51685,Shiva'S Coffee Bar & Snacks,"Vastrapur,Ahmedabad",4.0,50+ ratings,₹ 250,Beverages,20719037005554,https://www.swiggy.com/restaurants/shivas-coffee-bar-and-snacks-bodakdev-ahmedabad-51685,"Shiva'S Coffee Bar & Snacks, 4, B/s Gujarat Dalwada, S.G Highway, Bodakdev, Ahmedabad",Menu/51685.json
121992,Eggs & Eggs,"Vastrapur,Ahmedabad",4.1,20+ ratings,₹ 200,Fast Food,20718037000085,https://www.swiggy.com/restaurants/eggs-and-eggs-vastrapur-bodakdev-ahmedabad-121992,"Eggs & Eggs, LL 11 SAGAR APPARTMENT 518/A OPP SARTHI HOTEL B/H TV TOWER BOKAKDEV AHEMDABAD MUNICIPAL",Menu/121992.json
51684,Prince Bhajipav,"Vastrapur,Ahmedabad",3.2,1K+ ratings,₹ 200,Chinese,license,https://www.swiggy.com/restaurants/prince-bhajipav-bodakdev-ahmedabad-51684,"Prince Bhajipav, Rudra Plaza, Judges Bungalow Road, Bodakdev, Ahmedabad",Menu/51684.json
43097,Fit O'Clock,"Vastrapur,Ahmedabad",4.6,50+ ratings,₹ 300,"Healthy Food,Salads",20721037001976,https://www.swiggy.com/restaurants/fit-oclock-navrangpura-thaltej-ahmedabad-43097,"Fit O'Clock, 3rd floor 303/304  S Square, Opp. Gowardhan Party Plot, Thaltej, Ahmedabad - 380059.",Menu/43097.json
416752,Modi Sandwich And Pizza,"Vastrapur,Ahmedabad",--,Too Few Ratings,₹ 149,"Fast Food,Snacks",20721037004720,https://www.swiggy.com/restaurants/modi-sandwich-and-pizza-vastrapur-ahmedabad-416752,"Modi Sandwich And Pizza, A/804, Drive In Rd, Nilmani Society, Thaltej, Ahmedabad, Gujarat 380052, India",Menu/416752.json
322215,Theokaphe  Restaurant and Bakery,"Vastrapur,Ahmedabad",--,Too Few Ratings,₹ 200,"Street Food,Pizzas",10720026000584,https://www.swiggy.com/restaurants/theokaphe-restaurant-and-bakery-vastrapur-bodakdev-ahmedabad-322215,"Theokaphe  Restaurant and Bakery, Shop No.18, Galaxy Tower, B/H Grand Bhagwati Hotel, Opp. Century Bazar, Bodakdev, 380058",Menu/322215.json
437694,First11 - The Punjabi Kitchen,"Vastrapur,Ahmedabad",3.3,100+ ratings,₹ 200,"Indian,Thalis",10721026002294,https://www.swiggy.com/restaurants/first11-the-punjabi-kitchen-vastrapur-ahmedabad-437694,"First11 - The Punjabi Kitchen, 24, Advait Complex, Ground Floor, Nr. Sandesh Press Opp. Soham Tower, Vastrapur, Ahmedabad, Gujarat 380054, India",Menu/437694.json
511736,Mr Mirchilal Samosa,"Vastrapur,Ahmedabad",4.1,20+ ratings,₹ 250,"Snacks,Fast Food",20721038001066,https://www.swiggy.com/restaurants/mr-mirchilal-samosa-vastrapur-ahmedabad-511736,"Mr Mirchilal Samosa, LOWER B-1 SONAL COMLEX OPP SANJIVANI HOSPITAL VASTRAPUR AHMEDABAD GUJARAT",Menu/511736.json
407620,Esha Meals,"Vastrapur,Ahmedabad",--,Too Few Ratings,₹ 300,Indian,20721037004468,https://www.swiggy.com/restaurants/esha-meals-vastrapur-ahmedabad-407620,"Esha Meals, C/203, Mohini Appartment, Near Atithi Dining Hall, Judges Bunglows Road- 380054",Menu/407620.json
73114,Numeron,"Vastrapur,Ahmedabad",--,Too Few Ratings,₹ 200,"North Indian,Mughlai",license,https://www.swiggy.com/restaurants/numeron-bodakdev-vastrapur-ahmedabad-73114,"Numeron, A1, Shivalik Business Centre, Opposite Kensville Golf Academy, Off SG Highway, Bodakdev, Ahmedabad",Menu/73114.json
209497,Get Desserted,"Vastrapur,Ahmedabad",4.2,100+ ratings,₹ 200,"Beverages,Desserts",20719037006599,https://www.swiggy.com/restaurants/get-desserted-bodakdev-ahmedabad-209497,"Get Desserted, Shop No. 4, Asian Square, Near Armieda, Sindhu Bhavan Road, Bodakdev, Ahmedabad",Menu/209497.json
139579,Green Rose Fastfood,"Vastrapur,Ahmedabad",--,Too Few Ratings,₹ 250,"Indian,Chinese",20721038000796,https://www.swiggy.com/restaurants/green-rose-fastfood-iim-road-vastrapur-ahmedabad-139579,"Green Rose Fastfood, 4 - MANORAMA COMPLEX,NR.VIDHYANAGAR FLAT, IIM ROAD,AHMEDABAD",Menu/139579.json
533543,Hungry Sardar,"Vastrapur,Ahmedabad",--,Too Few Ratings,₹ 400,"North Indian,Chinese",20722038001580,https://www.swiggy.com/restaurants/hungry-sardar-vastrapur-ahmedabad-533543,"Hungry Sardar, G.F. SHOP-7, SHIVALIK SHILP, ISCON CROSS ROAD, AMBLI-BOPAL RAOD, S.G.HIGHWAY, AHMEDABAD , Thaltej(New West Zone) Ahmedabad, Gujarat-380052",Menu/533543.json
131615,Jain Dairy,"Vastrapur,Ahmedabad",--,Too Few Ratings,₹ 200,Beverages,10716026000602,https://www.swiggy.com/restaurants/jain-dairy-bodakdev-vastrapur-ahmedabad-131615,"Jain Dairy, Shop L/5 Classic Palace Opp. Sarita Complex Bodakdev Ahmedabad-380054",Menu/131615.json
247643,Juice My Day,"Vastrapur,Ahmedabad",4.2,100+ ratings,₹ 250,"Healthy Food,Beverages",20721037005047,https://www.swiggy.com/restaurants/juice-my-day-vastrapur-ahmedabad-247643,"Juice My Day, Mumbai masala,Mangal - Jyot Complex, Opp. Aristo Ville, Rajshree Flat, Jodhpur Cross Road, Satellite, Ahmedabad, Gujarat, 380015",Menu/247643.json
188864,Sheetal Dal Pakwan,"Vastrapur,Ahmedabad",--,Too Few Ratings,₹ 150,Snacks,20718038000298,https://www.swiggy.com/restaurants/sheetal-dal-pakwan-prahlad-nagar-jodhpur-village-ahmedabad-188864,"Sheetal Dal Pakwan, Abhishree Complex, Jodhpur Village, Ahmedabad, Gujarat, India",Menu/188864.json
500831,Basil'S Pizzaria,"Vastrapur,Ahmedabad",--,Too Few Ratings,₹ 500,"Pizzas,Chinese",10722026000195,https://www.swiggy.com/restaurants/basils-pizzaria-vastrapur-ahmedabad-500831,"Basil'S Pizzaria, 1, Rajshri Arcade, Nr. Panchtirth Tower, Jodhpur Char Rasta, Jodhpur, Ahmedabad",Menu/500831.json
482242,Shikarpuri Sweet Mart,"Vastrapur,Ahmedabad",--,Too Few Ratings,₹ 200,"Sweets,Snacks",10721026001862,https://www.swiggy.com/restaurants/shikarpuri-sweet-mart-vastrapur-ahmedabad-482242,"Shikarpuri Sweet Mart, P 2/2, Payal Flats, Nr. Mansi Circle, Vastrapur, Ahmedabad. 380015",Menu/482242.json
394128,Sher A Punjab Paratha,"Vastrapur,Ahmedabad",--,Too Few Ratings,₹ 200,North Indian,license,https://www.swiggy.com/restaurants/sher-a-punjab-paratha-jodhpur-village-jodhpur-cross-road-ahmedabad-394128,"Sher A Punjab Paratha, 15 G.F. Mangal - Jyot Complex, Opp. Aristo Ville, Rajshree Flat, Jodhpur Cross Road, Satellite, Ahmedabad, Gujarat, 380015",Menu/394128.json
58089,Iscon Ganthiya,"Vastrapur,Ahmedabad",4.1,100+ ratings,₹ 100,"Indian,Thalis",10712026000377,https://www.swiggy.com/restaurants/iscon-ganthiya-vastrapur-ahmedabad-58089,"Iscon Ganthiya, Sailabh Complex, Oppositte Sanjivani Hospital, Vastrapur, Ahmedabad",Menu/58089.json
484304,T M Fast Food,"Vastrapur,Ahmedabad",--,Too Few Ratings,₹ 250,Fast Food,20719037005685,https://www.swiggy.com/restaurants/t-m-fast-food-vastrapur-ahmedabad-484304,"T M Fast Food, NR BODAKDEV GARDEN,OPP GARDEN VIEW CORPORATE HOUSE,BODAKDEV,AHMEDABAD-380054",Menu/484304.json
481036,Jalaram Parotha House,"Vastrapur,Ahmedabad",--,Too Few Ratings,₹ 300,"North Indian,Punjabi",20721038000544,https://www.swiggy.com/restaurants/jalaram-parotha-house-vastrapur-ahmedabad-481036,"Jalaram Parotha House, 14 G F Mangal-Jyot Society, Opp- Aristo Ville, Jodhpur Char Rasta, Satellite-380015",Menu/481036.json
448329,Ching Chong Asian,"Vastrapur,Ahmedabad",3.2,20+ ratings,₹ 250,"Chinese,Asian",license,https://www.swiggy.com/restaurants/ching-chong-asian-vastrapur-ahmedabad-448329,"Ching Chong Asian, 17, G.F. Mangal-Society, Opp-Aristo Ville, Jodhpur Char Rasta, Satellite. Ahmedabad, Ahmedabad Municipal Corporation, Ahmedabad, , Gujarat,  380015",Menu/448329.json
310367,Urban Foodie,"Vastrapur,Ahmedabad",--,Too Few Ratings,₹ 200,"Snacks,Italian",20721038000395,https://www.swiggy.com/restaurants/urban-foodie-vastrapur-ahmedabad-310367,"Urban Foodie, 107, HIMALAYA ARCHADE-A, NEHRU PARK, VASTRAPUR, AHMEDABAD., Ahmedabad Municipal Corporation, Ahmedabad Municipal Corporation, Gujarat, 380015",Menu/310367.json
426317,Frankies And Fries,"Vastrapur,Ahmedabad",--,Too Few Ratings,₹ 200,"Continental,Beverages",license,https://www.swiggy.com/restaurants/frankies-and-fries-prahlad-nagar-ahmedabad-426317,"Frankies And Fries, SHOP NO L-20, RATNAMANI COMPLEX,JODHPUR CIRCLE,SATELLITE,AHMEDABAD, Jodhpur Char Rasta , Ahmedabad Municipal Corporation 380015",Menu/426317.json
150248,Jay Julelal Dal-Pakwan,"Vastrapur,Ahmedabad",--,Too Few Ratings,₹ 150,Snacks,20719037002248,https://www.swiggy.com/restaurants/jay-julelal-dal-pakwan-satellite-ahmedabad-150248,"Jay Julelal Dal-Pakwan, Sudarshan Complex, Opposite Saman Complex, Near Mansi Circle, Vastrapur, Satllite Ahmedabad",Menu/150248.json
365918,Jay Bhavani Vadapav,"Vastrapur,Ahmedabad",4.3,50+ ratings,₹ 200,Snacks,20722038001336,https://www.swiggy.com/restaurants/jay-bhavani-vadapav-s-g-highway-satellite-ahmedabad-365918,"Jay Bhavani Vadapav, G F 7/B, SURMOUNT, NEAR VASUPUJYA, BUNGLOWS,OPP. ISCON, SATELLITE, Ahmedabad . , Ahmedabad City, Ahmedabad Municipal Corporation, Gujarat - 380015",Menu/365918.json
545995,Murugappas Kitchen,"Vastrapur,Ahmedabad",--,Too Few Ratings,₹ 150,South Indian,20721035000866,https://www.swiggy.com/restaurants/murugappas-kitchen-vastrapur-ahmedabad-545995,"Murugappas Kitchen, GR FLR/18 MANAGEMENT ENCLAVE NR NEHRUPARK VASTRAPUR AHMEDABAD-380015",Menu/545995.json
312309,Ripples - Avalon Hotel,"Vastrapur,Ahmedabad",--,Too Few Ratings,₹ 300,"Beverages,Desserts",10718026000956,https://www.swiggy.com/restaurants/ripples-avalon-hotel-vastrapur-thaltej-ahmedabad-312309,"Ripples - Avalon Hotel, TP-50,FP-117,52/1/OPP-MANGO GARDEN,BODAKDEV,AHMEDABAD-54., District - Ahmedabad Municipal Corporation, STATE - Gujarat",Menu/312309.json
37647,Pizza Hut,"Vastrapur,Ahmedabad",3.6,100+ ratings,₹ 600,Pizzas,10718026001004,https://www.swiggy.com/restaurants/pizza-hut-vastrapur-ahmedabad-37647,"Pizza Hut, Pizzahut Ahmedabad -1 , Ahmedabad -1 mall , near Vastrapur lake ,Vastra pur , Ahmedabad-380015",Menu/37647.json
407852,Tanoor,"Vastrapur,Ahmedabad",4.2,20+ ratings,₹ 800,"Middle Eastern,Mediterranean",20721036000001,https://www.swiggy.com/restaurants/tanoor-vastrapur-ahmedabad-407852,"Tanoor, Mohini Complex, Bodakdev Rd, Bodakdev, Ahmedabad, Gujarat 380054, India",Menu/407852.json
36780,Kabir Restaurant,"Vastrapur,Ahmedabad",4.2,1K+ ratings,₹ 400,"Indian,Gujarati",10721026001945,https://www.swiggy.com/restaurants/kabir-restaurant-gurukul-memnagar-ahmedabad-36780,"Kabir Restaurant, JB Tower, Opposite Doordarshan Kendra, Drive In Road, Gurukul, Ahmedabad",Menu/36780.json
154865,Mr & Mrs Somani - The Grand Bhagwati,"Vastrapur,Ahmedabad",4.2,100+ ratings,₹ 400,"North Indian,Indian",10718026000110,https://www.swiggy.com/restaurants/mr-and-mrs-somani-the-grand-bhagwati-the-grand-bhagwati-bodakdev-ahmedabad-154865,"Mr & Mrs Somani - The Grand Bhagwati, The Grand Bhagwati, S G Highway, Bodakdev, Ahmedabad",Menu/154865.json
352970,Burger Box,"Vastrapur,Ahmedabad",--,Too Few Ratings,₹ 250,Beverages,20721038000003,https://www.swiggy.com/restaurants/burger-box-vastrapur-ahmedabad-352970,"Burger Box, B-2A, HIRAK CENTER,NR VASTRAPUR LAKE VASTRAPUR AHMEDABAD, Bodakdev(New West Zone), Ahmedabad Municipal Corporation, Ahmedabad, Gujarat - 380015",Menu/352970.json
98660,Gita Samosa Centre,"Vastrapur,Ahmedabad",4.4,100+ ratings,₹ 200,"Snacks,Fast Food",20718038000437,https://www.swiggy.com/restaurants/gita-samosa-centre-satellite-ahmedabad-98660,"Gita Samosa Centre, 14, Vaibhav Tower, Opposite Nalanda Complex, Premchandnagar Road, Satellite, Ahmedabad",Menu/98660.json
551187,The Frisk Whisk Bakery & Cafe,"Vastrapur,Ahmedabad",--,Too Few Ratings,₹ 200,"Beverages,Salads",20722038001910,https://www.swiggy.com/restaurants/the-frisk-whisk-bakery-and-cafe-vastrapur-ahmedabad-551187,"The Frisk Whisk Bakery & Cafe, Shop No.26, Shivalik Avenue, Nr Nirma School, Bodakdev, Ahmedabad,380054",Menu/551187.json
224779,Legends Of Punjab - By Pepperazi,"Vastrapur,Ahmedabad",3.6,20+ ratings,₹ 700,"North Indian,Thai",10719026001485,https://www.swiggy.com/restaurants/legends-of-punjab-by-pepperazi-vastrapur-bodakdev-ahmedabad-224779,"Legends Of Punjab - By Pepperazi, 102, First Floor, Silver Radiance, Sindhu Bhawan Road, Bodakdev, Ahmedabad",Menu/224779.json
517181,Chatoree,"Vastrapur,Ahmedabad",--,Too Few Ratings,₹ 300,"Chinese,Chaat",10721026001142,https://www.swiggy.com/restaurants/chatoree-vastrapur-ahmedabad-517181,"Chatoree, TF-FS-4, ALPHAONE, NR. VASTRAPUR LAKE, VASTRAPUR, AHMEDABAD, GUJARAT, 380054",Menu/517181.json
476909,Mba Chai Wala,"Vastrapur,Ahmedabad",--,Too Few Ratings,₹ 200,"Beverages,Fast Food",20721035000668,https://www.swiggy.com/restaurants/mba-chai-wala-vastrapur-ahmedabad-476909,"Mba Chai Wala, SHOP G 2 KALYAN TOWER, BH LAKE VIEW FLATS NR. JAY SOMNATH FLATS,  VASTRAPUR AHMEDABAD-380052",Menu/476909.json
365925,Varietea  Rooftop,"Vastrapur,Ahmedabad",--,Too Few Ratings,₹ 200,"Beverages,Italian",license,https://www.swiggy.com/restaurants/varietea-rooftop-vastrapur-bodakdev-ahmedabad-365925,"Varietea  Rooftop, Rooftop, Shilp Aaron, Shindhu Bhavan Marg, Bodakdev, Ahmedabad, Gujarat - 380054",Menu/365925.json
577524,EAT FOR FIT,"Vastrapur,Ahmedabad",--,Too Few Ratings,₹ 200,"Healthy Food,Salads",20722038002507,https://www.swiggy.com/restaurants/eat-for-fit-vastrapur-ahmedabad-577524,"EAT FOR FIT, 2ND FLOOR,HERITAGE BULIDING NR.THE  GRAND BHAGWATI,S.G .HIGHWAY.BODAKDEV,  Bodakdev(New West Zone), Ahmedabad  Municipal Corporation, Ahmedabad,  Gujarat - 380054",Menu/577524.json
531687,JK Omlette,"Vastrapur,Ahmedabad",--,Too Few Ratings,₹ 400,Indian,20722038001339,https://www.swiggy.com/restaurants/jk-omlette-vastrapur-ahmedabad-531687,"JK Omlette, Shop G-9, Sunrise Shopping Centre, Opposite Himalaya Mall, Drive-in Cinema Road, Gurukul, Ahmedabad 380054",Menu/531687.json
428627,S G Highway Egg Point,"Vastrapur,Ahmedabad",--,Too Few Ratings,₹ 100,"Street Food,Indian",license,https://www.swiggy.com/restaurants/s-g-highway-egg-point-vastrapur-ahmedabad-428627,"S G Highway Egg Point, Premchand Nagar, satellite,, Bodakdev , Ahmedabad Municipal Corporation, Ahmedabad Municipal Corporation, Gujarat, 380015",Menu/428627.json
84146,Biggy Buns,"Vastrapur,Ahmedabad",--,Too Few Ratings,₹ 400,Beverages,20721037001701,https://www.swiggy.com/restaurants/biggy-buns-road-vastrapur-ahmedabad-84146,"Biggy Buns, V/6, v block 4th floor Sagar apartment, Opp Amaltas bunglows, Vastrapur road Vastrapur, Ahmedabad 380054",Menu/84146.json
84145,Binharif'S Dabeli,"Vastrapur,Ahmedabad",3.7,50+ ratings,₹ 150,"Fast Food,Snacks",20718037001337,https://www.swiggy.com/restaurants/binharifs-dabeli-bodakdev-ahmedabad-84145,"Binharif'S Dabeli, A/2, Ground Floor, Mohini Complex, Nr. B/s. Atithi Dining Hall, Bodakdev, Ahmedabad",Menu/84145.json
37757,Chula Dhosa Hut,"Vastrapur,Ahmedabad",--,Too Few Ratings,₹ 400,South Indian,20719038000025,https://www.swiggy.com/restaurants/chula-dhosa-hut-vastrapur-ahmedabad-37757,"Chula Dhosa Hut, G-5, Hirak Centre, Lad Society Road, Naherunagar, Vastrapur Rd, Vastrapur, Ahmedabad, Gujarat",Menu/37757.json
55947,Raju Omelette,"Vastrapur,Ahmedabad",--,Too Few Ratings,₹ 200,Snacks,20719037005898,https://www.swiggy.com/restaurants/raju-omelette-gurukul-memnagar-ahmedabad-55947,"Raju Omelette, L 38, Indraprasth Complex, Near Himalaya Mall, Drive In Road, Gurukul, Ahmedabad",Menu/55947.json
562166,SPACEBAR SPORTS CAFE,"Vastrapur,Ahmedabad",--,Too Few Ratings,₹ 300,"French,Fast Food",20722038001827,https://www.swiggy.com/restaurants/spacebar-sports-cafe-vastrapur-ahmedabad-562166,"SPACEBAR SPORTS CAFE, 205,SILVER RADIANCE,SINDHU BHAVAN ROAD,BODAKDEV,AHMEDABAD-380059",Menu/562166.json
243025,After Dark,"Vastrapur,Ahmedabad",3.3,20+ ratings,₹ 300,Indian,20719038000347,https://www.swiggy.com/restaurants/after-dark-vastrapur-ahmedabad-243025,"After Dark, GF/2 AAKRUTI COMPLEX nehru park opposite fountain vastrapur",Menu/243025.json
105268,UBQ By Barbeque Nation,"Vastrapur,Ahmedabad",3.8,100+ ratings,₹ 300,"North Indian,Barbecue",10719026000054,https://www.swiggy.com/restaurants/ubq-by-barbeque-nation-satya-one-memnagar-ahmedabad-105268,"UBQ By Barbeque Nation, 101, Satya One, Opp. Manav Mandir, Drive In Road, Memnagar, Ahmedabad, Gujarat - 380052",Menu/105268.json
47421,Cocoa Drama,"Vastrapur,Ahmedabad",--,Too Few Ratings,₹ 150,Desserts,license,https://www.swiggy.com/restaurants/cocoa-drama-vastrapur-gurukul-ahmedabad-47421,"Cocoa Drama, 6,SUNRISE PARK COCOA DRAMA OPP ADVAIT COMPLEX SANDESH PRESS ROAD VASTRAPUR",Menu/47421.json
47422,The Big F,"Vastrapur,Ahmedabad",3.6,100+ ratings,₹ 300,Beverages,10720026000455,https://www.swiggy.com/restaurants/the-big-f-vastrapur-ahmedabad-47422,"The Big F, 3, Sardar Complex, opposite Vastrapur lake",Menu/47422.json
99983,Roti Da Wraps,"Vastrapur,Ahmedabad",3.9,50+ ratings,₹ 250,Snacks,20722038000752,https://www.swiggy.com/restaurants/roti-da-wraps-himalaya-mall-gurukul-memnagar-ahmedabad-99983,"Roti Da Wraps, Himalaya Mall, Drive In Road, Memnagar, Ahmedabad 380052, Bodakdev(New West Zone), Ahmedabad Municipal Corporation, Ahmedabad, Gujarat - 380052",Menu/99983.json
524806,Chai Sutta Bar,"Vastrapur,Ahmedabad",--,Too Few Ratings,₹ 350,"Beverages,Italian-American",20722037000368,https://www.swiggy.com/restaurants/chai-sutta-bar-vastrapur-ahmedabad-524806,"Chai Sutta Bar, UNIT I/C HIMALAYA ARCHADE - A, NEHRU PARK , VASTRAPUR, AHEMDABAD , VASTRAL ( EAST ZONE ) AHMEDABAD GUJARAT 380015",Menu/524806.json
245209,Mm'S Pizzeria,"Vastrapur,Ahmedabad",4.6,20+ ratings,₹ 600,Pizzas,20719033000640,https://www.swiggy.com/restaurants/mms-pizzeria-satellite-ahmedabad-245209,"Mm'S Pizzeria, S/62, Satellite Complex, Opposite Mansi Circle, Premchandnagar Road, Opposite H P PETROL pump, Besides Karnavati Co-op Bank, Satellite, Ahmedabad - 380015",Menu/245209.json
574024,SHRI SAI PARATHA,"Vastrapur,Ahmedabad",--,Too Few Ratings,₹ 400,"North Indian,Indian",20722038002433,https://www.swiggy.com/restaurants/shri-sai-paratha-vastrapur-ahmedabad-574024,"SHRI SAI PARATHA, GF 13 DEVPREET COMPLEX NR DLA SCHOOL BODAKDEV CROSS ROAD BODAKDEV AHMEDABAD",Menu/574024.json
54742,Kesar Foods,"Vastrapur,Ahmedabad",4.3,500+ ratings,₹ 400,Indian,20719001000321,https://www.swiggy.com/restaurants/kesar-foods-vastrapur-ahmedabad-54742,"Kesar Foods, G 6, Himalaya Complex, Nehru Park, Vastrapur, Ahmedabad",Menu/54742.json
178816,Juice Pitara,"Vastrapur,Ahmedabad",4.4,100+ ratings,₹ 200,"Juices,Beverages",20719037004130,https://www.swiggy.com/restaurants/juice-pitara-satellite-jodhpur-jodhpur-village-ahmedabad-178816,"Juice Pitara, Shop no.12, ground floor, mangal jyot co-operative housing SOC, opp venus LVY flats, jodhpur cross road, ahmedabad",Menu/178816.json
543430,Ha Moj Ha,"Vastrapur,Ahmedabad",--,Too Few Ratings,₹ 150,"Italian-American,Fast Food",20722038001939,https://www.swiggy.com/restaurants/ha-moj-ha-vastrapur-ahmedabad-543430,"Ha Moj Ha, G 12 HIRAK CENTRE SAINATH APPARTMENT NEHRUPARK VASTRAPUR THALTEJ( NEW WEST ZONE) AHMEDABAD",Menu/543430.json
47783,Santushti - Shakes & More,"Vastrapur,Ahmedabad",4.1,500+ ratings,₹ 300,"Desserts,Beverages",10018021003214,https://www.swiggy.com/restaurants/santushti-shakes-and-more-bodakdev-ahmedabad-47783,"Santushti - Shakes & More, Ground Floor, Corporate House, Judges Bungalow Road, Bodakdev, Ahmedabad",Menu/47783.json
36654,Hyderabadi Hut,"Vastrapur,Ahmedabad",3.7,100+ ratings,₹ 350,"Hyderabadi,North Indian",10717026000577,https://www.swiggy.com/restaurants/hyderabadi-hut-himalaya-mall-gurukul-memnagar-ahmedabad-36654,"Hyderabadi Hut, Shop No. 203, 1st Floor, Himalaya Mall, Drive In Road, Gurukul, Ahmedabad",Menu/36654.json
50149,Upper Crust,"Vastrapur,Ahmedabad",4.2,100+ ratings,₹ 800,"Indian,Chinese",10719026000703,https://www.swiggy.com/restaurants/upper-crust-vastrapur-gurukul-ahmedabad-50149,"Upper Crust, 4 & 5, Shubham Complex, Sunrise Park Corner, Near Vastrapur Lake, Vastrapur, Ahmedabad",Menu/50149.json
194287,New Prince Bhajipav Corner,"Vastrapur,Ahmedabad",4.0,500+ ratings,₹ 300,South Indian,20720033001453,https://www.swiggy.com/restaurants/new-prince-bhajipav-corner-vastrapur-ahmedabad-194287,"New Prince Bhajipav Corner, 1,2 Balaji Avenue, Nr. Mansi Circle, Bodakdev, Vastrapur - 380015",Menu/194287.json
355905,Shobha Foods,"Vastrapur,Ahmedabad",3.7,20+ ratings,₹ 200,"North Indian,Indian",20720038001032,https://www.swiggy.com/restaurants/shobha-foods-vastrapur-ahmedabad-355905,"Shobha Foods, 5 shailabh complex opp sanjivni hospital, Vastrapur ahmedabad 380059",Menu/355905.json
517768,Dragon King,"Vastrapur,Ahmedabad",--,Too Few Ratings,₹ 300,Chinese,20722038000392,https://www.swiggy.com/restaurants/dragon-king-vastrapur-ahmedabad-517768,"Dragon King, SHOP NO.8/GF,CHINMAY SRYSTAL TOWER,OPP VASTRAPUR LAKE,VASTRAPUR,AHMEDABAD-380015",Menu/517768.json
236421,Shen,"Vastrapur,Ahmedabad",--,Too Few Ratings,₹ 250,Chinese,10722026000080,https://www.swiggy.com/restaurants/shen-vastrapur-ahmedabad-236421,"Shen, Ground Floor, Survey No:- 14/1, 153 PAIKI,  Opp. Kamnath Mahadev Mandir, Vastrapur  Lake, Vastrapur, Ahmedabad. , Ahmedabad,  Gujarat-380015",Menu/236421.json
108343,Chhaswala,"Vastrapur,Ahmedabad",4.6,100+ ratings,₹ 200,"Beverages,Desserts",20718038000565,https://www.swiggy.com/restaurants/chhaswala-satellite-ahmedabad-108343,"Chhaswala, L 23 DEMOCRETIC CO OP SO LTD RATNAMANI TOWER JODHPUR AHMEDABAD AHMEDABAD MUNICIPAL CORPORATION AHMEDABAD",Menu/108343.json
210151,Roastery Cultur - The Coffee Company,"Vastrapur,Ahmedabad",4.2,50+ ratings,₹ 450,Beverages,10719026000923,https://www.swiggy.com/restaurants/roastery-cultur-the-coffee-company-vastrapur-bodakdev-ahmedabad-210151,"Roastery Cultur - The Coffee Company, 41, Spring Field Row House, Near Amul Auda Garden Judges, Bunglow Road, Bodakdev, Ahmedabad,Bodakdev, Ahmedabad,Ahmedabad",Menu/210151.json
517764,Charcoal -Creating Memories,"Vastrapur,Ahmedabad",--,Too Few Ratings,₹ 300,"North Indian,Indian",20722038000022,https://www.swiggy.com/restaurants/charcoal-creating-memories-vastrapur-ahmedabad-517764,"Charcoal -Creating Memories, SHOP.NO.8/GF,CHINMAY CRYSTAL TOWER,OPP VASTRAPUR LAKE,VASTRAPUR,AHMEDABAD-380015",Menu/517764.json
334648,The Rookies Kitchen,"Vastrapur,Ahmedabad",4.2,100+ ratings,₹ 200,"Snacks,North Indian",10721026001615,https://www.swiggy.com/restaurants/the-rookies-kitchen-vastrapur-satellite-ahmedabad-334648,"The Rookies Kitchen, 242, Om towers, Nr. Star India Bazaar, Satellite,380015",Menu/334648.json
270210,Cake Dengo Cake Shop,"Vastrapur,Ahmedabad",3.8,100+ ratings,₹ 500,Desserts,20721038001102,https://www.swiggy.com/restaurants/cake-dengo-cake-shop-gurukul-rod-drive-in-road-ahmedabad-270210,"Cake Dengo Cake Shop, Unit No 11-12 Gokul Complex Opp Gurukul Mandir Drive In Road Memnagar, Thaltej(New West Zone), Ahmedabad Municipal Corporation, Ahmedabad, Gujarat - 380052",Menu/270210.json
247678,Wack Waffles & Brownies,"Vastrapur,Ahmedabad",3.9,50+ ratings,₹ 300,"Waffle,Desserts",20721037005047,https://www.swiggy.com/restaurants/wack-waffles-and-brownies-vastrapur-ahmedabad-247678,"Wack Waffles & Brownies, 15 G.F. Mangal- Jyot Society, Opp. Aristo Ville, Jodhpur Char Rasta, Satellite, Rajshree Flat,, Ahmedabad Municipal Corporation, Ahmedabad Municipal Corporation, Gujarat, 380015",Menu/247678.json
146981,Masti Juice Shahibaugwala,"Vastrapur,Ahmedabad",4.1,50+ ratings,₹ 150,"Juices,Beverages",20719001000186,https://www.swiggy.com/restaurants/masti-juice-shahibaugwala-prahlad-nagar-satellite-ahmedabad-146981,"Masti Juice Shahibaugwala, Gf-9,Surmount Tower, Opp- Iscon Mall, Ahmedabad",Menu/146981.json
448301,Beijing Chicken Lollipops,"Vastrapur,Ahmedabad",3.5,50+ ratings,₹ 250,"Asian,Chinese",license,https://www.swiggy.com/restaurants/beijing-chicken-lollipops-vastrapur-ahmedabad-448301,"Beijing Chicken Lollipops, 17, G.F. Mangal-Society, Opp-Aristo Ville, Jodhpur Char Rasta, Satellite. Ahmedabad, Ahmedabad Municipal Corporation, Ahmedabad, , Gujarat,  380015",Menu/448301.json
191660,Food Ikon,"Vastrapur,Ahmedabad",--,Too Few Ratings,₹ 300,"Tandoor,Chinese",20717038000203,https://www.swiggy.com/restaurants/food-ikon-vastrapur-satellite-ahmedabad-191660,"Food Ikon, FOOD IKON, Sarkhej - Gandhinagar Highway, Satellite, Ahmedabad, Gujarat, India",Menu/191660.json
247682,Miami Shakes & More,"Vastrapur,Ahmedabad",3.7,100+ ratings,₹ 200,"Desserts,Beverages",20721037005047,https://www.swiggy.com/restaurants/miami-shakes-and-more-vastrapur-ahmedabad-247682,"Miami Shakes & More, 15 G.F. Mangal- Jyot Society, Opp. Aristo Ville, Jodhpur Char Rasta, Satellite, Rajshree Flat,, Ahmedabad Municipal Corporation, Ahmedabad Municipal Corporation, Gujarat, 380015",Menu/247682.json
358186,Sante Spa Cuisine,"Vastrapur,Ahmedabad",4.4,50+ ratings,₹ 700,"Japanese,Mediterranean",10719026000398,https://www.swiggy.com/restaurants/sante-spa-cuisine-vastrapur-bodakdev-ahmedabad-358186,"Sante Spa Cuisine, Sante spa cuisine LLP White crow building 2nd floor, block B, NavratnaBussiness Park Sindhubhavan road, off, Sarkhej - Gandhinagar Hwy, Bodakdev, Ahmedabad, Gujarat 380054",Menu/358186.json
456054,Pandeyji Parcel Point,"Vastrapur,Ahmedabad",4.1,50+ ratings,₹ 200,"North Indian,Chinese",20721038001695,https://www.swiggy.com/restaurants/pandeyji-parcel-point-vastrapur-ahmedabad-456054,"Pandeyji Parcel Point, 3,GROUND FLOOR,SAMAN COMPLEX,NEAR VAIBHAV TOWER,JODHPUR,SATELLITE,AHMEDABAD-380015",Menu/456054.json
459568,Khichdi Affairs,"Vastrapur,Ahmedabad",--,Too Few Ratings,₹ 250,"Healthy Food,Gujarati",20721038001371,https://www.swiggy.com/restaurants/khichdi-affairs-vastrapur-ahmedabad-459568,"Khichdi Affairs, 24/GF, MANAGEMENT ENCLAVE, NR. NEHRU PARK, B/H. I.I.M, VASTRAPUR, AHMEDABAD",Menu/459568.json
36191,R.K. Egg Eatery,"Vastrapur,Ahmedabad",4.0,1K+ ratings,₹ 200,"Indian,Mughlai",10720026000805,https://www.swiggy.com/restaurants/r-k-egg-eatery-vastrapur-ahmedabad-36191,"R.K. Egg Eatery, A 8, Ground Floor, Himalaya Arcade, Vastrapur, Ahmedabad",Menu/36191.json
559030,The Hunger Box,"Vastrapur,Ahmedabad",--,Too Few Ratings,₹ 400,"Snacks,Chinese",10721026002148,https://www.swiggy.com/restaurants/the-hunger-box-vastrapur-ahmedabad-559030,"The Hunger Box, FF  2,3, Rudrapath complex, Nr. Rajpath club, SG highway, Bodakdev, Ahmedabad.  380051",Menu/559030.json
483419,Pehar A Rooftop Restro Cafe,"Vastrapur,Ahmedabad",--,Too Few Ratings,₹ 1100,"North Indian,Italian",10721026000454,https://www.swiggy.com/restaurants/pehar-a-rooftop-restro-cafe-vastrapur-ahmedabad-483419,"Pehar A Rooftop Restro Cafe, Pehar: A Rooftop Restro Cafe Unit No: 1304(13th Floor) and Tarrace, Colonnade, Opp. Iscon Mandir BRTS, Iscon-Ambli Road, Ahmedabad, Ahmedabad Municipal Corporation, Gujarat-380059",Menu/483419.json
286810,Jassi De Parathe,"Vastrapur,Ahmedabad",4.3,500+ ratings,₹ 600,North Indian,10718026000739,https://www.swiggy.com/restaurants/jassi-de-parathe-vastrapur-ahmedabad-286810,"Jassi De Parathe, 28, Sardar Centre, Vastrapur, Ahmedabad,Vastrapur,Ahmedabad",Menu/286810.json
222002,Laxmi Ganthiya Rath,"Vastrapur,Ahmedabad",4.1,100+ ratings,₹ 200,"Gujarati,Snacks",10721026000993,https://www.swiggy.com/restaurants/laxmi-ganthiya-rath-vastrapur-ahmedabad-222002,"Laxmi Ganthiya Rath, Shivam Sundaram Complex, Gurukul Road, Sushil Nagar Society, Memnagar, Ahmedabad, Gujarat, India",Menu/222002.json
59651,The Pancake Story,"Vastrapur,Ahmedabad",4.1,50+ ratings,₹ 300,Desserts,license,https://www.swiggy.com/restaurants/the-pancake-story-bodakdev-ahmedabad-59651,"The Pancake Story, Ground Floor, Akshat Complex, Beside Kotak Bank, Near Pakwan Restaurant Service Road towards Gordhan Thal, Bodakdev, Ahmedabad",Menu/59651.json
374659,Molly Moo Ice Creams,"Vastrapur,Ahmedabad",4.5,20+ ratings,₹ 200,"Ice Cream,Desserts",20721038000508,https://www.swiggy.com/restaurants/molly-moo-ice-creams-vastrapur-ahmedabad-374659,"Molly Moo Ice Creams, GF 4 MAGNIFICO, OPP TIMES SQUARE -2, SINDHUBHAVAN, THALTEJ ROAD, AHMEDABAD 380054 GUJARAT",Menu/374659.json
444297,Chup Chaap,"Vastrapur,Ahmedabad",3.0,20+ ratings,₹ 200,"North Indian,Chinese",10721026002294,https://www.swiggy.com/restaurants/chup-chaap-vastrapur-ahmedabad-444297,"Chup Chaap, GF-24, ADVAIT COMPLEX, NR. SANDESH PRESS, VASTRAPUR, Ahmedabad Municipal Corporation, Ahmedabad, Gujarat, c	",Menu/444297.json
36194,Cafe Piano - The Grand Bhagwati,"Vastrapur,Ahmedabad",4.2,500+ ratings,₹ 400,"North Indian,American",10718026000110,https://www.swiggy.com/restaurants/cafe-piano-the-grand-bhagwati-the-grand-bhagwati-bodakdev-ahmedabad-36194,"Cafe Piano - The Grand Bhagwati, The Grand Bhagwati, S.G. Highway, Bodakdev, Ahmedabad",Menu/36194.json
382272,East Pizza Co,"Vastrapur,Ahmedabad",--,Too Few Ratings,₹ 350,"Pizzas,Pastas",10721026000395,https://www.swiggy.com/restaurants/east-pizza-co-vastrapur-bodakdev-ahmedabad-382272,"East Pizza Co, First Floor, Prime Plaza,  Sumeru, Bodakdev,  Ahmedabad, Gujarat",Menu/382272.json
494421,Desi-Videsi,"Vastrapur,Ahmedabad",--,Too Few Ratings,₹ 400,"North Indian,Snacks",10721026001543,https://www.swiggy.com/restaurants/desi-videsi-vastrapur-ahmedabad-494421,"Desi-Videsi, 3rd floor, Shilp Epitome Behind Rajpath Club",Menu/494421.json
425425,Testee Food And Grooh Udhyog,"Vastrapur,Ahmedabad",--,Too Few Ratings,₹ 250,"North Indian,Salads",10720026000886,https://www.swiggy.com/restaurants/testee-food-and-grooh-udhyog-vastrapur-ahmedabad-425425,"Testee Food And Grooh Udhyog, 2, Thaltej Rd, Sardar Patel Colony, Thaltej, Ahmedabad, Gujarat 380054, India",Menu/425425.json
60762,La Tasty Sevusal,"Vastrapur,Ahmedabad",4.0,20+ ratings,₹ 200,"Fast Food,Snacks",20720037000593,https://www.swiggy.com/restaurants/la-tasty-sevusal-vastrapur-ahmedabad-60762,"La Tasty Sevusal, 6, Ground Floor, Kalyan Towers, Opposite Alpha One Mall Exit Gate, Vastrapur, Ahmedabad",Menu/60762.json
494781,Gj 3,"Vastrapur,Ahmedabad",--,Too Few Ratings,₹ 250,"Snacks,Indian",license,https://www.swiggy.com/restaurants/gj-3-vastrapur-ahmedabad-494781,"Gj 3, Flat No. 2, G.F. Advait Appartment, Judges Bunglow Road, Bodakdev, Ahmedabad, Gujarat-380054",Menu/494781.json
361592,Hl Frankie,"Vastrapur,Ahmedabad",4.1,100+ ratings,₹ 150,"Italian,Chinese",20721038000222,https://www.swiggy.com/restaurants/hl-frankie-vastrapur-ahmedabad-361592,"Hl Frankie, A/107 Himalaya Arcade, Opp. Vastrapur lake Vastrapur Ahmedabad",Menu/361592.json
307048,Ambika Dalwada,"Vastrapur,Ahmedabad",4.8,20+ ratings,₹ 150,"Fast Food,Snacks",20720033000440,https://www.swiggy.com/restaurants/ambika-dalwada-nehru-park-circle-vastrapur-ahmedabad-307048,"Ambika Dalwada, shop number-8Hiranyana Complex , Opp. Shital Inn Hotel, Nehrupark Circle , Vastra pur lake , Satellite, Ahmedabad",Menu/307048.json
517303,Shree sai snacks,"Vastrapur,Ahmedabad",--,Too Few Ratings,₹ 250,"Fast Food,Street Food",20722038001138,https://www.swiggy.com/restaurants/shree-sai-snacks-vastrapur-ahmedabad-517303,"Shree sai snacks, Shop 5, Chinmay Tower, Judges Bunglow Road, Near Jio Office, Vastrapur, Ahmedabad",Menu/517303.json
136953,The Shake Maker,"Vastrapur,Ahmedabad",4.1,20+ ratings,₹ 300,"Beverages,Desserts",license,https://www.swiggy.com/restaurants/the-shake-maker-vastrapur-ahmedabad-136953,"The Shake Maker, 7,Galaxy Bazar,Sunrise Park Road,Opp.Himalay Mall,Vastrapur Ahmedabad",Menu/136953.json
235234,Wat-A-Burger,"Vastrapur,Ahmedabad",3.7,100+ ratings,₹ 300,Indian,10721026000395,https://www.swiggy.com/restaurants/wat-a-burger-vastrapur-bopal-ahmedabad-235234,"Wat-A-Burger, Prime Plaza, FF 9/10, NFD Circle, Bodakdev, Ahmedabad, Gujarat 380054",Menu/235234.json
70212,Honest,"Vastrapur,Ahmedabad",4.3,100+ ratings,₹ 350,"Indian,Chinese",10718026000954,https://www.swiggy.com/restaurants/honest-bodakdev-ahmedabad-70212,"Honest, 17-19, Ground Floor, Corporate House, Near Shradha Petrol Pump, Bodakdev, Ahmedabad",Menu/70212.json
59662,Silver Leaf,"Vastrapur,Ahmedabad",--,Too Few Ratings,₹ 600,"Indian,Continental",10718026000441,https://www.swiggy.com/restaurants/silver-leaf-acropolis-mall-thaltej-ahmedabad-59662,"Silver Leaf, Ground Floor, The Acropolis, Thaltej Cross Road, S G Highway, Thaltej, Ahmedabad",Menu/59662.json
36185,Harry'S Kitchen,"Vastrapur,Ahmedabad",--,Too Few Ratings,₹ 200,"Indian,Fast Food",20722038002136,https://www.swiggy.com/restaurants/harrys-kitchen-vastrapur-gurukul-ahmedabad-36185,"Harry'S Kitchen, 2-b, Devani apartment,Opp.Kushan residency,Lad society road,vastrapur ,Bodakdev(New West Zone),Ahmedabad Municipal Corporation,Ahmedabad,Gujarat-380015",Menu/36185.json
572396,Bhook Baba,"Vastrapur,Ahmedabad",--,Too Few Ratings,₹ 400,"North Indian,Chinese",20722038002227,https://www.swiggy.com/restaurants/bhook-baba-vastrapur-ahmedabad-572396,"Bhook Baba, U L-13,SAGAR APPARPMENT,OPP.SARTHI HOTEL,B/H T.V. TOWER,BODAKDEV,AHMEDABAD-380054",Menu/572396.json
168666,Cake Bonzerbite,"Vastrapur,Ahmedabad",4.1,100+ ratings,₹ 400,"Bakery,Desserts",license,https://www.swiggy.com/restaurants/cake-bonzerbite-vastrapur-ahmedabad-168666,"Cake Bonzerbite, L 7/97 Vidyanagar NR Azad soc, Ahmedabad 15",Menu/168666.json
549106,Egg Donalds,"Vastrapur,Ahmedabad",--,Too Few Ratings,₹ 200,"Indian,Snacks",20722038000414,https://www.swiggy.com/restaurants/egg-donalds-vastrapur-ahmedabad-549106,"Egg Donalds, SHOP 38 INDRAPRASTH DRIVE-IN CINEMA MEMNAGAR AHMEDABAD",Menu/549106.json
473959,Where's My Burger,"Vastrapur,Ahmedabad",3.5,20+ ratings,₹ 250,"American,Fast Food",20722038002090,https://www.swiggy.com/restaurants/wheres-my-burger-vastrapur-ahmedabad-473959,"Where's My Burger, Basement Swamini Complex, Near Asia School, Opp. Drive In Cinema, Drive In Road, Thaltej, Ahmedabad, Gujarat-380058",Menu/473959.json
504355,Robotic Cafe,"Vastrapur,Ahmedabad",--,Too Few Ratings,₹ 200,"Chaat,Fast Food",20722038000073,https://www.swiggy.com/restaurants/robotic-cafe-vastrapur-ahmedabad-504355,"Robotic Cafe, GF-10 Himalaya Arcade, Nr. Vastrapur Lake, Nehru Park, Vibhag-1, Mahavir Nagar society, Vastrapur, Ahmedabad, Gujarat 380015",Menu/504355.json
236437,Starbucks Coffee,"Vastrapur,Ahmedabad",4.3,100+ ratings,₹ 400,"Beverages,Ice Cream",10719026001947,https://www.swiggy.com/restaurants/starbucks-coffee-uniza-complex-satellite-ahmedabad-236437,"Starbucks Coffee, Ground Floor,  A, Uniza Complex, Plot Number 4 B/S Bevashish Business Park, Ahmedabad 380015",Menu/236437.json
548139,Bole To Vadapav,"Vastrapur,Ahmedabad",4.2,20+ ratings,₹ 200,"Street Food,Snacks",20721038000190,https://www.swiggy.com/restaurants/bole-to-vadapav-vastrapur-ahmedabad-548139,"Bole To Vadapav, SHLOK FOOD AND BAVERAGE,GF NO 17,SUDARSHAN COMPLEX,MANSI COMPLEX,VASTRAPUR,AHMEDABAD-380015",Menu/548139.json
320456,Pink Panther,"Vastrapur,Ahmedabad",4.1,20+ ratings,₹ 350,"Asian,Burmese",10720026000813,https://www.swiggy.com/restaurants/pink-panther-vastrapur-memnagar-ahmedabad-320456,"Pink Panther, C/o Ginger Hotel Drive in, Behind Himalay Mall,  Drive in Road, ahmedabad,308852",Menu/320456.json
414675,Mahakal Pakodi Center,"Vastrapur,Ahmedabad",4.0,20+ ratings,₹ 200,"Chaat,Indian",20721038000581,https://www.swiggy.com/restaurants/mahakal-pakodi-center-vastrapur-ahmedabad-414675,"Mahakal Pakodi Center, Shakti Square Complex, Nehru Park, Mahavir Nagar society, Vastrapur, Ahmedabad, Gujarat 380015, India",Menu/414675.json
540891,Food Mood,"Vastrapur,Ahmedabad",--,Too Few Ratings,₹ 150,"Fast Food,Snacks",20722038001610,https://www.swiggy.com/restaurants/food-mood-vastrapur-ahmedabad-540891,"Food Mood, b16 himalya arcade nr sardar center opp vastrapur lake vastrapur ahmedabad",Menu/540891.json
320455,Masala Street,"Vastrapur,Ahmedabad",--,Too Few Ratings,₹ 350,"North Indian,Biryani",10720026000813,https://www.swiggy.com/restaurants/masala-street-vastrapur-memnagar-ahmedabad-320455,"Masala Street, C/o Ginger Hotel Drive in, Behind Himalay Mall,  Drive in Road, ahmedabad,308852",Menu/320455.json
563211,Milan restaurant,"Vastrapur,Ahmedabad",--,Too Few Ratings,₹ 325,"North Indian,Chinese",10722026000998,https://www.swiggy.com/restaurants/milan-restaurant-vastrapur-ahmedabad-563211,"Milan restaurant, FF/101, Shivalik-3, b/s Drive-In Cinema, Drive In Rd, Nilmani Society, Thaltej, Ahmedabad, Gujarat 380054, India",Menu/563211.json
38230,Shivam Bhojnalay,"Vastrapur,Ahmedabad",3.5,1K+ ratings,₹ 200,"Thalis,Punjabi",license,https://www.swiggy.com/restaurants/shivam-bhojnalay-gurukul-ahmedabad-ahmedabad-38230,"Shivam Bhojnalay, Ground Floor, JB Towers, Drive In Road, Gurukul, Ahmedabad",Menu/38230.json
463808,Shree Jalaram Parotha House,"Vastrapur,Ahmedabad",3.4,20+ ratings,₹ 200,North Indian,20719037003133,https://www.swiggy.com/restaurants/shree-jalaram-parotha-house-naranpura-bodakdev-ahmedabad-463808,"Shree Jalaram Parotha House, 4/B, Sankalp Apartments, Judges Bungla Road, Near N.R.I. Tower, Bodakdev, Ahmedabad  ,Ahmedabad Municipal Corporation,Gujarat-380054",Menu/463808.json
95862,Goodluck Chicken Hub,"Vastrapur,Ahmedabad",--,Too Few Ratings,₹ 500,"North Indian,Chinese",license,https://www.swiggy.com/restaurants/goodluck-chicken-hub-sg-highway-satellite-ahmedabad-95862,"Goodluck Chicken Hub, Food Icon Opp Iscon Mega Mall Nr US Pizza SG Highway Ahmedabad",Menu/95862.json
236430,Kilos,"Vastrapur,Ahmedabad",4.0,100+ ratings,₹ 150,"North Indian,Punjabi",10722026000080,https://www.swiggy.com/restaurants/kilos-vastrapur-ahmedabad-236430,"Kilos, GROUND FLOOR, SURVEY NO: 14/1, 153 PAIKI, OPP,KAMNATH MAHADEV MANDIR, VASTRAPUR LAKE, VASTRAPUR, AHMEDABAD-380015",Menu/236430.json
224326,The Swad,"Vastrapur,Ahmedabad",3.8,500+ ratings,₹ 200,"Thalis,Punjabi",20722038000077,https://www.swiggy.com/restaurants/the-swad-shivrajni-char-rasta-jodhpur-village-ahmedabad-224326,"The Swad, GROUND FLOOR, AKSHAR COMPLEX, SHIVRAJNI CHAR RASTA, JODHPUR, SATELLITE, Ahmedabad Municipal  Corporation, Gujarat-380015",Menu/224326.json
572049,The South Zone,"Vastrapur,Ahmedabad",--,Too Few Ratings,₹ 200,"South Indian,Beverages",20722038001934,https://www.swiggy.com/restaurants/the-south-zone-vastrapur-ahmedabad-572049,"The South Zone, B/1, Mantra Complex, Opp. Mehsana Urban Bank, opp. Lane Of Atithi Dinning Hall, Bodakdev, Ahmedabad, Gujarat 380054, India",Menu/572049.json
59431,Belgians Waffle,"Vastrapur,Ahmedabad",--,Too Few Ratings,₹ 300,"Desserts,Beverages",20721037001169,https://www.swiggy.com/restaurants/belgians-waffle-naranpura-memnagar-ahmedabad-59431,"Belgians Waffle, Belgians Waffle, A-801, INDRAPRATH TOWER, NR HIMALYA MALL, Drive In Rd, Ahmedabad",Menu/59431.json
559136,Black Jack Fastfood,"Vastrapur,Ahmedabad",--,Too Few Ratings,₹ 60,"Fast Food,Pizzas",20722038002238,https://www.swiggy.com/restaurants/black-jack-fastfood-vastrapur-ahmedabad-559136,"Black Jack Fastfood, U-12, Sath-sangath Complex,Near HP petrol Pump, Below SBI,, Shivranjani Cross Road, Satellite,, Shivranjani, Jodhpur Village, Ahmedabad, Gujarat 380015, India",Menu/559136.json
55075,Mirch Masala,"Vastrapur,Ahmedabad",4.0,20+ ratings,₹ 700,Indian,10718026000101,https://www.swiggy.com/restaurants/mirch-masala-bodakdev-ahmedabad-55075,"Mirch Masala, Sumel Complex, Opposite GNFC Tower, S G Highway, Bodakdev, Ahmedabad",Menu/55075.json
469106,Samosazz The Fun Triangle,"Vastrapur,Ahmedabad",--,Too Few Ratings,₹ 400,"Pizzas,Fast Food",20721038001776,https://www.swiggy.com/restaurants/samosazz-the-fun-triangle-vastrapur-ahmedabad-469106,"Samosazz The Fun Triangle, GF 4, SARTHI AVENUE, RAMDEVNAGAR POLICE CHOWKI, NR AKSHAT AVENUE, SATELLITE",Menu/469106.json
497912,Fozzies on a roll,"Vastrapur,Ahmedabad",--,Too Few Ratings,₹ 300,Snacks,20721038000781,https://www.swiggy.com/restaurants/fozzies-on-a-roll-vastrapur-ahmedabad-497912,"Fozzies on a roll, Maruti Crystal Complex, Bodakdev, Ahmedabad, Gujarat 380054, India",Menu/497912.json
48390,Anjoy Late Night Meals,"Vastrapur,Ahmedabad",4.1,1K+ ratings,₹ 250,Indian,10721026001443,https://www.swiggy.com/restaurants/anjoy-late-night-meals-bodakdev-vastrapur-ahmedabad-48390,"Anjoy Late Night Meals, GROUND FLOOR 2, SUKHSHINE COMPLEX, 8, SUNRISE PARK, VASTRAPUR, AHMEDABAD-380015",Menu/48390.json
530845,Shree Aashapura Restaurant,"Vastrapur,Ahmedabad",--,Too Few Ratings,₹ 200,"Indian,Chinese",20722038001604,https://www.swiggy.com/restaurants/shree-aashapura-restaurant-vastrapur-ahmedabad-530845,"Shree Aashapura Restaurant, 1-G NEW YORK CORNER B/H KIRAN MOTORS OPP RAJPATH CLUB BODAKDEV AHMEDABAD-380015",Menu/530845.json
575313,Uma Snacks & Beverages,"Vastrapur,Ahmedabad",--,Too Few Ratings,₹ 100,"Snacks,Beverages",20722038002450,https://www.swiggy.com/restaurants/uma-snacks-and-beverages-vastrapur-ahmedabad-575313,"Uma Snacks & Beverages, G-18, SHOP BALAJI PLAZA JUDGES BUNGLOW ROAD OPP MADHUVAN BODAKDEV,AHMEDABAD. ,Bodakdev(New West Zone),Ahmedabad Municipal Corporation,Ahmedabad,Gujarat-380054",Menu/575313.json
203530,WTF! Pizza's & Bar-be-que,"Vastrapur,Ahmedabad",4.0,100+ ratings,₹ 250,"Italian,Pizzas",20721037001216,https://www.swiggy.com/restaurants/wtf-pizzas-and-bar-be-que-vastrapur-ahmedabad-203530,"WTF! Pizza's & Bar-be-que, G-1, Sumit Apartment, Judges Bunglow Rd, Opp Konark Karishma, Near Mansi circle",Menu/203530.json
307143,Bread Box Sandesh Press,"Vastrapur,Ahmedabad",--,Too Few Ratings,₹ 200,Indian,10721026000988,https://www.swiggy.com/restaurants/bread-box-sandesh-press-vastrapur-ahmedabad-307143,"Bread Box Sandesh Press, GF/20 , SUPER PLAZA, NR. LAD SOCIETY, SANDESH PRESS ROAD, BODAKDEV,, Ahmedabad",Menu/307143.json
36179,Ahmedabad - 15,"Vastrapur,Ahmedabad",--,Too Few Ratings,₹ 300,"Indian,North Indian",license,https://www.swiggy.com/restaurants/ahmedabad-15-vastrapur-ahmedabad-36179,"Ahmedabad - 15, 1-3, Neeldeep Complex, Opposite Aangan Apartments, Vastrapur, Ahmedabad",Menu/36179.json
415653,Punjab Da Chaska,"Vastrapur,Ahmedabad",--,Too Few Ratings,₹ 250,North Indian,20722038000499,https://www.swiggy.com/restaurants/punjab-da-chaska-vastrapur-ahmedabad-415653,"Punjab Da Chaska, SHOP NO 66 FIRST FLOOR SARDAR CENTER OPP VASTRAPUR LAKE, VASTARPUR AHMEDABAD Muncipal Corporation, Ahmedabad Munciple Corporation, Ahmedabad, Gujrat - 380015",Menu/415653.json
81220,Khana Khazana-Vastrapur,"Vastrapur,Ahmedabad",3.8,50+ ratings,₹ 400,Indian,20719037002786,https://www.swiggy.com/restaurants/khana-khazana-vastrapur-vastrapur-ahmedabad-81220,"Khana Khazana-Vastrapur, 2, Ground Floor, Shakti Square Complex, Opposite Management Enclave, Vastrapur, Ahmedabad",Menu/81220.json
345501,Food Adda,"Vastrapur,Ahmedabad",--,Too Few Ratings,₹ 399,"Beverages,Pizzas",20721038000208,https://www.swiggy.com/restaurants/food-adda-opp-galaxy-bazaar-gurukul-ahmedabad-345501,"Food Adda, Shop-2, Sukh shine complex, Opp. Galaxy bazaar, vastrapur.",Menu/345501.json
234161,Kukkad Handi Biryani,"Vastrapur,Ahmedabad",--,Too Few Ratings,₹ 350,"Biryani,North Indian",license,https://www.swiggy.com/restaurants/kukkad-handi-biryani-vastrapur-gurukul-ahmedabad-234161,"Kukkad Handi Biryani, V/4, 2nd Floor SAGAR Apartments OPP SARTHI HOTEL BODAKDEV AHMEDABAD 380054",Menu/234161.json
543855,Abhiraj Pan,"Vastrapur,Ahmedabad",--,Too Few Ratings,₹ 150,Paan,10717026000579,https://www.swiggy.com/restaurants/abhiraj-pan-vastrapur-ahmedabad-543855,"Abhiraj Pan, Shop No. 1,2 , Maruti Tower, Opp. Shiddhi Vinayak Complex Shivranjini Cross Road, Surendra Mangaldas Rd, Bimanagar, Ambawadi, Ahmedabad, Gujarat 380015, India",Menu/543855.json
72650,TGIH- Thank God Its Healthy,"Vastrapur,Ahmedabad",4.1,100+ ratings,₹ 500,"Continental,Healthy Food",20720034001167,https://www.swiggy.com/restaurants/tgih-thank-god-its-healthy-vastrapur-ahmedabad-72650,"TGIH- Thank God Its Healthy, 20, Galaxy Bazaar, Sunrise Park, Near Black Saloon, Vastrapur, Ahmedabad",Menu/72650.json
56173,Chinese Wok Express,"Vastrapur,Ahmedabad",4.1,100+ ratings,₹ 400,"Chinese,Thai",10718026000504,https://www.swiggy.com/restaurants/chinese-wok-express-thaltej-sindhu-bhavan-road-ahmedabad-56173,"Chinese Wok Express, G-1, Alpha Megaconn, Sindhu Bhavan Road, Bodakdev, Ahmedabad",Menu/56173.json
513080,Mumbaiya dal khichdi,"Vastrapur,Ahmedabad",--,Too Few Ratings,₹ 300,Indian,20722038001337,https://www.swiggy.com/restaurants/mumbaiya-dal-khichdi-vastrapur-ahmedabad-513080,"Mumbaiya dal khichdi, 85, 9th floor,Chanakya Tower, Vastrapur, Ahmedabad, Gujarat 380054, India",Menu/513080.json
62978,LunchBox - Meals and Thalis,"Vastrapur,Ahmedabad",4.1,100+ ratings,₹ 200,"North Indian,Punjabi",10715026000814,https://www.swiggy.com/restaurants/lunchbox-meals-and-thalis-hotel-shahi-palace-vastrapur-ahmedabad-62978,"LunchBox - Meals and Thalis, SHOP NO 2, HOTEL SHAHI PALACE ,VASTRAPUR LAKE, AHMEDABAD, GUJARAT",Menu/62978.json
366836,Sam's Pizza,"Vastrapur,Ahmedabad",--,Too Few Ratings,₹ 600,Pizzas,10721026000465,https://www.swiggy.com/restaurants/sams-pizza-bodakdev-ahmedabad-366836,"Sam's Pizza, Shop No 101/c, shilp aaron, opp armeda sindhu bhavan road, bodakdev, Ahmedabad - 380054",Menu/366836.json
448977,Entanglement,"Vastrapur,Ahmedabad",--,Too Few Ratings,₹ 450,"Snacks,Chinese",20719037006719,https://www.swiggy.com/restaurants/entanglement-vastrapur-ahmedabad-448977,"Entanglement, 1,shital plaza,Row house-241,Bodakdev, Ahmedabad, Gujarat - 380054",Menu/448977.json
507403,Prince Corner,"Vastrapur,Ahmedabad",--,Too Few Ratings,₹ 300,"South Indian,Chinese",20721035000638,https://www.swiggy.com/restaurants/prince-corner-vastrapur-ahmedabad-507403,"Prince Corner, Shop-18 to 20, Ground Floor, Margin Millenium Plaza, Near Balaji Complex, Mansi Circle, Vastrapur, Ahmedabad,Gujarat - 38001",Menu/507403.json
328296,The Thali House,"Vastrapur,Ahmedabad",2.8,20+ ratings,₹ 250,"North Indian,Thalis",10718026000699,https://www.swiggy.com/restaurants/the-thali-house-vastrapur-ahmedabad-328296,"The Thali House, shop, 4/5 drive in shopping centre, nr drive in cinema, thaltej vastrapur",Menu/328296.json
466170,Cinnamon,"Vastrapur,Ahmedabad",--,Too Few Ratings,₹ 400,"North Indian,Chinese",10718026000323,https://www.swiggy.com/restaurants/cinnamon-vastrapur-ahmedabad-466170,"Cinnamon, AKASH TOWER-1, Judges Bunglow Rd, Bodakdev, Ahmedabad, Gujarat 380054, India",Menu/466170.json
38229,Zen Cafe,"Vastrapur,Ahmedabad",4.6,50+ ratings,₹ 500,"Pizzas,Pastas",license,https://www.swiggy.com/restaurants/zen-cafe-satellite-jodhpur-village-ahmedabad-38229,"Zen Cafe, TDW Furniture, Near Sundervan Satellite, Ahmedabad",Menu/38229.json
483855,Brownies And More,"Vastrapur,Ahmedabad",--,Too Few Ratings,₹ 300,"Bakery,Beverages",20721038000786,https://www.swiggy.com/restaurants/brownies-and-more-vastrapur-ahmedabad-483855,"Brownies And More, Shop Address-GF- 17, MANGALJYOT COMPLEX, JODHPUR CROSS ROAD, JODHPUR GAM ROAD,  SATELLITE-- 380015",Menu/483855.json
434567,Wok Palace,"Vastrapur,Ahmedabad",3.4,20+ ratings,₹ 200,"Chinese,Asian",10721026002294,https://www.swiggy.com/restaurants/wok-palace-vastrapur-ahmedabad-434567,"Wok Palace, 24,Groundfloor,Advait Complex, Sandesh Press Rd, Vastrapur, Ahmedabad, Gujarat 380015, India",Menu/434567.json
540216,Larissa,"Vastrapur,Ahmedabad",--,Too Few Ratings,₹ 400,"North Indian,Indian",20722038000669,https://www.swiggy.com/restaurants/larissa-vastrapur-ahmedabad-540216,"Larissa, b2 anoli society sunrise park vastrapur",Menu/540216.json
130241,Shree Janta Ice Cream,"Vastrapur,Ahmedabad",3.4,100+ ratings,₹ 200,"Continental,Beverages",10719026000056,https://www.swiggy.com/restaurants/shree-janta-ice-cream-vastrapur-ahmedabad-130241,"Shree Janta Ice Cream, 4/SARDAR CENTER NEHURPARK VASTRAPUR BODAKDEV. AHMEDABAD 54,MUNICIPAL GUJARAT",Menu/130241.json
37121,Mainland China,"Vastrapur,Ahmedabad",4.2,100+ ratings,₹ 900,"Chinese,Oriental",10720026000521,https://www.swiggy.com/restaurants/mainland-china-gulmohar-park-ramdev-nagar-ahmedabad-37121,"Mainland China, 4th Floor, Gulmohar Park, Satellite, Ahmedabad",Menu/37121.json
72661,Ashray,"Vastrapur,Ahmedabad",--,Too Few Ratings,₹ 550,"Indian,Chinese",10715026000270,https://www.swiggy.com/restaurants/ashray-bodakdev-ahmedabad-72661,"Ashray, Near Rajpath Club, S G Highway, Bodakdev, Ahmedabad",Menu/72661.json
483973,Rich Man'S Brownie,"Vastrapur,Ahmedabad",--,Too Few Ratings,₹ 200,Bakery,20721038000786,https://www.swiggy.com/restaurants/rich-mans-brownie-vastrapur-ahmedabad-483973,"Rich Man'S Brownie, Shop Address-GF- 17, MANGALJYOT COMPLEX, JODHPUR CROSS ROAD, JODHPUR GAM ROAD,  SATELLITE-- 380015",Menu/483973.json
444367,Vicky'S Kitchen,"Vastrapur,Ahmedabad",--,Too Few Ratings,₹ 200,Indian,30211028109051,https://www.swiggy.com/restaurants/vickys-kitchen-vastrapur-ahmedabad-444367,"Vicky'S Kitchen, DRIVINE ROAD, THALTEJ, Ahmedabad, 380054",Menu/444367.json
60323,Brothers Brand,"Vastrapur,Ahmedabad",4.0,100+ ratings,₹ 550,"Indian,Chinese",10719026000570,https://www.swiggy.com/restaurants/brothers-brand-vastrapur-ahmedabad-60323,"Brothers Brand, SHOP NO 40 , GROUND FLOOR, ADVAIT COMPLEX, NR SANDESH PRESS, VASTRAPUR LAKE ROAD, VASTRAPUR - BOADAKDEV , AHMEDABAD",Menu/60323.json
528359,Nini's Kitchen,"Vastrapur,Ahmedabad",--,Too Few Ratings,₹ 800,"Pizzas,Italian",10720026000933,https://www.swiggy.com/restaurants/ninis-kitchen-vastrapur-ahmedabad-528359,"Nini's Kitchen, C-14/15/16/17, Rudra Square, Judges Bungalow Road , Basement below Kheteshwar Medical , Next to Gormoh , Bodakdev, Ahmedabad   380054",Menu/528359.json
395181,McDonald's Gourmet Burger Collection,"Vastrapur,Ahmedabad",4.1,20+ ratings,₹ 500,"Burgers,Beverages",10717026000671,https://www.swiggy.com/restaurants/mcdonalds-gourmet-burger-collection-himalaya-mall-vastrapur-ahmedabad-395181,"McDonald's Gourmet Burger Collection, Himalaya Mall, Next to Indraprast Towers, Drive-In Road, Ahmedabad 380015.",Menu/395181.json
502182,Mehfil Biryani by Zakir Khan,"Vastrapur,Ahmedabad",3.9,100+ ratings,₹ 600,"Biryani,Mughlai",10721026000395,https://www.swiggy.com/restaurants/mehfil-biryani-by-zakir-khan-vastrapur-bodakdev-ahmedabad-502182,"Mehfil Biryani by Zakir Khan, """"""F.F-10, PRIME PLAZA, OPP. DLA SCHOOL, BODAKDEV, AHMEDABAD, Ahmedabad Municipal Corporation, Gujarat-380054""""""",Menu/502182.json
191873,Gordhan Thaal,"Vastrapur,Ahmedabad",4.1,50+ ratings,₹ 650,Gujarati,10715026000079,https://www.swiggy.com/restaurants/gordhan-thaal-prahlad-nagar-bodakdev-ahmedabad-191873,"Gordhan Thaal, Ground Floor, Sapath Complex, Opposite Rajpath Club, S G Highway, Satellite, Ahmedabad,Prahlad Nagar,Ahmedabad",Menu/191873.json
493415,Mudras Koffee,"Vastrapur,Ahmedabad",--,Too Few Ratings,₹ 300,"Snacks,Beverages",license,https://www.swiggy.com/restaurants/mudras-koffee-navrangpura-ahmedabad-493415,"Mudras Koffee, l9/3 gokul complex opp swaminarayan gurukul drive in road ahmedabad 380052",Menu/493415.json
432153,Pushpaben,"Vastrapur,Ahmedabad",--,Too Few Ratings,₹ 100,"Street Food,Indian",license,https://www.swiggy.com/restaurants/pushpaben-vastrapur-ahmedabad-432153,"Pushpaben, Bodakdev, Ahmedabad, Bodakdev , Ahmedabad Municipal Corporation, Ahmedabad Municipal Corporation, Gujarat, 380054",Menu/432153.json
563761,Theka Coffee,"Vastrapur,Ahmedabad",--,Too Few Ratings,₹ 250,Beverages,10722026001014,https://www.swiggy.com/restaurants/theka-coffee-vastrapur-ahmedabad-563761,"Theka Coffee, D, GROUND FLOOR, AKSHAT COMPLEX, NR.,KIRAN MOTARS, NR. PARSHWA COMPLEX, BODAKDEV, , Ahmedabad,,Gujarat-380054",Menu/563761.json
334826,Punjabi Bistro And Bakers,"Vastrapur,Ahmedabad",--,Too Few Ratings,₹ 500,North Indian,20720034001167,https://www.swiggy.com/restaurants/punjabi-bistro-and-bakers-vastrapur-ahmedabad-334826,"Punjabi Bistro And Bakers, GF-20,Galaxy Bazar Complex, Sunrise Park Road, Gurukul, Ahmedabad, Gujarat, India",Menu/334826.json
49336,Tephra Lounge,"Vastrapur,Ahmedabad",--,Too Few Ratings,₹ 600,Beverages,license,https://www.swiggy.com/restaurants/tephra-lounge-bodakdev-ahmedabad-49336,"Tephra Lounge, Opposite Sterling Cancer Hospital, Behind Armeida House, Bodakdev, Ahmedabad",Menu/49336.json
436417,Kathiyawad Ni Moj,"Vastrapur,Ahmedabad",--,Too Few Ratings,₹ 99,"Snacks,Beverages",20721038001143,https://www.swiggy.com/restaurants/kathiyawad-ni-moj-vastrapur-ahmedabad-436417,"Kathiyawad Ni Moj, 11, Vastrapur Village Rd, near ICICI Direct, Nehru Park, Mahavir Nagar society, Vastrapur, Ahmedabad, Gujarat 380015, India",Menu/436417.json
114922,Cafe Hideout,"Vastrapur,Ahmedabad",--,Too Few Ratings,₹ 300,Indian,license,https://www.swiggy.com/restaurants/cafe-hideout-memnagar-ahmedabad-114922,"Cafe Hideout, 7 sushilnagar society opp mahatma Gandhi labor institute nr manav Mandir drive Inn road memnagar Ahmedabad",Menu/114922.json
388889,Gourmet Ice Cream Cakes by Baskin Robbins,"Vastrapur,Ahmedabad",--,Too Few Ratings,₹ 550,"Desserts,Ice Cream",10721026000336,https://www.swiggy.com/restaurants/gourmet-ice-cream-cakes-by-baskin-robbins-bodakdev-vastrapur-ahmedabad-388889,"Gourmet Ice Cream Cakes by Baskin Robbins, Near Pakwan 2, Judges Bungalow Road, Bodakdev, Ahmedabad",Menu/388889.json
556904,Toritos Express,"Vastrapur,Ahmedabad",--,Too Few Ratings,₹ 500,"Mexican,Italian",license,https://www.swiggy.com/restaurants/toritos-express-vastrapur-ahmedabad-556904,"Toritos Express, TF-FS-1, AlphaOne, Near Vastrapur Lake, Vastrapur,  Ahmedabad, Gujarat - 380054",Menu/556904.json
333980,Bake And Grill,"Vastrapur,Ahmedabad",--,Too Few Ratings,₹ 250,Indian,20720034000356,https://www.swiggy.com/restaurants/bake-and-grill-ghatlodia-naranpura-ahmedabad-333980,"Bake And Grill, 32 Shreeji Complex,  Opp- ADC Bank, Below Haresh Dudhiya, Gurukul Road, Memnagar,Ahmedabad,Gujarat - 380052",Menu/333980.json
577927,SHREE KARDHAR FAST FOOD,"Vastrapur,Ahmedabad",--,Too Few Ratings,₹ 200,"South Indian,Snacks",20722038002435,https://www.swiggy.com/restaurants/shree-kardhar-fast-food-vastrapur-ahmedabad-577927,"SHREE KARDHAR FAST FOOD, GF-15, SAMAN COMPLEX,OPP, NALANDA COMPLEX, MANSI CIRCLE,JODHPUR,AHMEDABAD. , Jodhpur(New West Zone) , Ahmedabad Municipal Corporation, Ahmedabad, Gujarat-380015",Menu/577927.json
320656,Kaapi n More,"Vastrapur,Ahmedabad",--,Too Few Ratings,₹ 125,South Indian,10720026000813,https://www.swiggy.com/restaurants/kaapi-n-more-vastrapur-memnagar-ahmedabad-320656,"Kaapi n More, C/o Ginger Hotel Drive in, Behind Himalay Mall,   Drive in Road, ahmedabad, ahmedabad municipal corporation ahmedabad municipal corporation  gujrat  308852",Menu/320656.json
37479,Amrut Tiffin Service,"Vastrapur,Ahmedabad",--,Too Few Ratings,₹ 200,North Indian,20719037000211,https://www.swiggy.com/restaurants/amrut-tiffin-service-gurukul-memnagar-ahmedabad-37479,"Amrut Tiffin Service, H-502, Indraprasth Tower, Himalaya Mall, Drive in Road, Gurukul, Ahmedabad",Menu/37479.json
320654,Combo 10,"Vastrapur,Ahmedabad",--,Too Few Ratings,₹ 199,"Combo,Chinese",10720026000813,https://www.swiggy.com/restaurants/combo-10-vastrapur-memnagar-ahmedabad-320654,"Combo 10, C/o Ginger Hotel Drive in, Behind Himalay Mall,   Drive in Road, ahmedabad,municipal corpaoration ahmedabad  municipal corpaoration 308852",Menu/320654.json
505482,Yuvi The Cafe,"Vastrapur,Ahmedabad",--,Too Few Ratings,₹ 300,"Beverages,Pizzas",20722038000610,https://www.swiggy.com/restaurants/yuvi-the-cafe-vastrapur-gurudwara-ahmedabad-505482,"Yuvi The Cafe, STALL NO 16 SG HIGHWAY GREEN STRIP OPP GURUDWARA BODAKDEV , Jodhpur(New West Zone) , Ahmedabad Municipal Corporation, Ahmedabad, Gujarat-380054",Menu/505482.json
49332,Caffix The Tech Cafe,"Vastrapur,Ahmedabad",4.0,20+ ratings,₹ 450,"Chinese,North Indian",10719026000607,https://www.swiggy.com/restaurants/caffix-the-tech-cafe-vastrapur-ahmedabad-49332,"Caffix The Tech Cafe, 36-37, Advait Mall, Near Sandesh Press, Vastrapur, Ahmedabad",Menu/49332.json
493649,Vadilal -Now For Ever,"Vastrapur,Ahmedabad",--,Too Few Ratings,₹ 200,"Ice Cream,Desserts",10721026002304,https://www.swiggy.com/restaurants/vadilal-now-for-ever-ghatlodia-sindhu-bhavan-ahmedabad-493649,"Vadilal -Now For Ever, SHOP NO. 10/11, NR. AVALON HOTEL, OPP JAHANVI BUNGALOW, SINDHU BHAVAN ROAD, SINDHU BHAVAN, AHMEDABAD, GUJARAT -",Menu/493649.json
320655,Mumbai Chaat,"Vastrapur,Ahmedabad",--,Too Few Ratings,₹ 99,Fast Food,10720026000813,https://www.swiggy.com/restaurants/mumbai-chaat-vastrapur-memnagar-ahmedabad-320655,"Mumbai Chaat, C/o Ginger Hotel Drive in, Behind Himalay Mall,   Drive in Road, ahmedabad,municipal corpaoration ahmedabad  municipal corpaoration 308852",Menu/320655.json
471730,Hotel Alba Premier,"Vastrapur,Ahmedabad",--,Too Few Ratings,₹ 400,"Chinese,North Indian",license,https://www.swiggy.com/restaurants/hotel-alba-premier-vastrapur-ahmedabad-471730,"Hotel Alba Premier, Ishwar Complex, Opp. Gurukul Tower, Drive Inn Road, Ahmedabad., 380052",Menu/471730.json
344742,Jay Somnath Fast Foods,"Vastrapur,Ahmedabad",--,Too Few Ratings,₹ 250,Indian,20721037001362,https://www.swiggy.com/restaurants/jay-somnath-fast-foods-vastrapur-ahmedabad-344742,"Jay Somnath Fast Foods, A-2-11 Soham Avenue, Opp. Lake, Vastrapur, Ahmedabad, Gujarat, India",Menu/344742.json
433155,Hao Chi,"Vastrapur,Ahmedabad",3.8,100+ ratings,₹ 400,"Chinese,Pan-Asian",10721026000395,https://www.swiggy.com/restaurants/hao-chi-vastrapur-bodakdev-ahmedabad-433155,"Hao Chi, F.F-10, PRIME PLAZA, OPP. DLA SCHOOL, BODAKDEV, AHMEDABAD, Ahmedabad Municipal Corporation, Gujarat-380054",Menu/433155.json
439917,Cloves Techno Dining Rooftop Restaurant,"Vastrapur,Ahmedabad",--,Too Few Ratings,₹ 300,"Fast Food,North Indian",10721026001543,https://www.swiggy.com/restaurants/cloves-techno-dining-rooftop-restaurant-vastrapur-ahmedabad-439917,"Cloves Techno Dining Rooftop Restaurant, 404-405 Shilp Epitome Rajpath Rangoli Road, OFF Sindhu Bhavan Road, Bodakdev, Ahmedabad 380054",Menu/439917.json
37580,Gwalia Sweets & Fast Food,"Vastrapur,Ahmedabad",4.4,500+ ratings,₹ 250,"Sweets,North Indian",10718026000829,https://www.swiggy.com/restaurants/gwalia-sweets-and-fast-food-bodakdev-vastrapur-ahmedabad-37580,"Gwalia Sweets & Fast Food, 1, Sunrise Complex, Beside Swaminarayan Mandir, Bodakdev, Ahmedabad",Menu/37580.json
215552,Bansari Dairy Farm,"Vastrapur,Ahmedabad",--,Too Few Ratings,₹ 200,Desserts,10720026000539,https://www.swiggy.com/restaurants/bansari-dairy-farm-prahlad-nagar-ambawadi-ahmedabad-215552,"Bansari Dairy Farm, 6-Umiya Vijay Shopping Centre Satellite Ahmedabad",Menu/215552.json
37582,Gormoh,"Vastrapur,Ahmedabad",--,Too Few Ratings,₹ 900,"North Indian,Chinese",10714026001198,https://www.swiggy.com/restaurants/gormoh-bodakdev-vastrapur-ahmedabad-37582,"Gormoh, Ground Floor, Rudra Square, Judges Bungalow Cross Road, Bodakdev, Ahmedabad",Menu/37582.json
70147,Food On Way,"Vastrapur,Ahmedabad",3.9,1K+ ratings,₹ 200,"North Indian,Chinese",10722026000080,https://www.swiggy.com/restaurants/food-on-way-vastrapur-ahmedabad-70147,"Food On Way, GROUND FLOOR, SURVEY NO: 14/1, 153 PAIKI, OPP,KAMNATH MAHADEV MANDIR, VASTRAPUR LAKE, VASTRAPUR, AHMEDABAD-380015",Menu/70147.json
515393,Luscious Paratha's,"Vastrapur,Ahmedabad",--,Too Few Ratings,₹ 400,"North Indian,Beverages",20721037004590,https://www.swiggy.com/restaurants/luscious-parathas-gurukul-ahmedabad-515393,"Luscious Paratha's, 32, SHREEJI COMPLEX, OPP- ADC BANK, BELOW HARESH DUDHIYA, GURUKUL ROAD MEMNAGAR, AHMEDABAD",Menu/515393.json
249525,Sadda Meal,"Vastrapur,Ahmedabad",4.3,50+ ratings,₹ 400,Indian,20720038001279,https://www.swiggy.com/restaurants/sadda-meal-vastrapur-bodakdev-ahmedabad-249525,"Sadda Meal, 9 U.L Mohini Tower, Judges Bunglow Road, Bodakdev, Ahmedabad, Gujarat, India",Menu/249525.json
41963,Grill'd N More,"Vastrapur,Ahmedabad",4.4,100+ ratings,₹ 400,"Grill,Fast Food",20717038000156,https://www.swiggy.com/restaurants/grilld-n-more-vastrapur-jodhpur-village-ahmedabad-41963,"Grill'd N More, Shop 1, First Floor, Manas Complex, Near Jodhpur cross roads ",Menu/41963.json
468339,Ibizza Pizza,"Vastrapur,Ahmedabad",--,Too Few Ratings,₹ 400,"Pizzas,Italian",10722026000007,https://www.swiggy.com/restaurants/ibizza-pizza-vastrapur-ahmedabad-468339,"Ibizza Pizza, 17, Sun Orbit, Rajpath Rangoli Rd, behind rajpath club, near pandit dindayal community hall, PRL Colony, Thaltej, Ahmedabad, Gujarat 380054, India",Menu/468339.json
386452,Dilkhush Dabeli King,"Vastrapur,Ahmedabad",--,Too Few Ratings,₹ 100,Snacks,20721038000104,https://www.swiggy.com/restaurants/dilkhush-dabeli-king-opposite-satyam-mall-vastrapur-ahmedabad-386452,"Dilkhush Dabeli King, Survey No 7, 20, Sudarshan Complex Opposite Satyam Mall, Near Mansi Cross Roads, Satellite, Ahmedabad - 380015",Menu/386452.json
554710,Big Sandwich,"Vastrapur,Ahmedabad",--,Too Few Ratings,₹ 200,"Fast Food,Italian-American",20722038000617,https://www.swiggy.com/restaurants/big-sandwich-vastrapur-ahmedabad-554710,"Big Sandwich, NILAMBEN VIRAMBHAI BODAR SHOP NO 3 SARDAR CENTRE OPP VASTRAPUR LAKE,VASTRAPUR,AHMEDABAD. , Bodakdev(New West Zone) , Ahmedabad, Gujarat-380052",Menu/554710.json
310987,The Red Bistro,"Vastrapur,Ahmedabad",--,Too Few Ratings,₹ 200,Indian,10721026000195,https://www.swiggy.com/restaurants/the-red-bistro-vastrapur-bodakdev-ahmedabad-310987,"The Red Bistro, GROUND FLOOR ARMIEDA BLDG SINDUBHAVAN ROAD BODAKDEV, 380054",Menu/310987.json
553624,Black Chimney,"Vastrapur,Ahmedabad",--,Too Few Ratings,₹ 300,"Chinese,North Indian",20722038001707,https://www.swiggy.com/restaurants/black-chimney-vastrapur-ahmedabad-553624,"Black Chimney, f 42 shree mahalaxmi shops opp police choki judges bungla bodakdev ahmedabad",Menu/553624.json
574426,restore bakery,"Vastrapur,Ahmedabad",--,Too Few Ratings,₹ 500,Bakery,20722038000692,https://www.swiggy.com/restaurants/restore-bakery-vastrapur-ahmedabad-574426,"restore bakery, shop no 10 chinmay crystal near vastrapur lake bodakdev ahmedabad",Menu/574426.json
400126,Om Kar Foods Center,"Vastrapur,Ahmedabad",--,Too Few Ratings,₹ 300,"Indian,Gujarati",20721038000689,https://www.swiggy.com/restaurants/om-kar-foods-center-vastrapur-ahmedabad-400126,"Om Kar Foods Center, Ground Floor, JB Tower, Opposite Doordarshan Kendra, Drive In Road, Gurukul, Ahmedabad",Menu/400126.json
247114,Bowl Story,"Vastrapur,Ahmedabad",4.4,100+ ratings,₹ 500,"Mexican,Continental",20720038001279,https://www.swiggy.com/restaurants/bowl-story-vastrapur-bodakdev-ahmedabad-247114,"Bowl Story, 9 U.L Mohini Tower, Judges Bunglow Road, Bodakdev, Ahmedabad, Gujarat, India",Menu/247114.json
472952,Rasila's kitchen,"Vastrapur,Ahmedabad",--,Too Few Ratings,₹ 500,"Beverages,Pizzas",10720026000239,https://www.swiggy.com/restaurants/rasilas-kitchen-vastrapur-ahmedabad-472952,"Rasila's kitchen, A/3, Shivalik business centre, Rajpath Rangoli Rd, behind Rajpath club, PRL Colony, Bodakdev, Ahmedabad, Gujarat 380054, India",Menu/472952.json
328148,Sandwich Boxx,"Vastrapur,Ahmedabad",--,Too Few Ratings,₹ 250,Street Food,20720038000907,https://www.swiggy.com/restaurants/sandwich-boxx-vastrapur-gurukul-ahmedabad-328148,"Sandwich Boxx, Shop No: GF-7, Shubham Complex, Opp. Sanjivani Hospital, Sunrise Park Road, Vastrapur, Ahmedabad, Madhupura Market , Ahmedabad Municipal Corporation, Ahmedabad Municipal Corporation, Gujarat-380015",Menu/328148.json
531979,Cream Centre,"Vastrapur,Ahmedabad",4.3,20+ ratings,₹ 900,"Indian,Italian",10722026000390,https://www.swiggy.com/restaurants/cream-centre-sindhu-bhavan-road-bodakdev-ahmedabad-531979,"Cream Centre, SHOP NO - 3, BLOCK - B, GROUND FLOOR,SHILP AARON BUILDING, NR. PAKVAN CIRCLE,SINDHUBHAVAN ROAD, BODAKDEV,Ahmedabad Municipal Corporation,Ahmedabad, Gujarat-380059",Menu/531979.json
560031,Kevin's Burger,"Vastrapur,Ahmedabad",--,Too Few Ratings,₹ 100,"Burgers,Snacks",20722038002138,https://www.swiggy.com/restaurants/kevins-burger-vastrapur-ahmedabad-560031,"Kevin's Burger, Rudraksh Apartament, 90, Nehru Park Cir, Vastrapur, Ahmedabad, Gujarat 380015, India",Menu/560031.json
476296,Shree Dev Ice-Cream Parlour,"GOTA,Ahmedabad",--,Too Few Ratings,₹ 200,"Ice Cream,Beverages",20722038000046,https://www.swiggy.com/restaurants/shree-dev-ice-cream-parlour-gota-ahmedabad-476296,"Shree Dev Ice-Cream Parlour, Opp City Square Near Sales India Godrej Garden City Behind Nirma University Jagatpur Road",Menu/476296.json
180138,Charotari Kheechadi,"GOTA,Ahmedabad",--,Too Few Ratings,₹ 200,North Indian,20721038000117,https://www.swiggy.com/restaurants/charotari-kheechadi-jagatpur-chandkheda-ahmedabad-180138,"Charotari Kheechadi, B- 602 , Belevedere , Godrej Garden City , Jagatpur , Ahmeadabad , 382481",Menu/180138.json
404444,Healthy Foodies,"GOTA,Ahmedabad",--,Too Few Ratings,₹ 250,Indian,20721038000859,https://www.swiggy.com/restaurants/healthy-foodies-gota-ahmedabad-404444,"Healthy Foodies, D/802, Jasmine Green-1, Opp K D Hospital, B/s. Royal Heights, Nr. Vaishnodevi Circle, Ahmedabad-382210",Menu/404444.json
516399,Pizzagram - Chandlodiya,"GOTA,Ahmedabad",--,Too Few Ratings,₹ 300,"Pizzas,Italian",20722038000524,https://www.swiggy.com/restaurants/pizzagram-chandlodiya-gota-ahmedabad-516399,"Pizzagram - Chandlodiya, SHOP-GF-09 SHLOK INFINITY,OPP VISHWAKARMA MANDIR,NEAR GOTA RAILWAY BRIDGE,CHANDLODIYA,AHMEDABAD-382481",Menu/516399.json
478231,Dhaba Amritsari,"GOTA,Ahmedabad",3.6,20+ ratings,₹ 300,"Punjabi,North Indian",20721038001970,https://www.swiggy.com/restaurants/dhaba-amritsari-gota-ahmedabad-478231,"Dhaba Amritsari, Ground floor Shop No -N 20 Shukan Residency, Near Vandematram Cross Road, Gota-- 382481",Menu/478231.json
405777,South Junction,"GOTA,Ahmedabad",--,Too Few Ratings,₹ 200,South Indian,license,https://www.swiggy.com/restaurants/south-junction-vaishnodevi-circle-ahmedabad-405777,"South Junction, SURVEY NO.108/4/2 PAIKI, DANNY COFFE BAR, NIRAMA TRAGAD ROAD, , Ahmedabad Municipal Corporation, Ahmedabad Municipal Corporation, Gujarat, 380000",Menu/405777.json
410687,La Pino'Z Pizza,"GOTA,Ahmedabad",3.8,100+ ratings,₹ 400,"Pizzas,Pastas",10721026001025,https://www.swiggy.com/restaurants/la-pinoz-pizza-gota-ahmedabad-410687,"La Pino'Z Pizza, Shop no.28, GF Shukan residency, Vandematram, Gota 382481",Menu/410687.json
164566,Satvaras,"GOTA,Ahmedabad",--,Too Few Ratings,₹ 200,Juices,10719026001406,https://www.swiggy.com/restaurants/satvaras-opp-khodiyar-mandir-gota-ahmedabad-164566,"Satvaras, SatvaRas, Dharmik Steel Traders, Near Gota Cross Road, Near Lavanya Studio, Gota Chandlodia Road, Gota, Ahmedabad",Menu/164566.json
63622,Shiva'S Coffee Bar & Snacks,"GOTA,Ahmedabad",3.9,100+ ratings,₹ 300,Beverages,20719002000889,https://www.swiggy.com/restaurants/shivas-coffee-bar-and-snacks-jagatpur-ahmedabad-63622,"Shiva'S Coffee Bar & Snacks, Block no 194 Sg Highway PO Jagatpur Dascroi Ahmedabad -382470",Menu/63622.json
532761,Hot & tasty restaurant,"GOTA,Ahmedabad",--,Too Few Ratings,₹ 300,"North Indian,Chinese",20722038001387,https://www.swiggy.com/restaurants/hot-and-tasty-restaurant-gota-ahmedabad-532761,"Hot & tasty restaurant, shop no 8 city square mall jagatpur road nr godrej garden city gota",Menu/532761.json
378502,Aarambh Kitchen,"GOTA,Ahmedabad",4.5,20+ ratings,₹ 300,Indian,20721027000076,https://www.swiggy.com/restaurants/aarambh-kitchen-vaishnodevi-circle-gota-ahmedabad-378502,"Aarambh Kitchen, G-10 Shayona Shikh Near Vandematram Icon New S G Road Gota,  Ahmedabad -382470",Menu/378502.json
352236,Gujarat Bhajipav And Pulav,"GOTA,Ahmedabad",--,Too Few Ratings,₹ 180,Chinese,20721038000083,https://www.swiggy.com/restaurants/gujarat-bhajipav-and-pulav-gota-ahmedabad-352236,"Gujarat Bhajipav And Pulav, B-12 Simandhar Status, Gota, Ahmedabad, Gujarat, India",Menu/352236.json
357925,MS Food,"GOTA,Ahmedabad",--,Too Few Ratings,₹ 200,North Indian,license,https://www.swiggy.com/restaurants/ms-food-gota-new-ranip-ahmedabad-357925,"MS Food, Maruti Complex, Near Saag Market, Ranip",Menu/357925.json
63626,Jay Bhavani Vadapav,"GOTA,Ahmedabad",4.0,100+ ratings,₹ 200,Snacks,20180628125657,https://www.swiggy.com/restaurants/jay-bhavani-vadapav-gota-gota-jagatpur-ahmedabad-63626,"Jay Bhavani Vadapav, Block - B, Shop 11, Krishna Heights, Godrej Garden City Road, Jagatpur, Gota, Ahmedabad",Menu/63626.json
482851,A One Pani Puri,"GOTA,Ahmedabad",--,Too Few Ratings,₹ 300,"Chaat,Street Food",20721038001290,https://www.swiggy.com/restaurants/a-one-pani-puri-gota-ahmedabad-482851,"A One Pani Puri, Opp Dev Residency Near Panchslok Home Tragad Chandkheda Road Tragad",Menu/482851.json
483820,Saffron,"GOTA,Ahmedabad",--,Too Few Ratings,₹ 600,"North Indian,Tandoor",10722009000009,https://www.swiggy.com/restaurants/saffron-gota-ahmedabad-483820,"Saffron, Shop No. 101-102, First Floor, Shaligram Lakeview Near Tragad, Underpass, nr. Vaishnodevi Circle, Ahmedabad, Gujarat 382481, India",Menu/483820.json
573188,only idlis,"GOTA,Ahmedabad",--,Too Few Ratings,₹ 100,South Indian,20722002000108,https://www.swiggy.com/restaurants/only-idlis-gota-ahmedabad-573188,"only idlis, block A 605 jasmin green 2 near vaishnodevi circle khodiyar daskroi ahmedabad",Menu/573188.json
523496,Tea & Bite Cafe,"GOTA,Ahmedabad",--,Too Few Ratings,₹ 200,"Beverages,Fast Food",license,https://www.swiggy.com/restaurants/tea-and-bite-cafe-gota-ahmedabad-523496,"Tea & Bite Cafe, 8, Vishnudhara gardens, New gota, ahmadabad,382481",Menu/523496.json
412199,Honest,"GOTA,Ahmedabad",4.0,100+ ratings,₹ 400,"Indian,Chinese",10721026001069,https://www.swiggy.com/restaurants/honest-gota-ahmedabad-412199,"Honest, SAVVY SWARAAJ SPORTS CLUB, JAGATPUR ROAD, OFF S.G.HIGHWAY, GOTA, AHMEDABAD      382481",Menu/412199.json
369904,33 The Eatery,"GOTA,Ahmedabad",3.6,50+ ratings,₹ 250,"North Indian,Gujarati",20721034000285,https://www.swiggy.com/restaurants/33-the-eatery-gota-chandkheda-ahmedabad-369904,"33 The Eatery, PRAHLAD PARK, JAGATPUR, NEAR SAMYAK GALAXY, JAGATPUR, DASCROI,ahmedabad",Menu/369904.json
383777,Puff Factory,"GOTA,Ahmedabad",--,Too Few Ratings,₹ 200,Indian,20721037003192,https://www.swiggy.com/restaurants/puff-factory-gota-ahmedabad-383777,"Puff Factory, ff-15,Shukan Platinum Apartments, Vandematram Arcade, Gota, Ahmedabad, Gujarat, India",Menu/383777.json
455468,Oven The Bakery,"GOTA,Ahmedabad",3.6,20+ ratings,₹ 600,"Bakery,Desserts",20721037005985,https://www.swiggy.com/restaurants/oven-the-bakery-gota-ahmedabad-455468,"Oven The Bakery, 9/A, Ganesh Glory 11, Near BSNL Office, Jagatpur, Daskroi, Gota, Ahmedabad",Menu/455468.json
451663,Lalaji Dilliwale Restaurant,"GOTA,Ahmedabad",--,Too Few Ratings,₹ 300,"Indian,Sweets",20721037005773,https://www.swiggy.com/restaurants/lalaji-dilliwale-restaurant-gota-ahmedabad-451663,"Lalaji Dilliwale Restaurant, SHOP NO 1,BLOCK NO A,VISHNUDHARA GARDEN, JAGATPUR ROAD, Nirnaynagar, Ahmedabad Municipal Corporation, Gujarat - 382481",Menu/451663.json
491324,New Sizzling Chinese,"GOTA,Ahmedabad",--,Too Few Ratings,₹ 300,Chinese,10721026000757,https://www.swiggy.com/restaurants/new-sizzling-chinese-gota-ahmedabad-491324,"New Sizzling Chinese, Survey No 108/4/2 Paiki, Denny's Coffee Bar, Opp Adani Pratham Residency, Tragad,ahmedabad  ",Menu/491324.json
345253,Das Khaman,"GOTA,Ahmedabad",3.6,50+ ratings,₹ 250,"Indian,Snacks",20722038001169,https://www.swiggy.com/restaurants/das-khaman-gota-ahmedabad-345253,"Das Khaman, c-1 ground floor ceter point , vande matram road, Ahmedabad 382481",Menu/345253.json
413602,London Yard Pizza,"GOTA,Ahmedabad",3.3,100+ ratings,₹ 300,"Pizzas,Italian",10721026001221,https://www.swiggy.com/restaurants/london-yard-pizza-gota-ahmedabad-413602,"London Yard Pizza, GO-1 B, SAVVY SWARAJ APORTS CLUB, VANDEMATARAM GODREJ GARDEN CITYROAD, GOTA, AHMEDABAD, Ahmedabad Municipal Corporation, Ahmedabad Municipal Corporation, Gujarat-382481",Menu/413602.json
259950,The Paul Bakery,"GOTA,Ahmedabad",3.8,50+ ratings,₹ 200,"Beverages,Bakery",20719034002343,https://www.swiggy.com/restaurants/the-paul-bakery-gota-ahmedabad-259950,"The Paul Bakery, Shop number-17, Savvy swaraaj spoarts club Akanksha apartment, Gota, Ahmedabad, Gujarat 382481, India",Menu/259950.json
432902,Jay Ambe Food Corner,"GOTA,Ahmedabad",--,Too Few Ratings,₹ 400,"North Indian,Chinese",20719009000733,https://www.swiggy.com/restaurants/jay-ambe-food-corner-gota-ahmedabad-432902,"Jay Ambe Food Corner, 14 green aura near kb royal altezza zundal Gandhinagar 382421",Menu/432902.json
526768,Jasuben shah old pizza,"GOTA,Ahmedabad",--,Too Few Ratings,₹ 250,"Pizzas,American",20722038001174,https://www.swiggy.com/restaurants/jasuben-shah-old-pizza-gota-ahmedabad-526768,"Jasuben shah old pizza, Shops No. 21 SAVVY SWARAAJ AKANKSHA PH. 1 JAGATPUR GOTA AHMEDABAD 382470",Menu/526768.json
291683,Lassi Ghar,"GOTA,Ahmedabad",--,Too Few Ratings,₹ 200,"Beverages,Juices",10719026001501,https://www.swiggy.com/restaurants/lassi-ghar-gota-ahmedabad-291683,"Lassi Ghar, GF-11,SHUKAN STATUS,NR.VANDEMATRAM CROSS,ROAD,GOTA	,AHMEDABAD, MUNICIPAL CORPORATION,AHMEDABAD MUNICIPAL CORPORATION(GUJRAT),382481",Menu/291683.json
538196,Darbar Fry Center,"GOTA,Ahmedabad",--,Too Few Ratings,₹ 200,Indian,20721038001891,https://www.swiggy.com/restaurants/darbar-fry-center-gota-ahmedabad-538196,"Darbar Fry Center, GOTA CHAR RASTA, S.G HIGHWAY, GOTA GotalNew West Zone), Ahmedabad Municipal Corporation, Ahmedabad Gujarat-",Menu/538196.json
63517,Pizza Tune,"GOTA,Ahmedabad",2.8,50+ ratings,₹ 300,Pizzas,20720034000432,https://www.swiggy.com/restaurants/pizza-tune-gota-ahmedabad-63517,"Pizza Tune, 28, VandeMataram Arcade, New S.G. Road, Gota, Ahmedabad",Menu/63517.json
448015,Myriad-Ii Restaurant And Banquet,"GOTA,Ahmedabad",4.2,20+ ratings,₹ 200,"Indian,Chinese",license,https://www.swiggy.com/restaurants/myriad-ii-restaurant-and-banquet-gota-ahmedabad-448015,"Myriad-Ii Restaurant And Banquet, SF/201 & T F /301 , THE CENTER POINT , OPP/ VRUNDAVAN HEIGHT , NEW S G ROAD ,VANDEMATRAM TO SAVVY SWARAJ ROAD ,JAGATPUR , AHMEDABAD.,382470",Menu/448015.json
532648,RNR Food Station,"GOTA,Ahmedabad",3.9,20+ ratings,₹ 200,"North Indian,Fast Food",20722002000081,https://www.swiggy.com/restaurants/rnr-food-station-gota-ahmedabad-532648,"RNR Food Station, Gf 02, Vandematram fabula, Near Swarnim Square, Village:- Chharodi, Ahmedabad , Gota, Ahmedabad,380060",Menu/532648.json
577313,SHREE RAM ICECREAM SHOP,"GOTA,Ahmedabad",--,Too Few Ratings,₹ 300,"Ice Cream,Desserts",20722038002467,https://www.swiggy.com/restaurants/shree-ram-icecream-shop-gota-ahmedabad-577313,"SHREE RAM ICECREAM SHOP, MAGNATE LIFESTYLE,OPP.TULIP-1,BEHIND GORBANDH HOTEL,VAISHNO DEVI CIRCLE,GOTA,S.G HIGHWAY,AHMEDABAD-382481",Menu/577313.json
508527,Chandni Chowk,"GOTA,Ahmedabad",--,Too Few Ratings,₹ 150,Chaat,20721038001930,https://www.swiggy.com/restaurants/chandni-chowk-adani-shantigram-ahmedabad-508527,"Chandni Chowk, SHOP NO. 114, SHOPPERS  PLAZA ADANI SHANTIGRAM AHEMDABAD 382421 GUJRAT",Menu/508527.json
511368,Patiala Platter By Urban Khichdi,"GOTA,Ahmedabad",--,Too Few Ratings,₹ 250,"Indian,Punjabi",10722009000064,https://www.swiggy.com/restaurants/patiala-platter-by-urban-khichdi-gota-ahmedabad-511368,"Patiala Platter By Urban Khichdi, Shop No:- 5, Shaligram Lakeview, Nr. Vaishnodevi Circle, S. P. Ring Road, Gandhinagar, Gujarat-382470",Menu/511368.json
140803,The Fusion Pizza,"GOTA,Ahmedabad",3.9,100+ ratings,₹ 200,"Pizzas,Beverages",license,https://www.swiggy.com/restaurants/the-fusion-pizza-gota-ahmedabad-140803,"The Fusion Pizza, Shop no -52 ground floor icb floora opp AMC garden gota",Menu/140803.json
564016,TGB Cafe'n Bakery,"GOTA,Ahmedabad",--,Too Few Ratings,₹ 150,"Bakery,Desserts",20720034001451,https://www.swiggy.com/restaurants/tgb-cafen-bakery-gota-ahmedabad-564016,"TGB Cafe'n Bakery, SHOP-22 , UPVAN COMPLEX , GROUND  FLOOR , IOC TRAGAD ROAD ,  CHANDKHEDA, Ahmedabad . ,  Ahmedabad, Ahmedabad Municipal  Corporation, Gujarat - 382424",Menu/564016.json
563722,Brewd Awakening,"GOTA,Ahmedabad",--,Too Few Ratings,₹ 200,"Fast Food,North Indian",license,https://www.swiggy.com/restaurants/brewd-awakening-gota-ahmedabad-563722,"Brewd Awakening, G307 Vrindhavan Cluster Godrej Garden City Jagatpur , Gota(New West Zone),  Ahmedabad, 382471",Menu/563722.json
536302,Thali Factory,"GOTA,Ahmedabad",--,Too Few Ratings,₹ 400,"Thalis,North Indian",20722034000557,https://www.swiggy.com/restaurants/thali-factory-chandkheda-ahmedabad-536302,"Thali Factory, A/14 SANSKAR SOCIETY, OPP GANES PARK, IOC ROAD C CHANDKHERAMOTERA",Menu/536302.json
292781,Kanaiya  Ganthiya  Center,"GOTA,Ahmedabad",--,Too Few Ratings,₹ 200,Snacks,20719033000579,https://www.swiggy.com/restaurants/kanaiya-ganthiya-center-vandematram-chandlodiya-ahmedabad-292781,"Kanaiya  Ganthiya  Center, Near krishna party plot, vandematram,gota, ahmedabad-382481",Menu/292781.json
520756,Wakka Makka Chinese,"GOTA,Ahmedabad",1.9,20+ ratings,₹ 300,"Beverages,Desserts",license,https://www.swiggy.com/restaurants/wakka-makka-chinese-gota-ahmedabad-520756,"Wakka Makka Chinese, Shop No 18, Silver Pearl Apartment, Vishwas City 1, Chanakya Puri, Ghatlodiya,(New west Zone), Ahmedabad, Municipal Corporation, Ahmedabad, Gujarat, 380061",Menu/520756.json
578541,Food & Foodies,"GOTA,Ahmedabad",--,Too Few Ratings,₹ 200,Indian,20722038002547,https://www.swiggy.com/restaurants/food-and-foodies-gota-ahmedabad-578541,"Food & Foodies, 112 FIRST FLOOR, VANDEMATRAM  FEBULA, B/H NIRMA UNIVERSITY,  CHARODI AHMEDABAD , Gota(New West  Zone) , Ahmedabad Municipal  Corporation, Ahmedabad, Gujarat-382481",Menu/578541.json
371579,Flourish Lounge & Cafe,"GOTA,Ahmedabad",--,Too Few Ratings,₹ 200,"Beverages,Ice Cream",20719034000168,https://www.swiggy.com/restaurants/flourish-lounge-and-cafe-gota-ahmedabad-371579,"Flourish Lounge & Cafe, Shop Np. 19 Ground Floor City Square  Godrej Garden City Ahmedabad",Menu/371579.json
207956,Tea Post,"GOTA,Ahmedabad",4.2,100+ ratings,₹ 200,"Fast Food,Beverages",10721026001904,https://www.swiggy.com/restaurants/tea-post-vaishnodevi-circle-shantigram-ahmedabad-207956,"Tea Post, Shantigram, Gujarat, India",Menu/207956.json
383795,Rock  Roll Sandwich,"GOTA,Ahmedabad",--,Too Few Ratings,₹ 300,Snacks,20721037003192,https://www.swiggy.com/restaurants/rock-roll-sandwich-gota-ahmedabad-383795,"Rock  Roll Sandwich, FF 15, Sukan Platinum Complex, NR Vandematram Cross Rd, Vandematram Arcade, Gota, Ahmedabad, Gujarat 382481, India",Menu/383795.json
469861,De Pizzeria,"GOTA,Ahmedabad",--,Too Few Ratings,₹ 300,"Pizzas,American",20721037005462,https://www.swiggy.com/restaurants/de-pizzeria-gota-ahmedabad-469861,"De Pizzeria, SHOP NO 135,VISHNUDHARA GARDEN NEAR SERENITY SPACE,GOTA,  JAGATPUR ROAD, GOTA AHMEDABAD - 382481",Menu/469861.json
510865,Wooddy Jhone's Pizza,"GOTA,Ahmedabad",--,Too Few Ratings,₹ 400,Pizzas,20721038000874,https://www.swiggy.com/restaurants/wooddy-jhones-pizza-gota-ahmedabad-510865,"Wooddy Jhone's Pizza, Horizone Trade Center, Near KD Hospital, Vaishnodevi Circle, Gota, Daskroi, Ahmedabad, Gujarat- 382210",Menu/510865.json
481611,Wack Waffles & Brownies,"GOTA,Ahmedabad",4.5,50+ ratings,₹ 300,"Waffle,Desserts",20722038000399,https://www.swiggy.com/restaurants/wack-waffles-and-brownies-gota-ahmedabad-481611,"Wack Waffles & Brownies, Narayan shop , A/35 ,Sayona green , BH Vodafone ,Village gota , Ahmedabad 380054",Menu/481611.json
564703,Wokazo,"GOTA,Ahmedabad",--,Too Few Ratings,₹ 250,Chinese,20722038002187,https://www.swiggy.com/restaurants/wokazo-gota-ahmedabad-564703,"Wokazo, G.F. 01,Aaryan Impulse, Opp. Aaryan city,New S.G. Highway road,Gota(New West Zone),Ahmedabad-382481",Menu/564703.json
514301,Shree Marutinandan,"GOTA,Ahmedabad",--,Too Few Ratings,₹ 500,"North Indian,Indian",10721026001652,https://www.swiggy.com/restaurants/shree-marutinandan-gota-ahmedabad-514301,"Shree Marutinandan, SURVEY NO 85/2/2, MA DEVNAGAR, NR.GOTA OVER BRIGE GOTA, Ahmedabad Municipal Corporation, Ahmedabad Municipal Corporation, Gujarat-380081",Menu/514301.json
222547,Subway,"GOTA,Ahmedabad",4.0,100+ ratings,₹ 350,"Fast Food,Healthy Food",20719037006846,https://www.swiggy.com/restaurants/subway-vaishnodevi-circle-ahmedabad-222547,"Subway, Shop No. 9, Ground Floor, Runscape Building, Nr. Vaishnodevi Circle, SG Highway, AHmedabad.",Menu/222547.json
520766,Hot Lee Chinese,"GOTA,Ahmedabad",2.8,20+ ratings,₹ 250,"Asian,Chinese",license,https://www.swiggy.com/restaurants/hot-lee-chinese-gota-ahmedabad-520766,"Hot Lee Chinese, Shop No 18, Silver Pearl Apartment, Vishwas City 1, Chanakya Puri, Ghatlodiya,(New west Zone), Ahmedabad, Municipal Corporation, Ahmedabad, Gujarat, 380061",Menu/520766.json
520767,Bhyankar Burgers,"GOTA,Ahmedabad",--,Too Few Ratings,₹ 300,"Fast Food,North Indian",license,https://www.swiggy.com/restaurants/bhyankar-burgers-gota-ahmedabad-520767,"Bhyankar Burgers, Shop No 18, Silver Pearl Apartment, Vishwas City 1, Chanakya Puri, Ghatlodiya,(New west Zone), Ahmedabad, Municipal Corporation, Ahmedabad, Gujarat, 380061",Menu/520767.json
387228,City Vadapav,"GOTA,Ahmedabad",3.8,20+ ratings,₹ 200,"Fast Food,Snacks",20721035000201,https://www.swiggy.com/restaurants/city-vadapav-gota-ahmedabad-387228,"City Vadapav, Shop No.6, Shree vishnudhara cross road, Nr vodafon tower gate, Gota Overbridge, Ahmedabad, Gujarat",Menu/387228.json
503655,Om Shakti-The Garden Restaurant,"GOTA,Ahmedabad",--,Too Few Ratings,₹ 250,"Gujarati,Thalis",20721027000320,https://www.swiggy.com/restaurants/om-shakti-the-garden-restaurant-gota-ahmedabad-503655,"Om Shakti-The Garden Restaurant, Nr Marutinandan, Opp Vaishnodevi Mandir,S G Highway, Vaishnodevi Cross Road,Adalaj,Gandhinagar,Gujarat-392421",Menu/503655.json
520770,Ching Chong Asian,"GOTA,Ahmedabad",--,Too Few Ratings,₹ 300,"Chinese,American",license,https://www.swiggy.com/restaurants/ching-chong-asian-gota-ahmedabad-520770,"Ching Chong Asian, Shop No 18, Silver Pearl Apartment, Vishwas City 1, Chanakya Puri, Ghatlodiya,(New west Zone), Ahmedabad, Municipal Corporation, Ahmedabad, Gujarat, 380061",Menu/520770.json
482030,Winner Pizzas (Fresh Dough),"GOTA,Ahmedabad",--,Too Few Ratings,₹ 300,"Pizzas,Italian",20722038000399,https://www.swiggy.com/restaurants/winner-pizzas-fresh-dough-gota-ahmedabad-482030,"Winner Pizzas (Fresh Dough), Narayan shop , A/35 ,Sayona green , BH Vodafone ,Village gota , Ahmedabad 380054",Menu/482030.json
479429,Gajanan Food Point,"GOTA,Ahmedabad",--,Too Few Ratings,₹ 300,"North Indian,Indian",20721034002122,https://www.swiggy.com/restaurants/gajanan-food-point-gota-ahmedabad-479429,"Gajanan Food Point, SHOP NO G-1, BALARK PLAZA, OPP ALOK FLAT, NEW RANIP,382470",Menu/479429.json
65394,Karnavati Snacks,"GOTA,Ahmedabad",3.4,20+ ratings,₹ 200,Snacks,license,https://www.swiggy.com/restaurants/karnavati-snacks-gota-ahmedabad-65394,"Karnavati Snacks, Shop no 8 Royal homes opp Satyamev vista gota",Menu/65394.json
511702,The Shake Maker,"GOTA,Ahmedabad",4.3,20+ ratings,₹ 200,Beverages,20722038001117,https://www.swiggy.com/restaurants/the-shake-maker-gota-ahmedabad-511702,"The Shake Maker, SHOP NO-15,BLOCK-D,GF,SHAYONA AAGMAN,OPP.SHAYONA TILAK,GOTA- JAGATPUT ROAD,AHMEDABAD, Gota(New West Zone), Ahmedabad Municipal Corporation, Ahmedabad, Gujarat - 382481",Menu/511702.json
492985,Mishaa'S Kitchen,"GOTA,Ahmedabad",--,Too Few Ratings,₹ 200,"South Indian,Fast Food",20721037003976,https://www.swiggy.com/restaurants/mishaas-kitchen-gota-ahmedabad-492985,"Mishaa'S Kitchen, 28, dhartinagar, opp. chandkheda raily station, tragad road, Tragad , Ahmedabad City, Ahmedabad Municipal Corporation, Gujarat - 382424",Menu/492985.json
516996,Nayara Chinese Corner,"GOTA,Ahmedabad",--,Too Few Ratings,₹ 250,"Chinese,Fast Food",20721009000467,https://www.swiggy.com/restaurants/nayara-chinese-corner-gota-ahmedabad-516996,"Nayara Chinese Corner, Near Adani shantigram S.G highway Khoraj Gandhinagar -382421",Menu/516996.json
461315,The Budget Food,"GOTA,Ahmedabad",--,Too Few Ratings,₹ 300,"North Indian,Snacks",20721038001644,https://www.swiggy.com/restaurants/the-budget-food-gota-ahmedabad-461315,"The Budget Food, D-108, Vrindavan, Jagatpur Rd, New Chamunda Society, Godrej Garden City, Chandkheda, Ahmedabad, Gujarat 382470, India",Menu/461315.json
180338,Katori Kitchens,"GOTA,Ahmedabad",3.6,50+ ratings,₹ 250,"Snacks,Italian",10719026000901,https://www.swiggy.com/restaurants/katori-kitchens-chandlodia-malabar-county-2-ahmedabad-180338,"Katori Kitchens, B-15,Malabar County-2,B/h Nirma University,Tragad,Chandlodia,Ahmedabad",Menu/180338.json
545996,Best Foods & Tiffins,"GOTA,Ahmedabad",--,Too Few Ratings,₹ 250,Indian,20722038002013,https://www.swiggy.com/restaurants/best-foods-and-tiffins-gota-ahmedabad-545996,"Best Foods & Tiffins, Vrindavan A-102,Godrej Garden City,Gota,Jagatpur,Ahmedabad-382470",Menu/545996.json
563229,Basic Kneads,"GOTA,Ahmedabad",--,Too Few Ratings,₹ 250,Gujarati,license,https://www.swiggy.com/restaurants/basic-kneads-gota-ahmedabad-563229,"Basic Kneads, G307 Vrindhavan Cluster Godrej Garden City Jagatpur , Gota(New West Zone),  Ahmedabad, 382471",Menu/563229.json
349144,Blackone Cake Shop,"GOTA,Ahmedabad",--,Too Few Ratings,₹ 200,Bakery,20720034000529,https://www.swiggy.com/restaurants/blackone-cake-shop-gota-ahmedabad-349144,"Blackone Cake Shop, 3 Shukan Apartment, Opp Vandematram City, New S. G. Road, Gota, 382481",Menu/349144.json
449558,Shreeji Gathiya Rath,"GOTA,Ahmedabad",--,Too Few Ratings,₹ 250,"Snacks,Indian",20721034001737,https://www.swiggy.com/restaurants/shreeji-gathiya-rath-ranip-ahmedabad-449558,"Shreeji Gathiya Rath, GF/ SHOP NO / 21 ,AALOK RESIDENCY , OPP- BANK OF BARODA , ANAND PARTY PLOT ROAD , NEW RANIP",Menu/449558.json
421775,Puffx Live Puff,"GOTA,Ahmedabad",--,Too Few Ratings,₹ 200,Indian,20721038000808,https://www.swiggy.com/restaurants/puffx-live-puff-ranip-ahmedabad-421775,"Puffx Live Puff, SHOP-GF.5, SHAYONA AGMAN, OPP.SHAYONA TILAK, GOTA-382481",Menu/421775.json
550542,Biryani Hazir Ho,"GOTA,Ahmedabad",--,Too Few Ratings,₹ 300,"Biryani,North Indian",license,https://www.swiggy.com/restaurants/biryani-hazir-ho-godrej-garden-city-ahmedabad-550542,"Biryani Hazir Ho, First Floor FF/14,City Square Shop,above central bank of India opp EDEN FLATS,GODREJ GARDEN CITY., Land mark :19 cinema Jagatpur,ahmedabad-382470",Menu/550542.json
447800,Mr Eggies,"GOTA,Ahmedabad",--,Too Few Ratings,₹ 150,North Indian,20721038000362,https://www.swiggy.com/restaurants/mr-eggies-gota-ahmedabad-447800,"Mr Eggies, 11, Ground Floor, Malabar Country 2, Gota, Ahmedabad 382470",Menu/447800.json
490793,Snackopedia,"GOTA,Ahmedabad",--,Too Few Ratings,₹ 400,"Pizzas,Fast Food",10721026002056,https://www.swiggy.com/restaurants/snackopedia-gota-ahmedabad-490793,"Snackopedia, GF-26 VANDEMATRAM ICON,OPP. KALUPUR CO.OP BANK,NR. APOLLO INTERNATIONAL SCHOOL,NEW S.G ROAD,GOTA, AHMEDABAD, GUJARAT-382481",Menu/490793.json
527415,Rp'S Pizzeria,"GOTA,Ahmedabad",--,Too Few Ratings,₹ 250,Pizzas,10721026001065,https://www.swiggy.com/restaurants/rps-pizzeria-gota-ahmedabad-527415,"Rp'S Pizzeria, Shop 8, High Street, Jagatpur, Gota, Ahmedabad  382421",Menu/527415.json
552602,Ziu's kitchen,"GOTA,Ahmedabad",--,Too Few Ratings,₹ 200,"Burgers,Fast Food",20722038002102,https://www.swiggy.com/restaurants/zius-kitchen-gota-ahmedabad-552602,"Ziu's kitchen, Shukan status ASTHA ANTRAM, Janta Nagar, Chandlodiya, Ahmedabad, Gujarat 380081, India",Menu/552602.json
579924,JAY AMBE FAST FOOD,"GOTA,Ahmedabad",--,Too Few Ratings,₹ 300,"Chinese,Street Food",20721037004797,https://www.swiggy.com/restaurants/jay-ambe-fast-food-gota-ahmedabad-579924,"JAY AMBE FAST FOOD, B/S SIDDHARTH ICON, GODREJ GARDEN CITY, TRAGAD ROAD,TRAGAD,AHMEDABAD-382470",Menu/579924.json
550307,Sagar fry center,"GOTA,Ahmedabad",--,Too Few Ratings,₹ 300,"North Indian,Indian",20722038002012,https://www.swiggy.com/restaurants/sagar-fry-center-gota-ahmedabad-550307,"Sagar fry center, SAGAR FRY CENTER / MOHAMMAD MOHATASIM,Bloak no. 55 , Flat no - 1743 E.W.S.AWAS. NR, SINDHU BHAVAN ,BODAKDEV,THALTEJ , Thaltej(New West Zone) ,Ahmedabad Municipal Corporation,Ahmedabad, Gujarat-",Menu/550307.json
550549,Maa Ki Khichdi,"GOTA,Ahmedabad",--,Too Few Ratings,₹ 250,"Indian,Desserts",license,https://www.swiggy.com/restaurants/maa-ki-khichdi-godrej-garden-city-ahmedabad-550549,"Maa Ki Khichdi, First Floor FF/14,City Square Shop,above central bank of India opp EDEN FLATS,GODREJ GARDEN CITY., Land mark :19 cinema Jagatpur,ahmedabad-382470",Menu/550549.json
120309,Pizza Lovers,"GOTA,Ahmedabad",--,Too Few Ratings,₹ 450,Pizzas,20722034000392,https://www.swiggy.com/restaurants/pizza-lovers-ranip-new-ranip-ahmedabad-120309,"Pizza Lovers, 1st Floor, 678, Arya Villa Complex, Opposite Shukan City, Anand Party Plot Road, New Ranip, Ranip, Ahmedabad",Menu/120309.json
506273,William John's Pizza,"GOTA,Ahmedabad",--,Too Few Ratings,₹ 700,"Italian,Snacks",20722009000022,https://www.swiggy.com/restaurants/william-johns-pizza-gota-vaishnodevi-circle-ahmedabad-506273,"William John's Pizza, Shop No. 8, Runscape Building, Vaishnodevi Circle, Sarkhej Gandhinagar Highway, Ahmedabad, Gujarat-382481",Menu/506273.json
563232,The Little Easy,"GOTA,Ahmedabad",--,Too Few Ratings,₹ 250,"Burgers,Snacks",license,https://www.swiggy.com/restaurants/the-little-easy-gota-ahmedabad-563232,"The Little Easy, G307 Vrindhavan Cluster Godrej Garden City Jagatpur , Gota(New West Zone),  Ahmedabad, 382471",Menu/563232.json
565654,rampanth gujarati thali,"GOTA,Ahmedabad",--,Too Few Ratings,₹ 250,"Gujarati,North Indian",20722038002315,https://www.swiggy.com/restaurants/rampanth-gujarati-thali-gota-ahmedabad-565654,"rampanth gujarati thali, A 115,116 ganesh glory 11 jagatpur road sarkhej gandhinagar highway ahmedabad",Menu/565654.json
479770,Omkara Restaurant,"GOTA,Ahmedabad",--,Too Few Ratings,₹ 300,"Fast Food,North Indian",10716026000496,https://www.swiggy.com/restaurants/omkara-restaurant-gota-ahmedabad-479770,"Omkara Restaurant, GF-A/1, RATNA PRIDE FLAT, NR RAILWAY CROSSING, BEHIND NIRMA UNIVERSITY, TRAGAD, AHMEDABAD",Menu/479770.json
460232,Ad Momos And Chinese Foods,"GOTA,Ahmedabad",--,Too Few Ratings,₹ 150,"Chinese,Pizzas",20721037002677,https://www.swiggy.com/restaurants/ad-momos-and-chinese-foods-gota-ahmedabad-460232,"Ad Momos And Chinese Foods, RAIN FOREST RESTAURANT, Sarkhej - Gandhinagar Hwy, opp. MANAN AUTOLINK, Gota, Ahmedabad, Gujarat 382481, India",Menu/460232.json
462413,R. B. Dosa,"GOTA,Ahmedabad",--,Too Few Ratings,₹ 300,"South Indian,Beverages",20721038001431,https://www.swiggy.com/restaurants/r-b-dosa-gota-ahmedabad-462413,"R. B. Dosa, Nr. Nirma University, Charodi Char Rasta, SG Highway, Gota, Ahmedabad - 382481",Menu/462413.json
317206,One Bite,"GOTA,Ahmedabad",4.1,20+ ratings,₹ 350,Italian,20720034001183,https://www.swiggy.com/restaurants/one-bite-gota-malabar-county-2-ahmedabad-317206,"One Bite, BLOCK-B, SHOP NO. GF 10, MALABAR COUNTRY, B/H NIRMA UNIVERSITY, AHMEDABAD, GUJARAT- 382470",Menu/317206.json
523857,Shree Khodiyar Ice Gola,"GOTA,Ahmedabad",--,Too Few Ratings,₹ 200,Ice Cream,20722038001096,https://www.swiggy.com/restaurants/shree-khodiyar-ice-gola-gota-ahmedabad-523857,"Shree Khodiyar Ice Gola, AMC GARDEN VANDEMATARAM ,NEAR SUKUN GOLD,VANDEMATARAM  Gota, Ahmedabad, Gujarat 382481, India",Menu/523857.json
523617,Jx-E Ice Dish Gola & Food,"GOTA,Ahmedabad",--,Too Few Ratings,₹ 250,"Fast Food,Desserts",20722038001571,https://www.swiggy.com/restaurants/jx-e-ice-dish-gola-and-food-gota-ahmedabad-523617,"Jx-E Ice Dish Gola & Food, GF-11, 12, Block-D, Shukan Status, Nr. Vandematram Cross Road, Opp. Shukan Residency, New SG Rd, Vandematram Arcade, Janta Nagar, Gota, Ahmedabad, Gujarat 382481, India",Menu/523617.json
550530,Sanskari Biryani,"GOTA,Ahmedabad",--,Too Few Ratings,₹ 300,"Biryani,Desserts",license,https://www.swiggy.com/restaurants/sanskari-biryani-godrej-garden-city-ahmedabad-550530,"Sanskari Biryani, First Floor FF/14,City Square Shop,above central bank of India opp EDEN FLATS,GODREJ GARDEN CITY., Land mark :19 cinema Jagatpur,ahmedabad-382470",Menu/550530.json
493013,Desi Stuff,"GOTA,Ahmedabad",--,Too Few Ratings,₹ 400,North Indian,license,https://www.swiggy.com/restaurants/desi-stuff-gota-ahmedabad-493013,"Desi Stuff, MALABAR COUNTY 2 , behind nirma university ,chandlodiya",Menu/493013.json
550533,New York Churros Co.,"GOTA,Ahmedabad",--,Too Few Ratings,₹ 250,"Bakery,Desserts",license,https://www.swiggy.com/restaurants/new-york-churros-co-godrej-garden-city-ahmedabad-550533,"New York Churros Co., First Floor FF/14,City Square Shop,above central bank of India opp EDEN FLATS,GODREJ GARDEN CITY., Land mark :19 cinema Jagatpur,ahmedabad-382470",Menu/550533.json
510753,Urban Khichdi,"GOTA,Ahmedabad",3.5,20+ ratings,₹ 250,"Indian,Punjabi",10722009000064,https://www.swiggy.com/restaurants/urban-khichdi-gota-ahmedabad-510753,"Urban Khichdi, Shop No:- 5, Shaligram Lakeview, Nr. Vaishnodevi Circle, S. P. Ring Road, Gandhinagar, Gujarat-382470",Menu/510753.json
513901,Cafe Chaai Paani,"GOTA,Ahmedabad",--,Too Few Ratings,₹ 100,"Beverages,Snacks",20722038000157,https://www.swiggy.com/restaurants/cafe-chaai-paani-gota-ahmedabad-513901,"Cafe Chaai Paani, Shop no, G-11, Gala Celestia in front of Balaji Wind Park, Vaishnodevi Circle, Gota (New West Zone), Ahmedabad, Gujarat - 382210",Menu/513901.json
550539,MBA In Khichdi,"GOTA,Ahmedabad",--,Too Few Ratings,₹ 250,"Indian,Desserts",license,https://www.swiggy.com/restaurants/mba-in-khichdi-godrej-garden-city-ahmedabad-550539,"MBA In Khichdi, First Floor FF/14,City Square Shop,above central bank of India opp EDEN FLATS,GODREJ GARDEN CITY., Land mark :19 cinema Jagatpur,ahmedabad-382470",Menu/550539.json
369836,Mc Oliver'S Pizza,"GOTA,Ahmedabad",--,Too Few Ratings,₹ 250,"Pizzas,Chinese",10721026000450,https://www.swiggy.com/restaurants/mc-olivers-pizza-gota-ahmedabad-369836,"Mc Oliver'S Pizza, FF. 10-14 ROYAL HOMES ,NR SATYAMEV  VISTA ,GOTA., Ahmedabad, Ahmedabad  Municipal Corporation, Gujarat-382481",Menu/369836.json
452266,Samosazz,"GOTA,Ahmedabad",--,Too Few Ratings,₹ 200,"Snacks,Pizzas",20721038001747,https://www.swiggy.com/restaurants/samosazz-gota-vaishnodevi-circle-khodhiyar-ahmedabad-452266,"Samosazz, GF 12, Sun Setu Appartment, Near Gaurbandh Hotel, Vaishnodevi Circle, Khodiyar, Daskroi, Ahmedabad, Gujarat-382421",Menu/452266.json
431486,Shree Balaji Pakodi Centre,"GOTA,Ahmedabad",--,Too Few Ratings,₹ 250,Chaat,20721038001290,https://www.swiggy.com/restaurants/shree-balaji-pakodi-centre-gota-ahmedabad-431486,"Shree Balaji Pakodi Centre, 4HC8+M6 Ahmedabad, Gujarat, India",Menu/431486.json
478650,The Juice Point,"GOTA,Ahmedabad",--,Too Few Ratings,₹ 200,"Juices,Beverages",license,https://www.swiggy.com/restaurants/the-juice-point-gota-ahmedabad-478650,"The Juice Point, Shop no 4 ICON complex vande matram cross road ahmedabad  382481",Menu/478650.json
403379,Waffle World,"GOTA,Ahmedabad",--,Too Few Ratings,₹ 200,"Desserts,Beverages",license,https://www.swiggy.com/restaurants/waffle-world-gota-ahmedabad-403379,"Waffle World, 27/30, New Ranip, Ahmedabad, Gujarat 382470, India",Menu/403379.json
411997,The Flavour Fare,"GOTA,Ahmedabad",--,Too Few Ratings,₹ 400,"North Indian,Chinese",20721037004316,https://www.swiggy.com/restaurants/the-flavour-fare-gota-ahmedabad-411997,"The Flavour Fare, Shop no 2. Ground Floor, Centre Point, Opp. Vrundawan Height, Beside Savvy Swaaraj, On Vandemataram road, Chenpur, Ahmedabad 382470",Menu/411997.json
164540,Shreeji Khana Khazana Cafe,"GOTA,Ahmedabad",4.3,20+ ratings,₹ 300,"Indian,Chinese",20719034001998,https://www.swiggy.com/restaurants/shreeji-khana-khazana-cafe-vandematram-hills-chandlodiya-ahmedabad-164540,"Shreeji Khana Khazana Cafe, 10,Ground floor, Shukan residency, Opp.phonewale,vandemataram char rasta, New S.G. road,Gota Ahmedabad",Menu/164540.json
229306,Rajwadi Food,"GOTA,Ahmedabad",--,Too Few Ratings,₹ 400,"Gujarati,North Indian",20719037004829,https://www.swiggy.com/restaurants/rajwadi-food-gota-ahmedabad-229306,"Rajwadi Food, B-504, Nirman Rejoice, Opp. Godrej Garden City, Village : Jagatpur, Tal:Daskroi, Ahmedabad, Dascroi, AMC,382470",Menu/229306.json
352851,The Burger House,"GOTA,Ahmedabad",--,Too Few Ratings,₹ 150,Combo,20722034000752,https://www.swiggy.com/restaurants/the-burger-house-gota-chandkheda-ahmedabad-352851,"The Burger House, The Burger House, Mansarovar society,IOC Road, Dharti Nagar, Chandkheda, Ahmedabad, Gujarat, India",Menu/352851.json
360111,New Freeze Land,"GOTA,Ahmedabad",4.0,50+ ratings,₹ 200,"Cafe,American",20721037000351,https://www.swiggy.com/restaurants/new-freeze-land-gota-ahmedabad-360111,"New Freeze Land, GF-4 center point,opp.vrundavan heights,vandematram road,gota.382470",Menu/360111.json
126985,Sparta Cafe,"GOTA,Ahmedabad",--,Too Few Ratings,₹ 200,"Chinese,Continental",20719037000627,https://www.swiggy.com/restaurants/sparta-cafe-adani-pratham-vaishnodevi-circle-ahmedabad-126985,"Sparta Cafe, Sparta Cafe, near Adani Partham,Balaji Temple, Tragad Rd, Ahmedabad, Gujarat.",Menu/126985.json
490658,Shri Umiya Bhajipav,"GOTA,Ahmedabad",--,Too Few Ratings,₹ 300,"Street Food,Fast Food",20721034000370,https://www.swiggy.com/restaurants/shri-umiya-bhajipav-gota-ahmedabad-490658,"Shri Umiya Bhajipav, Shop No 31 Sahajanand Homes Besides Petrol Pump Chenpur Road Chenpur , New Ranip Ahmedabad-382480",Menu/490658.json
309237,Bhagyesh Fast Food,"GOTA,Ahmedabad",--,Too Few Ratings,₹ 200,Pizzas,license,https://www.swiggy.com/restaurants/bhagyesh-fast-food-chandkheda-ahmedabad-309237,"Bhagyesh Fast Food, 2-3,  ManibhadraShopping  Center,  Opp.Chandkheda  Railway  Station,,  Ahmedabad,  -382424",Menu/309237.json
569111,Jai Bhivani Vadapav,"GOTA,Ahmedabad",--,Too Few Ratings,₹ 400,"Street Food,South Indian",10718026000717,https://www.swiggy.com/restaurants/jai-bhivani-vadapav-gota-ahmedabad-569111,"Jai Bhivani Vadapav, Shop Gf-11, Krishna height, opp. Ganesh Genesis, Jagatpur, AHmedabad     382470",Menu/569111.json
473631,Cakes N Mor,"GOTA,Ahmedabad",3.9,20+ ratings,₹ 200,Bakery,20722038001065,https://www.swiggy.com/restaurants/cakes-n-mor-gota-ahmedabad-473631,"Cakes N Mor, Shop No -14 Akanksha Apartments ,  Vandamcram - Godraj Garden City Road ,,  Gota(New West Zone), Ahmedabad  Municipal Corporation, Ahmedabad,  Gujarat - 382481",Menu/473631.json
132287,Mr. Puff,"GOTA,Ahmedabad",4.1,50+ ratings,₹ 200,Bakery,20716034000191,https://www.swiggy.com/restaurants/mr-puff-ranip-new-ranip-ahmedabad-132287,"Mr. Puff, #13, Home Town - 3, Near Gujarat State Transport Office, Ranip, Ahmedabad",Menu/132287.json
157685,Sorath Suddh Kathiyawadi Restaurant,"GOTA,Ahmedabad",4.1,50+ ratings,₹ 300,"Indian,Rajasthani",20722038000806,https://www.swiggy.com/restaurants/sorath-suddh-kathiyawadi-restaurant-jagatpur-ahmedabad-157685,"Sorath Suddh Kathiyawadi Restaurant, Sorath Sudh Kathiyavadi,Godrej Garden City Road,Near Krishna Heights,Jagatpur,382470",Menu/157685.json
160730,Memento Restaurant And Banquet,"GOTA,Ahmedabad",--,Too Few Ratings,₹ 300,"North Indian,Snacks",license,https://www.swiggy.com/restaurants/memento-restaurant-and-banquet-ranip-new-ranip-ahmedabad-160730,"Memento Restaurant And Banquet, shop 104, savan square, opp akshar park society chempur, new ranip",Menu/160730.json
560305,JAY AMBE SATVIK BHOJAN,"GOTA,Ahmedabad",--,Too Few Ratings,₹ 200,"Indian,Gujarati",20722038002262,https://www.swiggy.com/restaurants/jay-ambe-satvik-bhojan-gota-ahmedabad-560305,"JAY AMBE SATVIK BHOJAN, 4HG5+JFC, Tragad, Gujarat 382470, India",Menu/560305.json
184004,Super 28 Kheechadi,"GOTA,Ahmedabad",--,Too Few Ratings,₹ 200,Gujarati,20721038000117,https://www.swiggy.com/restaurants/super-28-kheechadi-jagatpur-chandkheda-ahmedabad-184004,"Super 28 Kheechadi, B- 602 , Belevedere , Godrej Garden City , Jagatpur , Ahmeadabad , 382481",Menu/184004.json
390425,Real Paprika - New Ranip,"GOTA,Ahmedabad",--,Too Few Ratings,₹ 300,Pizzas,20721034000208,https://www.swiggy.com/restaurants/real-paprika-new-ranip-ranip-gota-ahmedabad-390425,"Real Paprika - New Ranip, SHOP NO.1, ARYAMAN RESIDENCY, NR. ARYAVILLA ANAND PARTY PLOT ROAD, NEW RANIP,382470",Menu/390425.json
555098,Mandvi Fast Food,"GOTA,Ahmedabad",--,Too Few Ratings,₹ 100,"Fast Food,Street Food",20722038000065,https://www.swiggy.com/restaurants/mandvi-fast-food-gota-ahmedabad-555098,"Mandvi Fast Food, H74 PRATHNA BUNGLOWS,NR VASANTNAGAR TOWNSHIP GATE,GOTA,AHMEDABAD-382481",Menu/555098.json
385884,Food Forest,"GOTA,Ahmedabad",--,Too Few Ratings,₹ 250,"Indian,Rajasthani",20721038000610,https://www.swiggy.com/restaurants/food-forest-vaishnodevi-circle-ahmedabad-385884,"Food Forest, FOOD FOREST RESTAURANT, OPP. KANHA  PETROL PUMP, SP RING ROAD, OGNAJ,  AHMEDABAD, Ahmedabad . , Ahmedabad  City, Ahmedabad Municipal Corporation,  Gujarat - 382481",Menu/385884.json
413951,Puffizza,"GOTA,Ahmedabad",3.6,20+ ratings,₹ 400,"Indian,Pizzas",10721026001390,https://www.swiggy.com/restaurants/puffizza-gota-ahmedabad-413951,"Puffizza, GF6, Centre Point Opp. Vrindavan Heights Vandematram Road, Chenpur Rd, Gota, Ahmedabad, Gujarat 382470, India",Menu/413951.json
528292,Bhavya The Kathiyawadi,"GOTA,Ahmedabad",--,Too Few Ratings,₹ 300,Indian,20721037004124,https://www.swiggy.com/restaurants/bhavya-the-kathiyawadi-gota-ahmedabad-528292,"Bhavya The Kathiyawadi, F/1/35 Royal Heights Opposite K.D.Hospital Vaishnodevi Circle, Sarkhej - Gandhinagar Hwy, Ahmedabad, Gujarat 382421, India",Menu/528292.json
543932,Maa Chamunda Dhaba,"GOTA,Ahmedabad",--,Too Few Ratings,₹ 500,"North Indian,Indian",20722038001986,https://www.swiggy.com/restaurants/maa-chamunda-dhaba-gota-ahmedabad-543932,"Maa Chamunda Dhaba, E-4, next to hathi mandir, Gota, Ahmedabad, Gujarat 380081, India",Menu/543932.json
369994,Restro Pizza,"GOTA,Ahmedabad",--,Too Few Ratings,₹ 200,"Italian,Indian",license,https://www.swiggy.com/restaurants/restro-pizza-gota-ahmedabad-369994,"Restro Pizza, PIZZA TUNE (FF 16, Sukan Platinum Complex, NR Vandematram Cross Rd, Vandematram Arcade, Gota, Ahmedabad, Gujarat 382481, India",Menu/369994.json
542289,Kaka Ni Bhajipav & Fast Food,"GOTA,Ahmedabad",--,Too Few Ratings,₹ 200,"Street Food,North Indian",20721035000606,https://www.swiggy.com/restaurants/kaka-ni-bhajipav-and-fast-food-gota-ahmedabad-542289,"Kaka Ni Bhajipav & Fast Food, PLOT NO. 407/3,NR. S. G. HUB,NR.GOTA BRIDGE,GOTA,S.G. HIGHWAY,AHMEDABAD-380018",Menu/542289.json
560831,Clean & Safe Food,"GOTA,Ahmedabad",--,Too Few Ratings,₹ 300,"Indian,Chinese",license,https://www.swiggy.com/restaurants/clean-and-safe-food-gota-ahmedabad-560831,"Clean & Safe Food, SHOP GF 12 MALBAR COUNTY 2 B/H NIRMA UNIVERSITY NEAR GANESH HOUSING CORP LTD TRAGAD AHMEDABAD",Menu/560831.json
313151,The Waffle Co,"GOTA,Ahmedabad",2.5,20+ ratings,₹ 200,"Desserts,Beverages",20720038000201,https://www.swiggy.com/restaurants/the-waffle-co-gota-ahmedabad-313151,"The Waffle Co, Shop no. 6, Krishna heights, Godrej city road, Ahmedabad, 382481",Menu/313151.json
378589,La Milano Pizzeria,"GOTA,Ahmedabad",4.2,500+ ratings,₹ 199,"Italian,Pizzas",10720026000249,https://www.swiggy.com/restaurants/la-milano-pizzeria-gota-ahmedabad-378589,"La Milano Pizzeria, GFA-4-5-6, eureka infraction, opp. Shayona shikar, vandrmaterma road, gota, Ahmedabad",Menu/378589.json
534419,Mastana Omlet Center,"GOTA,Ahmedabad",--,Too Few Ratings,₹ 300,"Snacks,Indian",20722038000516,https://www.swiggy.com/restaurants/mastana-omlet-center-ghatlodia-ahmedabad-534419,"Mastana Omlet Center, silver star char rasta chandlodiya ahmedabad",Menu/534419.json
77511,Hocco Eatery,"GOTA,Ahmedabad",4.0,100+ ratings,₹ 250,"North Indian,Pizzas",10717026000340,https://www.swiggy.com/restaurants/hocco-eatery-gota-ahmedabad-77511,"Hocco Eatery, Vandematram Cross Road, New S G Road, Gota, Ahmedabad",Menu/77511.json
142138,Appam - Flavors Of Karnataka,"GOTA,Ahmedabad",3.7,100+ ratings,₹ 250,South Indian,20720038000054,https://www.swiggy.com/restaurants/appam-flavors-of-karnataka-gota-ahmedabad-142138,"Appam - Flavors Of Karnataka, Shop 9, Shayona Shikhar Complex, Near Iscon Circle, Vande Mataram, New S.G Highway, Gota, Ahmedabad",Menu/142138.json
416712,Food Costa,"GOTA,Ahmedabad",--,Too Few Ratings,₹ 200,North Indian,20721009000289,https://www.swiggy.com/restaurants/food-costa-vaishnodevi-circle-gandhinagar-ahmedabad-416712,"Food Costa, Shop no 15 Shaligram Lakeview, nr. vaishnavdevi circle, Gandhinagar, Gujarat 382421",Menu/416712.json
458594,Gwalia Sweets & Dairy Products,"GOTA,Ahmedabad",4.4,50+ ratings,₹ 250,Sweets,20721035000826,https://www.swiggy.com/restaurants/gwalia-sweets-and-dairy-products-gota-ahmedabad-458594,"Gwalia Sweets & Dairy Products, GF Shop No. 18, Shree Vishnudhara Garden, Near Shayona Greens, SG Highway, Ahmedabad, Gujarat - 382481",Menu/458594.json
47890,Tavva's Land,"GOTA,Ahmedabad",--,Too Few Ratings,₹ 200,"Desserts,Ice Cream",20719037000285,https://www.swiggy.com/restaurants/tavvas-land-shree-vishnudhara-gardens-gota-ahmedabad-47890,"Tavva's Land, Shop No 6, Visnudhara Garden's, Opp. Seventh Parisar, Eulogia Hotel road, B/h Jaguar showroom,, Jagatpur , Dascroi, AHMEDABAD ZONE-1, Gujarat, 382470",Menu/47890.json
545442,Jain Dairy,"GOTA,Ahmedabad",--,Too Few Ratings,₹ 200,"Desserts,Beverages",10722026000292,https://www.swiggy.com/restaurants/jain-dairy-gota-ahmedabad-545442,"Jain Dairy, 22, Ground Floor,Akanxa, Savvy Swaraj,Jagatpur, Gota,Ahmedabad-382481",Menu/545442.json
323741,Real Paprika Express Outlet,"GOTA,Ahmedabad",4.2,20+ ratings,₹ 200,"Pizzas,Snacks",20720038000858,https://www.swiggy.com/restaurants/real-paprika-express-outlet-gota-malabar-county-2-ahmedabad-323741,"Real Paprika Express Outlet, GF 12/A MALABAR COUNTY 2 , BEHIND NIRMA UNIVERSITY, OFF SG HIGHWAY",Menu/323741.json
510329,Radhe Kathiyawadi Thali,"GOTA,Ahmedabad",--,Too Few Ratings,₹ 250,"Gujarati,Thalis",20721038001395,https://www.swiggy.com/restaurants/radhe-kathiyawadi-thali-gota-ahmedabad-510329,"Radhe Kathiyawadi Thali, 35, Shayona Green, opposite HART VILLA NEW, Gota, Ahmedabad, Gujarat 382481, India",Menu/510329.json
63470,Anand Ankurwala,"GOTA,Ahmedabad",4.0,100+ ratings,₹ 200,"Indian,Fast Food",10718026000789,https://www.swiggy.com/restaurants/anand-ankurwala-gota-ahmedabad-63470,"Anand Ankurwala, G.f Sukan Gold Opposite Dev Residency, Gota, Ahmedabad",Menu/63470.json
432864,Yumla And Shakespeer,"GOTA,Ahmedabad",--,Too Few Ratings,₹ 400,"Italian,Pizzas",20721038000922,https://www.swiggy.com/restaurants/yumla-and-shakespeer-gota-ahmedabad-432864,"Yumla And Shakespeer, Godrej Garden City 1, Godrej Garden City Rd, New Chamunda Society, Godrej Garden City, Chandkheda, Ahmedabad, Gujarat 382470, India",Menu/432864.json
325801,Shakti - The Sandwich Shop,"GOTA,Ahmedabad",3.3,100+ ratings,₹ 300,Pizzas,20720038001004,https://www.swiggy.com/restaurants/shakti-the-sandwich-shop-gota-ahmedabad-325801,"Shakti - The Sandwich Shop, Shop No. 12, Shukan Gold, Near Auda Garden,Vande matram Road, Gota. 382481",Menu/325801.json
435699,Pizza Hut,"GOTA,Ahmedabad",3.6,100+ ratings,₹ 350,Pizzas,license,https://www.swiggy.com/restaurants/pizza-hut-vande-matram-gota-ahmedabad-435699,"Pizza Hut, Pizza Hut, G 2, Savvy Swaraaj Sports Club, Near Godrej Garden City,Jagatpur, OFF S.G. Road, Ahmedabad",Menu/435699.json
63475,Food Junction,"GOTA,Ahmedabad",4.1,100+ ratings,₹ 250,"South Indian,Indian",10719026000856,https://www.swiggy.com/restaurants/food-junction-gota-ahmedabad-63475,"Food Junction, Ground Floor, Krishna Heights, Godrej Garden City Lane, Jagatpur, Gota, Ahmedabad",Menu/63475.json
243641,1944 Restaurants-The Hocco Kitchen,"GOTA,Ahmedabad",4.3,500+ ratings,₹ 500,"North Indian,Punjabi",10719026001656,https://www.swiggy.com/restaurants/1944-restaurants-the-hocco-kitchen-gota-vaishnodevi-circle-ahmedabad-243641,"1944 Restaurants-The Hocco Kitchen, Shop no.1-2, Run escape building, SV 542, FP no.181, beside K.D. hospital, nr. Vaishnavdevi circle, S.G. Highway, Gandhianagr.",Menu/243641.json
63478,Shivam Snacks,"GOTA,Ahmedabad",4.2,100+ ratings,₹ 400,"Snacks,Indian",20718002000126,https://www.swiggy.com/restaurants/shivam-snacks-gota-ahmedabad-63478,"Shivam Snacks, 18-19-20, vandemataram cross wind, opposite vandemataram icon, gota",Menu/63478.json
389595,Jalaram Khaman,"GOTA,Ahmedabad",--,Too Few Ratings,₹ 200,"Snacks,Chaat",20722038000652,https://www.swiggy.com/restaurants/jalaram-khaman-gota-ahmedabad-389595,"Jalaram Khaman, 2 vishnudhara crossroad Opposite setu vertica B/h vodafone tower Gota",Menu/389595.json
500632,Kismat Kathiyawadi Hotel,"GOTA,Ahmedabad",--,Too Few Ratings,₹ 200,"Indian,Jain",license,https://www.swiggy.com/restaurants/kismat-kathiyawadi-hotel-gota-ahmedabad-500632,"Kismat Kathiyawadi Hotel, Nr gota chowkdi  sg highway opp satyamev vista gota ahmedabad 382481",Menu/500632.json
573112,We Brothers Cafe,"GOTA,Ahmedabad",--,Too Few Ratings,₹ 500,"Cafe,Fast Food",10722026000958,https://www.swiggy.com/restaurants/we-brothers-cafe-gota-ahmedabad-573112,"We Brothers Cafe, 23+26/1/2, TRAGAD GAM, GHATLODIYA, Ahmedabad Municipal Corporation, Ahmedabad, Gujarat-",Menu/573112.json
356569,Shree Umiya Gathiya (Jamnagarwada),"GOTA,Ahmedabad",--,Too Few Ratings,₹ 200,"Snacks,Sweets",20720038000093,https://www.swiggy.com/restaurants/shree-umiya-gathiya-jamnagarwada-ghatlodia-chandlodiya-ahmedabad-356569,"Shree Umiya Gathiya (Jamnagarwada), GF-10,SHLOK INFINITY, OPP VISHWAKARMA TEMPLE, NR GOTA RAILWAY BRIDGE, CHANDLODIYA-382481",Menu/356569.json
529528,Mr sendy,"GOTA,Ahmedabad",--,Too Few Ratings,₹ 200,"Indian,Snacks",20722034000531,https://www.swiggy.com/restaurants/mr-sendy-chandkheda-ahmedabad-529528,"Mr sendy, C 187 rajeshvari so, uma bhavani road, tragad road nr railway station, Chandkheda, Ahmedabad, Gujarat 382424, India",Menu/529528.json
489763,3 Star Fry Center,"GOTA,Ahmedabad",3.0,20+ ratings,₹ 600,"Indian,North Indian",20722038000045,https://www.swiggy.com/restaurants/3-star-fry-center-gota-ahmedabad-489763,"3 Star Fry Center, NR RAJASTHAN BHAVNA HOTEL, SG  HIGHWAY CHARODI PATIYA",Menu/489763.json
531038,Chingaaree 2.0 Pure Veg,"GOTA,Ahmedabad",--,Too Few Ratings,₹ 200,"Indian,Chinese",20722034000557,https://www.swiggy.com/restaurants/chingaaree-2-0-pure-veg-chandkheda-ahmedabad-531038,"Chingaaree 2.0 Pure Veg, A/14, SANSKAR society, op ganesh park, IOC road C chandkheramotera Ahmedabad",Menu/531038.json
550576,Badmash Biryani,"GOTA,Ahmedabad",--,Too Few Ratings,₹ 300,"Biryani,North Indian",license,https://www.swiggy.com/restaurants/badmash-biryani-godrej-garden-city-ahmedabad-550576,"Badmash Biryani, First Floor FF/14,City Square Shop,above central bank of India opp EDEN FLATS,GODREJ GARDEN CITY., Land mark :19 cinema Jagatpur,ahmedabad-382470",Menu/550576.json
551666,Thicksip,"GOTA,Ahmedabad",--,Too Few Ratings,₹ 250,"Beverages,Fast Food",20722038000552,https://www.swiggy.com/restaurants/thicksip-gota-ahmedabad-551666,"Thicksip, block A shayona shikhar ,gota , Gota, Ahmedabad, Gujarat 382481, India",Menu/551666.json
436313,A One Bakers,"GOTA,Ahmedabad",--,Too Few Ratings,₹ 150,Bakery,20720038000711,https://www.swiggy.com/restaurants/a-one-bakers-gota-ahmedabad-436313,"A One Bakers, A-52, ICB Flora Nr - Auda Garden, Gota, Ahmedabad, Gujarat 382481, India",Menu/436313.json
107932,Bandhan Restaurant,"GOTA,Ahmedabad",4.2,50+ ratings,₹ 350,"North Indian,Chinese",10718009000058,https://www.swiggy.com/restaurants/bandhan-restaurant-adalaj-ahmedabad-107932,"Bandhan Restaurant, Near Khoraj Khodiyar Bridge, Opposite Vaishnavdevi Temple, S G Highway, Adalaj, Ahmedabad",Menu/107932.json
175045,Momoman,"GOTA,Ahmedabad",3.3,50+ ratings,₹ 250,"Chinese,Street Food",20721037004471,https://www.swiggy.com/restaurants/momoman-gala-haven-vaishnodevi-circle-ahmedabad-175045,"Momoman, GF- 01, Gala Celetia, Beside Gala Haven, Vaishnodevi Circle",Menu/175045.json
213683,Papa Louie'S Pizzeria,"GOTA,Ahmedabad",--,Too Few Ratings,₹ 350,"Italian,Pizzas",20719037005189,https://www.swiggy.com/restaurants/papa-louies-pizzeria-vaishnodevi-circle-ahmedabad-213683,"Papa Louie'S Pizzeria, Adani Shantigram Township Ahmedabad, 100 Feet Anand Nagar Road, Satellite, Ahmedabad, Gujarat, India",Menu/213683.json
341164,Prachand Food Service,"GOTA,Ahmedabad",--,Too Few Ratings,₹ 300,Indian,20720038001268,https://www.swiggy.com/restaurants/prachand-food-service-gota-chandlodiya-ahmedabad-341164,"Prachand Food Service, 5/135,RAMBAUG AVAS YOJNA,AUDA MAKAN, BEHIND DURGA SCHOOL,RANCHODRAYI NAGAR, VIBHAG-4,CHANDLODIYA,AHMEDABAD,GUJARAT- 382481",Menu/341164.json
559148,Foodygo - Fresh & Fast Food,"GOTA,Ahmedabad",--,Too Few Ratings,₹ 150,"Fast Food,Beverages",20722038002202,https://www.swiggy.com/restaurants/foodygo-fresh-and-fast-food-gota-ahmedabad-559148,"Foodygo - Fresh & Fast Food, Shop no-78 ,ICB FLORA, Gota, Ahmedabad, Gujarat",Menu/559148.json
550571,The Almighty Biryani,"GOTA,Ahmedabad",--,Too Few Ratings,₹ 300,"Biryani,North Indian",license,https://www.swiggy.com/restaurants/the-almighty-biryani-godrej-garden-city-ahmedabad-550571,"The Almighty Biryani, First Floor FF/14,City Square Shop,above central bank of India opp EDEN FLATS,GODREJ GARDEN CITY., Land mark :19 cinema Jagatpur,ahmedabad-382470",Menu/550571.json
550561,Juice My Day,"GOTA,Ahmedabad",--,Too Few Ratings,₹ 200,Juices,license,https://www.swiggy.com/restaurants/juice-my-day-godrej-garden-city-ahmedabad-550561,"Juice My Day, First Floor FF/14,City Square Shop,above central bank of India opp EDEN FLATS,GODREJ GARDEN CITY., Land mark :19 cinema Jagatpur,ahmedabad-382470",Menu/550561.json
120325,Rajwadi Paratha House,"GOTA,Ahmedabad",4.4,50+ ratings,₹ 250,North Indian,20719037001351,https://www.swiggy.com/restaurants/rajwadi-paratha-house-ranip-new-ranip-ahmedabad-120325,"Rajwadi Paratha House, Shop 9, Alok Residency, Opposite Bank Of Baroda, New Ranip, Ranip, Ahmedabad",Menu/120325.json
386546,Satvik Bhajipav,"GOTA,Ahmedabad",--,Too Few Ratings,₹ 200,Indian,license,https://www.swiggy.com/restaurants/satvik-bhajipav-vaishnodevi-circle-ahmedabad-386546,"Satvik Bhajipav, SURVEY NO.108/4/2 PAIKI, DANNY COFFE BAR, NIRAMA TRAGAD ROAD, ,  Ahmedabad Municipal Corporation, Gujarat-380000",Menu/386546.json
550689,Momo Guy,"GOTA,Ahmedabad",--,Too Few Ratings,₹ 200,"Chinese,Tibetan",license,https://www.swiggy.com/restaurants/momo-guy-godrej-garden-city-ahmedabad-550689,"Momo Guy, First Floor FF/14,City Square Shop,above central bank of India opp EDEN FLATS,GODREJ GARDEN CITY., Land mark :19 cinema Jagatpur,ahmedabad-382470",Menu/550689.json
479819,Freind'S Den,"GOTA,Ahmedabad",--,Too Few Ratings,₹ 150,Fast Food,20722038000056,https://www.swiggy.com/restaurants/freinds-den-gota-ahmedabad-479819,"Freind'S Den, 38, Ground Floor, Sukan Platinum Complex, Vandematram Circle, Nr. Prathana Residency, Gota",Menu/479819.json
534633,Cake House,"GOTA,Ahmedabad",--,Too Few Ratings,₹ 100,Bakery,10722026000728,https://www.swiggy.com/restaurants/cake-house-gota-ahmedabad-534633,"Cake House, Cake House, shop no 15, VANDEMATARAM CROSSWIND, Next to Shivam Snacks Restaurant New SG Rd, Gota, Ahmedabad, Gujarat 382481, India",Menu/534633.json
342002,T-Khana Cafe,"GOTA,Ahmedabad",3.4,20+ ratings,₹ 200,"Indian,Beverages",license,https://www.swiggy.com/restaurants/t-khana-cafe-chandkheda-tragad-ahmedabad-342002,"T-Khana Cafe, SURVEY NO.108/4/2 PAIKI,DANNY COFFE BAR,NIRAMA TRAGAD ROAD,Ahmedabad Municipal Corporation,Ahmedabad Municipal Corporation, Gujarat -380000",Menu/342002.json
543124,Mastizaade cafe,"GOTA,Ahmedabad",--,Too Few Ratings,₹ 200,"Chinese,Indian",20722038001969,https://www.swiggy.com/restaurants/mastizaade-cafe-gota-ahmedabad-543124,"Mastizaade cafe, Siddharth Luxuria Rd, Godrej Garden City, Chandkheda, Tragad, Gujarat 382470, India",Menu/543124.json
383717,TGB Cafe N Bakery,"GOTA,Ahmedabad",--,Too Few Ratings,₹ 400,"Bakery,Pizzas",20720038000959,https://www.swiggy.com/restaurants/tgb-cafe-n-bakery-gota-ahmedabad-383717,"TGB Cafe N Bakery, G/28 Malabar County-2 ,Bh Nirma University,Nr Vaisnodevi Circle,SG Highway",Menu/383717.json
548015,Gorabandh Restaurant,"GOTA,Ahmedabad",--,Too Few Ratings,₹ 200,"North Indian,Chinese",10718009000055,https://www.swiggy.com/restaurants/gorabandh-restaurant-gota-ahmedabad-548015,"Gorabandh Restaurant, SR.NO.561, S G HIGHWAY, AT.KHORAJ, GANDHINAGAR-382735",Menu/548015.json
568464,United Farmers Creamery UFC,"GOTA,Ahmedabad",--,Too Few Ratings,₹ 300,"Beverages,Desserts",20615002001053,https://www.swiggy.com/restaurants/united-farmers-creamery-ufc-gota-ahmedabad-568464,"United Farmers Creamery UFC, SHOP NO. B/11, GROUND FLOOR, SHUKAN RESIDENCY, OPP. VANDEMATARAM, NEW S.G ROAD, GOTA, Ahmedabad 382481",Menu/568464.json
569553,Tandoor King,"GOTA,Ahmedabad",--,Too Few Ratings,₹ 200,"Tandoor,North Indian",20722038002421,https://www.swiggy.com/restaurants/tandoor-king-gota-ahmedabad-569553,"Tandoor King, FF 112, VANDEMATARAM FABULA,  MALABAR COUNTY ROAD, CHHARODI,  AHMEDABAD, Gota(New West Zone),  Ahmedabad Municipal Corporation,  Ahmedabad, Gujarat - 382481",Menu/569553.json
561154,ANNA DOSA POINT,"GOTA,Ahmedabad",--,Too Few Ratings,₹ 300,South Indian,20722038002261,https://www.swiggy.com/restaurants/anna-dosa-point-gota-ahmedabad-561154,"ANNA DOSA POINT, Tragad, Gujarat, India",Menu/561154.json
399399,Royal Parlour,"GOTA,Ahmedabad",--,Too Few Ratings,₹ 300,"Beverages,Ice Cream",20720034001619,https://www.swiggy.com/restaurants/royal-parlour-gota-ahmedabad-399399,"Royal Parlour, Shop No -1, Aalok Residancy, Nr GST Opp Ayodhyanagari Chenpur Road New Ranip, 382480",Menu/399399.json
188248,Sophy'S Food Zone,"GOTA,Ahmedabad",--,Too Few Ratings,₹ 200,South Indian,20719037003530,https://www.swiggy.com/restaurants/sophys-food-zone-ranip-new-ranip-ahmedabad-188248,"Sophy'S Food Zone, 5, Dev Darshan Society, Anand Party Plot Road, New Ranip, Ahmedabad, Gujarat, India",Menu/188248.json
130743,Saurashtra Chawana,"GOTA,Ahmedabad",--,Too Few Ratings,₹ 200,Street Food,10719026001565,https://www.swiggy.com/restaurants/saurashtra-chawana-gota-ahmedabad-130743,"Saurashtra Chawana, Shop -4, Anand Saphhire, Opp Vishwas City-5, Satyamev Vista Road, Gota, Ahmedabad",Menu/130743.json
479150,Ks Omelet And Fry Centre,"GOTA,Ahmedabad",3.2,20+ ratings,₹ 250,"Indian,North Indian",20721038001000,https://www.swiggy.com/restaurants/ks-omelet-and-fry-centre-gota-ahmedabad-479150,"Ks Omelet And Fry Centre, NR RAJASTHAN BHAVNA HOTEL, SG HIGHWAY CHAROTI PATIYA, GOTA",Menu/479150.json
481451,Miami Waffle & Jawbreakers,"GOTA,Ahmedabad",4.2,50+ ratings,₹ 200,"Waffle,Desserts",20722038000399,https://www.swiggy.com/restaurants/miami-waffle-and-jawbreakers-gota-ahmedabad-481451,"Miami Waffle & Jawbreakers, Narayan shop , A/35 ,Sayona green , BH Vodafone ,Village gota , Ahmedabad 380054",Menu/481451.json
553277,Sardar Foods,"GOTA,Ahmedabad",--,Too Few Ratings,₹ 800,"Indian,Chinese",20722038002001,https://www.swiggy.com/restaurants/sardar-foods-gota-ahmedabad-553277,"Sardar Foods, Shop No. D1, Ganesh Glory 11, Nr. BSNL  Office, S. G. Highway, Jagatpur, Gota(New  West Zone), Ahmedabad Municipal  Corporation, Ahmedabad, Gujarat",Menu/553277.json
420561,The Round Slice- Be Pizza Perfect,"GOTA,Ahmedabad",--,Too Few Ratings,₹ 410,"Pizzas,Italian",10721026001348,https://www.swiggy.com/restaurants/the-round-slice-be-pizza-perfect-gota-ahmedabad-420561,"The Round Slice- Be Pizza Perfect, Shop No. 1, Vandemataram Hills, Near HDFC Bank, Anand Shapphire, Dharati Cross Rd, Gota, Ahmedabad, Gujarat 382481, India",Menu/420561.json
550552,Panda Momos,"GOTA,Ahmedabad",--,Too Few Ratings,₹ 200,"Chinese,Tibetan",license,https://www.swiggy.com/restaurants/panda-momos-godrej-garden-city-ahmedabad-550552,"Panda Momos, First Floor FF/14,City Square Shop,above central bank of India opp EDEN FLATS,GODREJ GARDEN CITY., Land mark :19 cinema Jagatpur,ahmedabad-382470",Menu/550552.json
417399,Le Fromage,"GOTA,Ahmedabad",--,Too Few Ratings,₹ 300,"Fast Food,Pizzas",20721038000788,https://www.swiggy.com/restaurants/le-fromage-gota-ahmedabad-417399,"Le Fromage, Shop No. 5/GF, Center Point, Opp. Vrundavan Heights, Vande Mataram Road, Gota, Ahmedabad Municipal Corporation, Ahmedabad-382481",Menu/417399.json
225541,Rajasthan Bhavna-The Restaurant,"GOTA,Ahmedabad",3.8,100+ ratings,₹ 300,"Chinese,North Indian",20721038000765,https://www.swiggy.com/restaurants/rajasthan-bhavna-the-restaurant-gota-charodi-ahmedabad-225541,"Rajasthan Bhavna-The Restaurant, Near Charodi Bus Stand, S G Highway, Gota, Ahmedabad",Menu/225541.json
548800,Mr. Sendy,"GOTA,Ahmedabad",--,Too Few Ratings,₹ 200,"Indian,Fast Food",20722034000531,https://www.swiggy.com/restaurants/mr-sendy-gota-ahmedabad-548800,"Mr. Sendy, C 187 ,RAJESHWARI SO, TRAGAD ROAD, UMABHAGVATI NR.,RAILWAY STATION, CHANDKHERAMOTERA AHMEDABAD-382424",Menu/548800.json
322646,Hotel Raj Purohit,"GOTA,Ahmedabad",--,Too Few Ratings,₹ 200,Indian,20721037002520,https://www.swiggy.com/restaurants/hotel-raj-purohit-vaishnodevi-circle-adalaj-ahmedabad-322646,"Hotel Raj Purohit, 2053, Chhotu Pan Parlour, Nr :- 59 Dhaba Hotal, Opp :- Vaisanov Temple , Vaisnodavi Circle, District - Ahmedabad Municipal Corporation, STATE - Gujarat",Menu/322646.json
550558,Khichdi Paradise,"GOTA,Ahmedabad",--,Too Few Ratings,₹ 250,"Indian,Beverages",license,https://www.swiggy.com/restaurants/khichdi-paradise-godrej-garden-city-ahmedabad-550558,"Khichdi Paradise, First Floor FF/14,City Square Shop,above central bank of India opp EDEN FLATS,GODREJ GARDEN CITY., Land mark :19 cinema Jagatpur,ahmedabad-382470",Menu/550558.json
494407,Parathewala,"GOTA,Ahmedabad",--,Too Few Ratings,₹ 400,"North Indian,Indian",10721026002059,https://www.swiggy.com/restaurants/parathewala-gota-ahmedabad-494407,"Parathewala, SHOP NO 34, VANDEMATARAM ARCADE, VANDEMATARAM CROSS ROAD NEW S.G. ROAD GOTA AHMEDABAD 382481",Menu/494407.json
569322,Bombay Pav bhaji (vallabhipur wala),"GOTA,Ahmedabad",--,Too Few Ratings,₹ 200,"Street Food,Chinese",20722038001763,https://www.swiggy.com/restaurants/bombay-pav-bhaji-vallabhipur-wala-gota-ahmedabad-569322,"Bombay Pav bhaji (vallabhipur wala), Shop - A -3, Shree Vishnudhara Gardens, Nr Western Heights, Jagatpur Ahmedabad-- 382470",Menu/569322.json
481325,Jenny's Brownies,"GOTA,Ahmedabad",4.6,50+ ratings,₹ 250,"Bakery,Desserts",20722038000399,https://www.swiggy.com/restaurants/jennys-brownies-gota-ahmedabad-481325,"Jenny's Brownies, Narayan shop , A/35 ,Sayona green , BH Vodafone ,Village gota , Ahmedabad 380054",Menu/481325.json
481448,Starboy Pizza & Shakes,"GOTA,Ahmedabad",--,Too Few Ratings,₹ 300,"Pizzas,Italian",20722038000399,https://www.swiggy.com/restaurants/starboy-pizza-and-shakes-gota-ahmedabad-481448,"Starboy Pizza & Shakes, Narayan shop , A/35 ,Sayona green , BH Vodafone ,Village gota , Ahmedabad 380054",Menu/481448.json
481449,New York Waffles & Dinges,"GOTA,Ahmedabad",4.2,50+ ratings,₹ 250,"Waffle,Beverages",20722038000399,https://www.swiggy.com/restaurants/new-york-waffles-and-dinges-gota-ahmedabad-481449,"New York Waffles & Dinges, Narayan shop , A/35 ,Sayona green , BH Vodafone ,Village gota , Ahmedabad 380054",Menu/481449.json
570712,Khatri foodies,"GOTA,Ahmedabad",--,Too Few Ratings,₹ 80,Snacks,20722038002441,https://www.swiggy.com/restaurants/khatri-foodies-gota-ahmedabad-570712,"Khatri foodies, Cluster_gota 6, Devnagar Rd, Gota, Ahmedabad, Gujarat 382481, India",Menu/570712.json
109476,Saurashtra Chawana & Sweets,"GOTA,Ahmedabad",3.7,50+ ratings,₹ 250,Street Food,10719026000858,https://www.swiggy.com/restaurants/saurashtra-chawana-and-sweets-gota-ahmedabad-109476,"Saurashtra Chawana & Sweets, 1/2, Dev Residency, Opposite Shukan Gold, Near Vandemataram City, Gota, Ahmedabad",Menu/109476.json
338892,Jugaadi Adda,"GOTA,Ahmedabad",3.5,100+ ratings,₹ 200,Indian,license,https://www.swiggy.com/restaurants/jugaadi-adda-gota-ahmedabad-338892,"Jugaadi Adda, SAWRIYA ENTERPRISE GF 22 SHUKAN RESIDENCY VANDEMATRAM CITY ROAD GOTA,382481",Menu/338892.json
252152,1807 Ka Theka,"GOTA,Ahmedabad",--,Too Few Ratings,₹ 250,Indian,20719034001881,https://www.swiggy.com/restaurants/1807-ka-theka-gota-ahmedabad-252152,"1807 Ka Theka, Nirman Rejoice, B-1003, Gota, Ahmedabad, Gujarat, India",Menu/252152.json
204866,Chatkazzz Sandwich House,"GOTA,Ahmedabad",3.7,20+ ratings,₹ 200,Snacks,20719037006536,https://www.swiggy.com/restaurants/chatkazzz-sandwich-house-chandkheda-malabar-county-2-ahmedabad-204866,"Chatkazzz Sandwich House, GF-5 Malabar County 2, Malabar Road,B/H :- Nirma University, Ahmedabad 382470",Menu/204866.json
145841,Happinezz Ice Creams by Vadilal,"GOTA,Ahmedabad",4.1,20+ ratings,₹ 250,"Ice Cream,Desserts",10013021000689,https://www.swiggy.com/restaurants/happinezz-ice-creams-by-vadilal-chandkheda-vaishnodevi-circle-ahmedabad-145841,"Happinezz Ice Creams by Vadilal, Vadilal-Happinezz, Saga Complex, Opp. Adani Pratham, Bh. Nirma University, Tragad Road, Ahmedabad.",Menu/145841.json
507404,Hellish,"GOTA,Ahmedabad",--,Too Few Ratings,₹ 500,"Beverages,Indian",20722002000050,https://www.swiggy.com/restaurants/hellish-gota-ahmedabad-507404,"Hellish, Khodiyar-Jaspur Road, KV Farm, Near Vaishnvadevi Circel, Khidiyargam, Sarkhej, Ahmedabad, Gujarat 382210, India",Menu/507404.json
530656,R B Dhosa,"GOTA,Ahmedabad",--,Too Few Ratings,₹ 150,"South Indian,Beverages",20721038001431,https://www.swiggy.com/restaurants/r-b-dhosa-gota-ahmedabad-530656,"R B Dhosa, RB DHOSA NEAR NIRMA UNIVERSITY CHARODI CHAR RASTA SG HIGHWAY GOTA",Menu/530656.json
391929,Punjabi Fry Center,"GOTA,Ahmedabad",--,Too Few Ratings,₹ 400,Punjabi,20721038000663,https://www.swiggy.com/restaurants/punjabi-fry-center-gota-ahmedabad-391929,"Punjabi Fry Center, Vaishnodevi Circle Near Under Bridge Zundal Road	",Menu/391929.json
551119,Pizzagram Ranip,"GOTA,Ahmedabad",--,Too Few Ratings,₹ 200,"Pizzas,Fast Food",20722034000584,https://www.swiggy.com/restaurants/pizzagram-ranip-gota-ahmedabad-551119,"Pizzagram Ranip, C-FF-107,HOME TOWN-5,OPP NISHAN PRIDE,NR S.V.SQUARE MALL,NEW RANIP,Ranip,Ahmedabad-382470",Menu/551119.json
439113,Maa Ka Dhaba,"GOTA,Ahmedabad",--,Too Few Ratings,₹ 120,"North Indian,Indian",20721037002071,https://www.swiggy.com/restaurants/maa-ka-dhaba-gota-ahmedabad-439113,"Maa Ka Dhaba, D/403 Nishan Royal, Near Bank of Baroda, Beside Kalasagar Heights, New Ranip, Ahmedabad",Menu/439113.json
215652,Monginis Cake Shop,"GOTA,Ahmedabad",--,Too Few Ratings,₹ 150,Bakery,20719037005546,https://www.swiggy.com/restaurants/monginis-cake-shop-gota-ahmedabad-215652,"Monginis Cake Shop, Shop 49, ICB Flora, Behind Vodafone Tower, Gota, Ahmedabad",Menu/215652.json
564720,"Quickies-Burgers, Biriyani and More","GOTA,Ahmedabad",--,Too Few Ratings,₹ 150,"American,Biryani",20722038001539,https://www.swiggy.com/restaurants/quickies-burgers-biriyani-and-more-gota-ahmedabad-564720,"Quickies-Burgers, Biriyani and More, ADDRESS:SHOP-130 FF SHREE VISHNUDHARA GARDEN,OPP,7TH PARISAR,JAGATPUR,AHMEDABAD-382481",Menu/564720.json
485119,Rasa Restro Cafe,"GOTA,Ahmedabad",--,Too Few Ratings,₹ 300,"Beverages,Fast Food",10721027000166,https://www.swiggy.com/restaurants/rasa-restro-cafe-gota-ahmedabad-485119,"Rasa Restro Cafe, 403 , RUNSCAPE BUILDING, NR. VAISHNO DEVI CIRCLE, ABOVE KD HOSPITAL, KHORAJ, GANDHINAGAR-382481",Menu/485119.json
107986,365 - The Festival,"GOTA,Ahmedabad",--,Too Few Ratings,₹ 400,"Indian,Mexican",10718009000056,https://www.swiggy.com/restaurants/365-the-festival-adalaj-ahmedabad-107986,"365 - The Festival, Opposite Vaishno Devi Temple, Adalaj, Ahmedabad",Menu/107986.json
564724,Aflatoon Chaatwala,"GOTA,Ahmedabad",--,Too Few Ratings,₹ 100,"Chaat,Beverages",20722038001539,https://www.swiggy.com/restaurants/aflatoon-chaatwala-gota-ahmedabad-564724,"Aflatoon Chaatwala, SHOP-130 FF SHREE VISHNUDHARA GARDEN,OPP,7TH PARISAR,JAGATPUR,AHMEDABAD-382481",Menu/564724.json
545229,Maharaj Samosa & Namkin,"GOTA,Ahmedabad",--,Too Few Ratings,₹ 200,"Snacks,Sweets",20721038001006,https://www.swiggy.com/restaurants/maharaj-samosa-and-namkin-gota-ahmedabad-545229,"Maharaj Samosa & Namkin, SHOP NO 8 SHAYONA SHIKHAR OPPOSITE GOPI UDHYOG NEAR VANDEMATRAM ICON, near dmart ready, Gota, Ahmedabad, Gujarat 382481, India",Menu/545229.json
109483,Shaahana Restaurant,"GOTA,Ahmedabad",4.1,20+ ratings,₹ 350,"North Indian,Mexican",10718026000995,https://www.swiggy.com/restaurants/shaahana-restaurant-sarkhej-gota-ahmedabad-109483,"Shaahana Restaurant, 1-2 Floor, S.G.Business Hub, Opposite Punjab National Bank, Sarkhej, Ahmedabad",Menu/109483.json
262864,Mundey De Parathe,"GOTA,Ahmedabad",3.5,20+ ratings,₹ 200,"North Indian,Punjabi",20720038000054,https://www.swiggy.com/restaurants/mundey-de-parathe-gota-ahmedabad-262864,"Mundey De Parathe, Shop 9, Shayona Shikhar Complex, Near Iscon Circle, Vande Mataram, New S.G Highway, Gota, Ahmedabad",Menu/262864.json
533021,Yashvi Dosa Hub,"GOTA,Ahmedabad",--,Too Few Ratings,₹ 150,"South Indian,Snacks",20722034000535,https://www.swiggy.com/restaurants/yashvi-dosa-hub-naranpura-ahmedabad-533021,"Yashvi Dosa Hub, SHOP NO-B/1-6/1, GROUND FLOOR, SITARAM AVENUE, NR. ANAND PARTY PLOT, NEW RANIP,, RANIP(NEW WEST ZONE) AHMEDABAD-382470",Menu/533021.json
56062,The Chocolate Room,"GOTA,Ahmedabad",3.3,20+ ratings,₹ 300,"Desserts,Bakery",20721038001300,https://www.swiggy.com/restaurants/the-chocolate-room-bopal-gota-ahmedabad-56062,"The Chocolate Room, 6, Krishna Heights, Godrej Garden City Road, Jagatpur Road, SG Highway",Menu/56062.json
63707,New Egg World,"GOTA,Ahmedabad",3.9,100+ ratings,₹ 300,North Indian,20718034000692,https://www.swiggy.com/restaurants/new-egg-world-gota-ahmedabad-63707,"New Egg World, Near Vivah Party plot,Opposite Indian Oil Petrol Pump, S.G. Highway, Gota, Ahmedabad",Menu/63707.json
506307,White Salt,"GOTA,Ahmedabad",--,Too Few Ratings,₹ 250,"Italian,Fast Food",20722038000177,https://www.swiggy.com/restaurants/white-salt-gota-ahmedabad-506307,"White Salt, Gota, Ahmedabad, Gujarat 382481, India",Menu/506307.json
379352,Burger House,"GOTA,Ahmedabad",2.6,20+ ratings,₹ 150,Snacks,license,https://www.swiggy.com/restaurants/burger-house-gota-ahmedabad-379352,"Burger House, ff-15,shukan platinum , NR Vandematram Cross Rd, Vandematram Arcade, Gota, Ahmedabad, Gujarat 382481, India",Menu/379352.json
543712,Radhe Food Court,"GOTA,Ahmedabad",--,Too Few Ratings,₹ 250,"Fast Food,Snacks",20721035000611,https://www.swiggy.com/restaurants/radhe-food-court-gota-ahmedabad-543712,"Radhe Food Court, Radhe food court / Magan Lal patidar,Sayona Green, Shop K-25 Vada ,Phone,Village: Gota ( CT),Taluka: ,Daskrdi,District: Ahemdabad. , Gota , ,Daskroi, Ahmedabad Municipal ,Corporation, Gujarat-382481",Menu/543712.json
458406,Chai Talap,"GOTA,Ahmedabad",--,Too Few Ratings,₹ 150,"Snacks,Pizzas",20721035000596,https://www.swiggy.com/restaurants/chai-talap-gota-ahmedabad-458406,"Chai Talap, SHOP NO-06 GANESH GLORY, NR GANESH GENESIS, OFF S G HIGHWAY, JAGATPUR , AHMEDABAD 382470",Menu/458406.json
481426,Miami Shakes & More,"GOTA,Ahmedabad",3.7,50+ ratings,₹ 200,"Desserts,Beverages",20722038000399,https://www.swiggy.com/restaurants/miami-shakes-and-more-gota-ahmedabad-481426,"Miami Shakes & More, Narayan shop , A/35 ,Sayona green , BH Vodafone ,Village gota , Ahmedabad 380054",Menu/481426.json
188319,Mahadev Food Corner,"GOTA,Ahmedabad",--,Too Few Ratings,₹ 300,North Indian,20719034000343,https://www.swiggy.com/restaurants/mahadev-food-corner-ranip-new-ranip-ahmedabad-188319,"Mahadev Food Corner, GST Road, Ambicakrupa Society, Ranip, Ahmedabad, Gujarat, India",Menu/188319.json
478131,Spicy Signature,"GOTA,Ahmedabad",4.5,50+ ratings,₹ 300,"Bengali,Chinese",20721034002036,https://www.swiggy.com/restaurants/spicy-signature-gota-shantigram-ahmedabad-478131,"Spicy Signature, D3-604 Aangan (Block no 344 & 345/1 to 10) Shantigram Township, AHMEDABAD - 382421",Menu/478131.json
563767,Late Night Eat Right,"GOTA,Ahmedabad",--,Too Few Ratings,₹ 250,"Snacks,North Indian",license,https://www.swiggy.com/restaurants/late-night-eat-right-gota-ahmedabad-563767,"Late Night Eat Right, G307 Vrindhavan Cluster Godrej Garden City Jagatpur , Gota(New West Zone),  Ahmedabad, 382471",Menu/563767.json
479580,Gurukrupa Restaurant,"GOTA,Ahmedabad",--,Too Few Ratings,₹ 300,"North Indian,Indian",20721009000358,https://www.swiggy.com/restaurants/gurukrupa-restaurant-gandhinagar-ahmedabad-479580,"Gurukrupa Restaurant, SHOP NO 12 , GREEN AURA, K.B ROYAL ALTEZZA, ZUNDAL- Gandhinagar,382424",Menu/479580.json
488737,Aai Shree Khodiyar The Taste Of Kathiyawadi,"GOTA,Ahmedabad",--,Too Few Ratings,₹ 300,"North Indian,Chinese",20719037006111,https://www.swiggy.com/restaurants/aai-shree-khodiyar-the-taste-of-kathiyawadi-gota-ahmedabad-488737,"Aai Shree Khodiyar The Taste Of Kathiyawadi, B/H Vishwakarma Temple, Chandlodiya, Gota Road, Daskroi, Ahmedabad, Gujarat-382481",Menu/488737.json
531173,Food Boutique,"GOTA,Ahmedabad",--,Too Few Ratings,₹ 250,"Beverages,Thalis",20722038001792,https://www.swiggy.com/restaurants/food-boutique-gota-ahmedabad-531173,"Food Boutique, Block,b,1004 vasudha, R/h center point,chenpur,gota, Ahmedabad-382481",Menu/531173.json
509848,Monginis Riya Cake Shop,"GOTA,Ahmedabad",--,Too Few Ratings,₹ 300,Bakery,20721038001256,https://www.swiggy.com/restaurants/monginis-riya-cake-shop-gota-ahmedabad-509848,"Monginis Riya Cake Shop, SHOP NO.49,ICB FLORA,NR VODAPHONE TOWER,GOTA,AHMEDABAD-382481",Menu/509848.json
556352,Mithai and More,"GOTA,Ahmedabad",--,Too Few Ratings,₹ 250,"Sweets,Fast Food",10722026000872,https://www.swiggy.com/restaurants/mithai-and-more-gota-ahmedabad-556352,"Mithai and More, GF-2, ELITE GREENS, B/S. ROYAL RESIDENCY, OPP. VANDEMATRAM ARCADE, GOTA, AHMEDABAD., Ahmedabad Municipal  Corporation, Ahmedabad, Gujarat-382481",Menu/556352.json
553512,Iyanu Kitchen,"GOTA,Ahmedabad",--,Too Few Ratings,₹ 200,"Fast Food,Snacks",20722034000833,https://www.swiggy.com/restaurants/iyanu-kitchen-gota-ahmedabad-553512,"Iyanu Kitchen, G307 Block-G, Godrej Garden City 2, New Chamunda Society, Godrej Garden City, Chandkheda, Ahmedabad, Gujarat 382470, India",Menu/553512.json
483051,Gajanand Pauva House,"GOTA,Ahmedabad",4.0,20+ ratings,₹ 50,"Snacks,Fast Food",20722038000413,https://www.swiggy.com/restaurants/gajanand-pauva-house-gota-ahmedabad-483051,"Gajanand Pauva House, Shop No:-5, Ground Floor, KRAFT-7, Beside Laldarwaja Patharna Bazaar, Near Devnagar, S.G.Highway, Gota, Ahmedabad.",Menu/483051.json
214446,Rasam The Garden Restaurant,"GOTA,Ahmedabad",4.0,20+ ratings,₹ 650,"Chinese,Continental",10720026000175,https://www.swiggy.com/restaurants/rasam-the-garden-restaurant-gota-ognaj-ahmedabad-214446,"Rasam The Garden Restaurant, Dev Nagar, Vasant Nagar, Ognaj, Ahmedabad, Gujarat 380081, India",Menu/214446.json
562681,RASAM RESTAURANT,"GOTA,Ahmedabad",--,Too Few Ratings,₹ 300,Indian,10722026000749,https://www.swiggy.com/restaurants/rasam-restaurant-gota-ahmedabad-562681,"RASAM RESTAURANT, GF-09, VRUNDAVAN HEIGHTS, OPP CENTRE POINT, GOTA, AHMEDABAD ,Ahmedabad Municipal Corporation,Ahmedabad,Gujarat-382481",Menu/562681.json
567453,shambhu's coffee bar,"GOTA,Ahmedabad",--,Too Few Ratings,₹ 300,"Beverages,Fast Food",20722038002203,https://www.swiggy.com/restaurants/shambhus-coffee-bar-gota-ahmedabad-567453,"shambhu's coffee bar, shop no 2 savy swaraj retail plaza village jagatpur taluka daskroi ahmedabad",Menu/567453.json
436529,Engineer Chaap Wala,"GOTA,Ahmedabad",--,Too Few Ratings,₹ 250,Indian,20721038001472,https://www.swiggy.com/restaurants/engineer-chaap-wala-gota-ahmedabad-436529,"Engineer Chaap Wala, Opposite Maruti Suzuki Arena Showroom, Ahmedabad Fashion Street, Nehrunagarwala, Gota, Ahmedabad",Menu/436529.json
542735,Breakfast eatery,"GOTA,Ahmedabad",--,Too Few Ratings,₹ 150,"Snacks,Indian",20721034000285,https://www.swiggy.com/restaurants/breakfast-eatery-gota-ahmedabad-542735,"Breakfast eatery, 33 the Eatery, Op, near, SAMYAK GALAXY, Jagatpur Rd, New Bhavik Nagar Society, Aabugiri Tenement, Godrej Garden City, Chandkheda, Ahmedabad, Gujarat 382470, India",Menu/542735.json
97721,The Coffee Story,"GOTA,Ahmedabad",--,Too Few Ratings,₹ 200,"Snacks,Beverages",20719037007478,https://www.swiggy.com/restaurants/the-coffee-story-gota-ahmedabad-97721,"The Coffee Story, 11, Savvy Swaraj, Near Vandematram City, Godrej City Road, Jagatpur, Gota. Ahemdabad",Menu/97721.json
384162,Shake Bar,"GOTA,Ahmedabad",--,Too Few Ratings,₹ 300,Beverages,20721037003192,https://www.swiggy.com/restaurants/shake-bar-gota-ahmedabad-384162,"Shake Bar, ff-15,Shukan Platinum Apartments, Vandematram Arcade, Gota, Ahmedabad, Gujarat, India",Menu/384162.json
247903,Huber & Holly,"GOTA,Ahmedabad",4.1,100+ ratings,₹ 500,"Combo,Desserts",10720026000054,https://www.swiggy.com/restaurants/huber-and-holly-vaishnodevi-circle-ahmedabad-247903,"Huber & Holly, SHOP NO-1 TO 5 RUNSPACE BUILDING OPP NIRMA UNIVERSITY NR VAISHNODEVI CIRCLE",Menu/247903.json
446575,Spice Hub Restro Cafe,"GOTA,Ahmedabad",--,Too Few Ratings,₹ 400,"Beverages,Street Food",20721037004739,https://www.swiggy.com/restaurants/spice-hub-restro-cafe-gota-ahmedabad-446575,"Spice Hub Restro Cafe, Plot No. 537/A, Opp. Nirma University, Beside SGVP Temple, Vaishnodevi Circle, Ahmedabad - 382421",Menu/446575.json
490241,Gamthi Restaurant,"GOTA,Ahmedabad",--,Too Few Ratings,₹ 300,"North Indian,Chinese",20721038002160,https://www.swiggy.com/restaurants/gamthi-restaurant-gota-ahmedabad-490241,"Gamthi Restaurant, Near hathi Mandir Gota- Ahmedabad - 382481",Menu/490241.json
505356,Chamunda Ganthiyarath,"GOTA,Ahmedabad",--,Too Few Ratings,₹ 100,Fast Food,20722038000808,https://www.swiggy.com/restaurants/chamunda-ganthiyarath-gota-ahmedabad-505356,"Chamunda Ganthiyarath, Shop No 19, Center Point, Nr Axix Bank, opp, Vrindavan Heights, Vandematram, Godrej Garden city Road, Gota, Ahmedabad.",Menu/505356.json
416822,Ms Abu Dal Bati,"GOTA,Ahmedabad",4.4,50+ ratings,₹ 150,North Indian,20721038000677,https://www.swiggy.com/restaurants/ms-abu-dal-bati-gota-ahmedabad-416822,"Ms Abu Dal Bati, Near ST Bus stand chharodi,nirma university road ,Ahmedabad, 382481",Menu/416822.json
371092,Parosa,"GOTA,Ahmedabad",3.1,20+ ratings,₹ 700,"Chinese,Continental",20210107102228,https://www.swiggy.com/restaurants/parosa-gota-vaishnodevi-circle-ahmedabad-371092,"Parosa, SHOP NO 13 GROUND FLOOR RUN SCAPE BUILDING VAISHNODEVI CIRCLE B H HARIHAR HOSPITAL Ahmedabad Municipal Corporation Gujarat 382481",Menu/371092.json
329354,Matruvandana Kitchen,"GOTA,Ahmedabad",--,Too Few Ratings,₹ 300,Indian,20720038001017,https://www.swiggy.com/restaurants/matruvandana-kitchen-gota-ahmedabad-329354,"Matruvandana Kitchen, A-304, VISHWAS CITY - 6, NEXT TO SATYAMEV VISTA, NEAR GOTA WATER TANK ROAD, GOTA, AHMEDABAD, Ghatlodia , Ahmedabad Municipal Corporation, Ahmedabad Municipal Corporation, Gujarat-382481",Menu/329354.json
108009,Shiv Shakti Dhaba (Khoraj),"GOTA,Ahmedabad",3.4,50+ ratings,₹ 250,North Indian,license,https://www.swiggy.com/restaurants/shiv-shakti-dhaba-khoraj-adalaj-khoraj-ahmedabad-108009,"Shiv Shakti Dhaba (Khoraj), Khodiyar Circle, Khoraj, Adalaj, Ahmedabad",Menu/108009.json
125928,Hunger'S King,"GOTA,Ahmedabad",4.0,20+ ratings,₹ 150,"Pizzas,Italian-American",10721026001067,https://www.swiggy.com/restaurants/hungers-king-vastrapur-gota-ahmedabad-125928,"Hunger'S King, Shop no 3, Savvy Swaraj Aakanksha Phase 1, Opp Savvy Swaraj Sports Club, Godrej Garden City Road, Vandematram, Ahmedabad 382481",Menu/125928.json
307102,Sweet-Brew,"GOTA,Ahmedabad",--,Too Few Ratings,₹ 250,"Pizzas,Beverages",20721037001188,https://www.swiggy.com/restaurants/sweet-brew-gota-ahmedabad-307102,"Sweet-Brew, F- 701 , Savvy Sawaraj Phase - 1   Nr Godrej Garden city Road,  Jagatpur...Gota",Menu/307102.json
533293,Pinch Of Spice,"Paldi & Ambawadi,Ahmedabad",4.3,20+ ratings,₹ 200,Chinese,20722034000337,https://www.swiggy.com/restaurants/pinch-of-spice-paldi-and-ambawadi-ahmedabad-533293,"Pinch Of Spice, 6061,kocharb gam b/h krushi bhuvan,paldi,Ahmedabad- 380006",Menu/533293.json
288423,New Purohit Chawana And Sweet Mart,"Paldi & Ambawadi,Ahmedabad",3.7,20+ ratings,₹ 200,Snacks,20717034000142,https://www.swiggy.com/restaurants/new-purohit-chawana-and-sweet-mart-paldi-and-ambawadi-narayan-nagar-ahmedabad-288423,"New Purohit Chawana And Sweet Mart, 2, 3 Hari Om Shopping Center Beside Manmandir Flat, Narayan nagar Road, Paldi, Ahmedabad",Menu/288423.json
486814,Deryfresh - Paldi,"Paldi & Ambawadi,Ahmedabad",--,Too Few Ratings,₹ 250,Ice Cream,20721034000446,https://www.swiggy.com/restaurants/deryfresh-paldi-paldi-and-ambawadi-ahmedabad-486814,"Deryfresh - Paldi, SHOP NO-8,SIGMA SPARSH,P T COLLEGE ROAD,PALDI BUS STAND,PALDI,AHMEDABAD-380007",Menu/486814.json
37572,Das Khaman,"Paldi & Ambawadi,Ahmedabad",4.5,100+ ratings,₹ 200,"Snacks,Street Food",10717026000684,https://www.swiggy.com/restaurants/das-khaman-nehru-nagar-circle-ambawadi-ahmedabad-37572,"Das Khaman, Shalibhadra Complex, Opposite Jain Derasar, Near Nehrunagar Circle Ahmedbad, Ambavadi, Ahmedabad",Menu/37572.json
70790,D Big Man Sandwich,"Paldi & Ambawadi,Ahmedabad",--,Too Few Ratings,₹ 200,Indian,20718034001099,https://www.swiggy.com/restaurants/d-big-man-sandwich-ambavadi-ambawadi-ahmedabad-70790,"D Big Man Sandwich, 2, C N Vidhyalaya, Ambavadi, Ahmedabad",Menu/70790.json
114224,Jalaram Food,"Paldi & Ambawadi,Ahmedabad",--,Too Few Ratings,₹ 250,"Punjabi,Chinese",20719034002272,https://www.swiggy.com/restaurants/jalaram-food-and-ambawadi-paldi-ahmedabad-114224,"Jalaram Food, Paldi Rd, Paldi Gaam, Paldi, Ahmedabad, Gujarat 380007",Menu/114224.json
57186,Blooming Breadzz,"Paldi & Ambawadi,Ahmedabad",--,Too Few Ratings,₹ 300,Fast Food,20719034000602,https://www.swiggy.com/restaurants/blooming-breadzz-prahlad-nagar-ahmedabad-57186,"Blooming Breadzz, 3/14 Tagore Park Society, Nehrunagar cross roads, Ahmedabad.Ahmedabad Food Street, S.G Road, Makarba, Prahlad Nagar, Ahmedabad",Menu/57186.json
65645,Sankalp,"Paldi & Ambawadi,Ahmedabad",4.4,50+ ratings,₹ 500,South Indian,10718026000379,https://www.swiggy.com/restaurants/sankalp-and-ambawadi-paldi-ahmedabad-65645,"Sankalp, Vishwam Complex, Dharnidhar Cross Road, Paldi, Ahmedabad",Menu/65645.json
149179,Dangee Dums,"Paldi & Ambawadi,Ahmedabad",--,Too Few Ratings,₹ 400,"Desserts,Bakery",10717026000314,https://www.swiggy.com/restaurants/dangee-dums-paldi-paldi-and-ambawadi-ahmedabad-149179,"Dangee Dums, G 2, Vardhman Complex, Bhatta, Paldi, Ahmedabad",Menu/149179.json
154526,Meal Box Ambawadi,"Paldi & Ambawadi,Ahmedabad",--,Too Few Ratings,₹ 200,"North Indian,Chinese",10719026001559,https://www.swiggy.com/restaurants/meal-box-ambawadi-navrangpura-ambawadi-ahmedabad-154526,"Meal Box Ambawadi, Shop No.9 ground floor, Dheeraj avenue opp. chadawala police station, nr. kalyan jwellers,ambawadi ahmedabad",Menu/154526.json
486531,Jigi'S,"Paldi & Ambawadi,Ahmedabad",--,Too Few Ratings,₹ 250,Ice Cream,20720034001616,https://www.swiggy.com/restaurants/jigis-paldi-and-ambawadi-ahmedabad-486531,"Jigi'S, SHOP NO 9, SHREE RANG APPARTMENT,NR MAHALAXMI TOWER,NAVA VIKASH GRUH ROAD,PALDI,AHMEDABAD-380007",Menu/486531.json
467338,Elixir (The Health Cafe ),"Paldi & Ambawadi,Ahmedabad",--,Too Few Ratings,₹ 400,Continental,20721034001280,https://www.swiggy.com/restaurants/elixir-the-health-cafe-paldi-and-ambawadi-ahmedabad-467338,"Elixir (The Health Cafe ), Ashwamegh Elegance 3, 2nd Floor Ambawadi , Ambawadi (Ahmedabad) , Ahmedabad Municipal Corporation, Ahmedabad Municipal Corporation, Gujarat-380006",Menu/467338.json
317236,Jugaadi Adda,"Paldi & Ambawadi,Ahmedabad",3.6,100+ ratings,₹ 200,Indian,20721037001921,https://www.swiggy.com/restaurants/jugaadi-adda-and-ambawadi-paldi-ahmedabad-317236,"Jugaadi Adda, SHOP N0 -G-F-4,GIRI BHAVAN,OPP DOMINO PIZZA NR PANKAJ SOCIETY,PALDI.AHMEDABAD, Ahmedabad ,Ahmedabad Municipal Corporation, Ahmedabad Municipal Corporation, Gujarat - 380007",Menu/317236.json
274015,Wagh Bakri Tea Lounge,"Paldi & Ambawadi,Ahmedabad",4.4,20+ ratings,₹ 500,Beverages,10719026000752,https://www.swiggy.com/restaurants/wagh-bakri-tea-lounge-paldi-and-ambawadi-ellisbridge-ahmedabad-274015,"Wagh Bakri Tea Lounge, Capstone 1 2 Ground Floor Old Sharda Mandir Crossroads Gujarat College Rd Ahmedabad Gujarat",Menu/274015.json
554303,Sandwich Adda,"Paldi & Ambawadi,Ahmedabad",--,Too Few Ratings,₹ 300,Fast Food,20722037000667,https://www.swiggy.com/restaurants/sandwich-adda-paldi-and-ambawadi-ahmedabad-554303,"Sandwich Adda, F 105 shivalik plaza IIM road panjrapole cross road ambawadi ahmedabad",Menu/554303.json
550863,Subham Chinese n Pav Bhaji,"Paldi & Ambawadi,Ahmedabad",--,Too Few Ratings,₹ 400,"Chinese,Street Food",20722034000444,https://www.swiggy.com/restaurants/subham-chinese-n-pav-bhaji-paldi-and-ambawadi-ahmedabad-550863,"Subham Chinese n Pav Bhaji, SHOP NO 7- TRILOK COOP HSOC.LTD. NR SHIT VAN SOCIETY, IN T D INTERNATIONALKHANCHA, BHUDERPURA, AMBAWADI",Menu/550863.json
159263,Kutchi King,"Paldi & Ambawadi,Ahmedabad",3.9,50+ ratings,₹ 200,Street Food,10717026000495,https://www.swiggy.com/restaurants/kutchi-king-paldi-ahmedabad-159263,"Kutchi King, Sahjanand Plaza, Opposite Zalak Complex, Bhatta, Paldi, Ahmedabad",Menu/159263.json
215318,Aaska Food Corner,"Paldi & Ambawadi,Ahmedabad",--,Too Few Ratings,₹ 200,Chaat,20719037006485,https://www.swiggy.com/restaurants/aaska-food-corner-paldi-and-ambawadi-vishala-ahmedabad-215318,"Aaska Food Corner, New Vasna, Vasna, Gujarat, India",Menu/215318.json
547226,Pride King Food Point,"Paldi & Ambawadi,Ahmedabad",--,Too Few Ratings,₹ 10,"Street Food,Pizzas",20720038000049,https://www.swiggy.com/restaurants/pride-king-food-point-paldi-and-ambawadi-ahmedabad-547226,"Pride King Food Point, 6, Jagnnath Co. Op. H. Ltd., Vejalpur, Ahmedabad, Gujarat - 380051",Menu/547226.json
308400,The Baker'S Dozen,"Paldi & Ambawadi,Ahmedabad",4.3,20+ ratings,₹ 300,"Bakery,Desserts",10720026000639,https://www.swiggy.com/restaurants/the-bakers-dozen-ambawadi-ahmedabad-308400,"The Baker'S Dozen, 1st Floor, Core House, Off C G Road, Near Parimal Garden, Ellisbridge, Ahmedabad, Gujarat",Menu/308400.json
567236,Jay Malhar Restaurant,"Paldi & Ambawadi,Ahmedabad",--,Too Few Ratings,₹ 200,"North Indian,Snacks",10721026001049,https://www.swiggy.com/restaurants/jay-malhar-restaurant-paldi-and-ambawadi-ahmedabad-567236,"Jay Malhar Restaurant, 09-GF DHIRAJ AVANUE, OPP. CHHANDAWAD POLICE CHOWKEY, AMBAWADI,AHMEDABAD, 380015",Menu/567236.json
399171,Banana Leaf,"Paldi & Ambawadi,Ahmedabad",3.4,50+ ratings,₹ 400,South Indian,10720026000647,https://www.swiggy.com/restaurants/banana-leaf-paldi-and-ambawadi-ahmedabad-399171,"Banana Leaf, GF-11/11A Sun Avenue One Hill Plaza society Vibhag 2 Ambavadi Ahmedabad 380015",Menu/399171.json
194256,Karnavati Snacks,"Paldi & Ambawadi,Ahmedabad",--,Too Few Ratings,₹ 200,"Snacks,Italian",license,https://www.swiggy.com/restaurants/karnavati-snacks-science-city-paldi-ahmedabad-194256,"Karnavati Snacks, G.f.4,Dev Arpan complex,opp. Kocharab ashram nr.VS road Paldi Ahmedabad",Menu/194256.json
550903,Cafe Monarch - A Sip Of Elegance,"Paldi & Ambawadi,Ahmedabad",--,Too Few Ratings,₹ 200,"Beverages,Italian-American",license,https://www.swiggy.com/restaurants/cafe-monarch-a-sip-of-elegance-paldi-and-ambawadi-ahmedabad-550903,"Cafe Monarch - A Sip Of Elegance, Gf- 10- Sun Avenue One, Near Manekbaugh Society, beside Banana Leaf Restuart, Satellite, Ahmedabad,380015",Menu/550903.json
540654,Mausam Food Product,"Paldi & Ambawadi,Ahmedabad",--,Too Few Ratings,₹ 200,"Ice Cream,Desserts",10720026000267,https://www.swiggy.com/restaurants/mausam-food-product-paldi-and-ambawadi-ahmedabad-540654,"Mausam Food Product, 120 Feet Ring Rd, Patel Colony, Ambawadi, Ahmedabad, Gujarat 380006, India",Menu/540654.json
514123,Cafe22,"Paldi & Ambawadi,Ahmedabad",--,Too Few Ratings,₹ 250,"North Indian,Chinese",10722026000401,https://www.swiggy.com/restaurants/cafe22-paldi-and-ambawadi-ahmedabad-514123,"Cafe22, TOP FLOOR,PRATIKSHA COMPLEX MAHALAXMI 5 ROAD PALDI AHMEDABAD 38007",Menu/514123.json
478125,Janki,"Paldi & Ambawadi,Ahmedabad",--,Too Few Ratings,₹ 200,"Fast Food,Street Food",20721038001651,https://www.swiggy.com/restaurants/janki-paldi-and-ambawadi-vejalpur-ahmedabad-478125,"Janki, Shop no.6, suyog 1, vejalpur,380051",Menu/478125.json
323242,Amul Corner,"Paldi & Ambawadi,Ahmedabad",--,Too Few Ratings,₹ 150,"Street Food,Ice Cream",20718034001099,https://www.swiggy.com/restaurants/amul-corner-paldi-and-ambawadi-ahmedabad-323242,"Amul Corner , Ruxmani Nivas, Near c.n school, behind reliance petrol pump, Ambawadi, Ahmedabad-380006",Menu/323242.json
42198,Fresh Roast - Mani Mansion,"Paldi & Ambawadi,Ahmedabad",--,Too Few Ratings,₹ 700,"Indian,Chinese",10719026000823,https://www.swiggy.com/restaurants/fresh-roast-mani-mansion-paldi-ahmedabad-42198,"Fresh Roast - Mani Mansion, Shantikunj, Opposite Shefali Centre, Behind Mehdi Nawaz Jung Hall, Near Paldi Cross Roads, Paldi, Ahmedabad",Menu/42198.json
106059,Mani Madras,"Paldi & Ambawadi,Ahmedabad",4.4,20+ ratings,₹ 200,South Indian,20719037000669,https://www.swiggy.com/restaurants/mani-madras-paldi-ahmedabad-106059,"Mani Madras, 10 & 11, Vardhaman Complex, Bhatta Cross Road, Paldi, Ahmedabad",Menu/106059.json
42232,Navjivan Restaurant,"Paldi & Ambawadi,Ahmedabad",4.0,100+ ratings,₹ 400,"Punjabi,North Indian",10719026001219,https://www.swiggy.com/restaurants/navjivan-restaurant-paldi-ahmedabad-42232,"Navjivan Restaurant, Swaminarayan Complex, Jain Merchant Panch Rasta, Paldi, Ahmedabad",Menu/42232.json
80349,Asharfi Kulfi,"Paldi & Ambawadi,Ahmedabad",4.7,20+ ratings,₹ 200,Indian,20719037007250,https://www.swiggy.com/restaurants/asharfi-kulfi-and-ambawadi-paldi-ahmedabad-80349,"Asharfi Kulfi, 21, Mahalaxmi Municipal Complex, Nr Vipul Dudiya, Near SBI Bank, Paldi, Ahmedabad",Menu/80349.json
42116,Amdos Kitchen,"Paldi & Ambawadi,Ahmedabad",4.2,100+ ratings,₹ 300,"Tibetan,Chinese",20718001000260,https://www.swiggy.com/restaurants/amdos-kitchen-paldi-ahmedabad-42116,"Amdos Kitchen, Near Bhagtacharya Road, Kocharab, Paldi, Ahmedabad",Menu/42116.json
398527,Annapurna,"Paldi & Ambawadi,Ahmedabad",--,Too Few Ratings,₹ 200,"Indian,Thalis",license,https://www.swiggy.com/restaurants/annapurna-paldi-and-ambawadi-ahmedabad-398527,"Annapurna, M-5 Vikram appartment Opp. Hero show room ,Shreyas over bridge, Bhudarpura, ambawadi,, Ambawadi (Ahmedabad), Ahmedabad Municipal Corporation, Ahmedabad Municipal Corporation, Gujarat, 380015",Menu/398527.json
553332,Mr Sandwich,"Paldi & Ambawadi,Ahmedabad",--,Too Few Ratings,₹ 200,"Italian,Burgers",20722034000559,https://www.swiggy.com/restaurants/mr-sandwich-paldi-and-ambawadi-ahmedabad-553332,"Mr Sandwich, A/7,26,Anand Nagar Society,Nr. Anand Nagar Post Office,Paldi,Ahmedabad-380007 (Abhishek Complex, opp. zuido showroom, Pankaj Society, Bhatta, Paldi, Ahmedabad, Gujarat 380007)",Menu/553332.json
42117,Silver Dine (Paldi),"Paldi & Ambawadi,Ahmedabad",--,Too Few Ratings,₹ 800,North Indian,10719026000806,https://www.swiggy.com/restaurants/silver-dine-paldi-paldi-ahmedabad-42117,"Silver Dine (Paldi), Hotel Platinum Inn, Besides Paldi Police Station,Anjali Cross Roads, Paldi, Ahmedabad",Menu/42117.json
42118,Beans N Leaves,"Paldi & Ambawadi,Ahmedabad",--,Too Few Ratings,₹ 300,Italian,license,https://www.swiggy.com/restaurants/beans-n-leaves-paldi-paldi-and-ambawadi-ahmedabad-42118,"Beans N Leaves, Hotel Platinum Inn, Besides PaldiPolice Station,Anjali Cross Roads, Paldi, Ahmedabad",Menu/42118.json
131419,The Shake Maker,"Paldi & Ambawadi,Ahmedabad",4.1,50+ ratings,₹ 250,Beverages,10721026001144,https://www.swiggy.com/restaurants/the-shake-maker-paldi-ahmedabad-131419,"The Shake Maker, G/5 Giri Bhavan Near Pankaj Society Domino's Pizza Paldi,Ahmedabad-380007",Menu/131419.json
557893,vadapav platform,"Paldi & Ambawadi,Ahmedabad",--,Too Few Ratings,₹ 200,"Street Food,Snacks",20722033000185,https://www.swiggy.com/restaurants/vadapav-platform-paldi-and-ambawadi-ahmedabad-557893,"vadapav platform, shop no 5/1 gf business center pattharkuva relief road ahmedabad",Menu/557893.json
345808,Agashiye West,"Paldi & Ambawadi,Ahmedabad",--,Too Few Ratings,₹ 1245,Indian,license,https://www.swiggy.com/restaurants/agashiye-west-paldi-and-ambawadi-ellisbridge-ahmedabad-345808,"Agashiye West, MANGALBGAH RESIDENCY, BESIDE KRUPA PETROL PUMP ,NEAR PARIMAL GARDEN. AHMEDABAD",Menu/345808.json
569381,Shreeji Food Zone,"Paldi & Ambawadi,Ahmedabad",--,Too Few Ratings,₹ 200,"South Indian,Street Food",license,https://www.swiggy.com/restaurants/shreeji-food-zone-paldi-and-ambawadi-ahmedabad-569381,"Shreeji Food Zone, GF/6,RUDRA COMPLEX,AMBAWADI BAZAR,OPP CENTRAL BANK,AMBAWADI,AHMEDABAD-380015,",Menu/569381.json
192401,McCafe by McDonald's,"Paldi & Ambawadi,Ahmedabad",--,Too Few Ratings,₹ 250,"American,Beverages",10718026000609,https://www.swiggy.com/restaurants/mccafe-by-mcdonalds-paldi-ahmedabad-192401,"McCafe by McDonald's, Hardcastle Restaurants Pvt Ltd,McDonalds Family Restaurants Pvt Ltd,Yash Pinnacle Paldi, Ground floor, Shop No G 1, 2 F 1A ,Near Anjali Cross Roads, Village Mouje Paldi, Ahmedabad 380004",Menu/192401.json
44373,Real Sugar And Spices,"Paldi & Ambawadi,Ahmedabad",--,Too Few Ratings,₹ 500,Desserts,10715026000290,https://www.swiggy.com/restaurants/real-sugar-and-spices-and-ambawadi-paldi-ahmedabad-44373,"Real Sugar And Spices, 4 & 5, Mahalaxmi Shopping Centre, Opposite Kusumbi Flat Ahemdabad, Paldi, Ahmedabad",Menu/44373.json
44372,Real Paprika,"Paldi & Ambawadi,Ahmedabad",--,Too Few Ratings,₹ 250,"Pizzas,Italian",10716026000663,https://www.swiggy.com/restaurants/real-paprika-amabawadi-ambawadi-ahmedabad-44372,"Real Paprika, 1, Prashad Complex, Opposite Jain Derasara, Nehru Nagar to Manekbaugh Road, Ambavadi, Ahmedabad",Menu/44372.json
563683,master fast food,"Paldi & Ambawadi,Ahmedabad",--,Too Few Ratings,₹ 200,"Fast Food,Pizzas",20722033000166,https://www.swiggy.com/restaurants/master-fast-food-paldi-and-ambawadi-ahmedabad-563683,"master fast food, 1548/3 patva sheri teen darwaza jamalpur ahmedabad",Menu/563683.json
511923,Tasty Chinese Food,"Paldi & Ambawadi,Ahmedabad",--,Too Few Ratings,₹ 200,Chinese,20722034000003,https://www.swiggy.com/restaurants/tasty-chinese-food-paldi-and-ambawadi-ahmedabad-511923,"Tasty Chinese Food, RUDRA COMPLEX, AMBAWADI BAZAR, AHMEDABAD, AMBAVADI(WESY ZONE), AHMEDABAD MUNICIPAL CORPORATION, AHMEDABAD, GUJARAT-380015",Menu/511923.json
42344,Khana Parcel,"Paldi & Ambawadi,Ahmedabad",3.9,100+ ratings,₹ 200,"Indian,Chinese",20718001000432,https://www.swiggy.com/restaurants/khana-parcel-paldi-ahmedabad-42344,"Khana Parcel, G 10, Sahajanand Plaza, PaldiBhatta, Paldi, Ahmedabad",Menu/42344.json
422290,Baa Gruh Udhyog  Fast Food Services,"Paldi & Ambawadi,Ahmedabad",--,Too Few Ratings,₹ 300,"Snacks,Sweets",20721037004994,https://www.swiggy.com/restaurants/baa-gruh-udhyog-fast-food-services-paldi-and-ambawadi-ahmedabad-422290,"Baa Gruh Udhyog  Fast Food Services, B30 Mittal Apartment NR namohari hospital, Jivraj Park, Ahmedabad, Gujarat 380051, India",Menu/422290.json
42345,China Hut,"Paldi & Ambawadi,Ahmedabad",4.0,100+ ratings,₹ 400,"North Indian,Chinese",10719026000871,https://www.swiggy.com/restaurants/china-hut-paldi-ahmedabad-42345,"China Hut, G 10, Sahajanand Plaza, PaldiBhatta, Paldi, Ahmedabad",Menu/42345.json
45459,The Chocolate Room,"Paldi & Ambawadi,Ahmedabad",4.4,100+ ratings,₹ 350,"Desserts,Bakery",10721026000128,https://www.swiggy.com/restaurants/the-chocolate-room-paldi-ahmedabad-45459,"The Chocolate Room, G-3, Shree Vardhman Complex, Opposite Honest Restaurant Bhatta Paldi, Ahmedabad - 380007",Menu/45459.json
445291,Hd'S Frankies And Burgers,"Paldi & Ambawadi,Ahmedabad",--,Too Few Ratings,₹ 200,Snacks,20721034001924,https://www.swiggy.com/restaurants/hds-frankies-and-burgers-paldi-and-ambawadi-ahmedabad-445291,"Hd'S Frankies And Burgers, 9, visat complex, Ekta Tower, Vasna Telephone Exchange, Revati Nagar, Narayan Nagar, Ahmedabad, Gujarat 380007, India",Menu/445291.json
125981,Ambica Dughdhalay,"Paldi & Ambawadi,Ahmedabad",4.4,20+ ratings,₹ 250,Desserts,10721026000613,https://www.swiggy.com/restaurants/ambica-dughdhalay-paldi-ahmedabad-125981,"Ambica Dughdhalay, Jitendra Park Society, Vishvakunj Cross Road, Paldi, Ahmedabad",Menu/125981.json
517144,Best Pavbhaji & Pulav,"Paldi & Ambawadi,Ahmedabad",--,Too Few Ratings,₹ 200,"Street Food,South Indian",20721037004922,https://www.swiggy.com/restaurants/best-pavbhaji-and-pulav-paldi-and-ambawadi-ahmedabad-517144,"Best Pavbhaji & Pulav, H-12,RIVERSIDE PARK,NR VAISHALI TOWNSHIP,OPP APMC MARKET GALI,VASNA,AHMEDABAD-380007",Menu/517144.json
527307,Breadman,"Paldi & Ambawadi,Ahmedabad",--,Too Few Ratings,₹ 250,Bakery,10721026002224,https://www.swiggy.com/restaurants/breadman-paldi-and-ambawadi-ahmedabad-527307,"Breadman, GF/SHOP NO 2,MANGAL MURTI COMPLEX,OPP NILKANTH PLAZA,BHATTHA,PALDI,AHMEDABAD-380007",Menu/527307.json
40847,Havmor Havfunn ice cream,"Paldi & Ambawadi,Ahmedabad",4.7,20+ ratings,₹ 200,"Ice Cream,Ice Cream Cakes",29000130137500,https://www.swiggy.com/restaurants/havmor-havfunn-ice-cream-saffron-tower-gulbai-tekra-ahmedabad-40847,"Havmor Havfunn ice cream, Havmor Ambavadi , Ambavadi Cross Road, Opp. Saffron Tower, Ambavadi, Ahmedabad- 380006",Menu/40847.json
55065,Hotel The Lotus Park,"Paldi & Ambawadi,Ahmedabad",4.1,500+ ratings,₹ 250,"North Indian,Chinese",10718026000115,https://www.swiggy.com/restaurants/hotel-the-lotus-park-paldi-ahmedabad-55065,"Hotel The Lotus Park, Iscon Square, Opposite Kothawala Flat, Ellisbridge, Paldi, Ahmedabad",Menu/55065.json
514272,Champaji Farsan House,"Paldi & Ambawadi,Ahmedabad",--,Too Few Ratings,₹ 250,"Desserts,Sweets",10719026000582,https://www.swiggy.com/restaurants/champaji-farsan-house-paldi-and-ambawadi-ahmedabad-514272,"Champaji Farsan House, NR PALDI CROSS ROAD,PALDI GAM, BUS STAND, PALDI,AHMEDABAD-380007",Menu/514272.json
557755,food corner,"Paldi & Ambawadi,Ahmedabad",--,Too Few Ratings,₹ 300,"Fast Food,Kebabs",20722033000105,https://www.swiggy.com/restaurants/food-corner-paldi-and-ambawadi-ahmedabad-557755,"food corner, shop no 11 dabgar masjid sur 1990 census 971/1 nr tran khaniya garden mirzapur",Menu/557755.json
452812,Golden Dragon Chinese Food,"Paldi & Ambawadi,Ahmedabad",--,Too Few Ratings,₹ 300,Chinese,20719037003537,https://www.swiggy.com/restaurants/golden-dragon-chinese-food-paldi-and-ambawadi-ahmedabad-452812,"Golden Dragon Chinese Food, Cosmos Bank, Opp. Hotel Crystal, Near Paldi Char Rasta, Ahmedabad, Gujarat-380007",Menu/452812.json
381132,Flourish Lounge & Cafe,"Paldi & Ambawadi,Ahmedabad",--,Too Few Ratings,₹ 200,"Beverages,Ice Cream",license,https://www.swiggy.com/restaurants/flourish-lounge-and-cafe-paldi-and-ambawadi-ahmedabad-381132,"Flourish Lounge & Cafe, 1 Shanti Towers Near Manekbag Hall Tapovan Society,  Ambawadi Ahmedabad 380015",Menu/381132.json
548017,GANESH Tiffin Services,"Paldi & Ambawadi,Ahmedabad",--,Too Few Ratings,₹ 150,North Indian,20721034001778,https://www.swiggy.com/restaurants/ganesh-tiffin-services-paldi-and-ambawadi-ahmedabad-548017,"GANESH Tiffin Services, Shreyas Flyover Opp. Tulip Citadel,b/nd. RAJSHREE ENCLAVE Opp.650, restaurant,shreekunj Mandapam, Shreyas Tekra, Bhudarpura, Ambawadi, Ahmedabad, Gujarat 380015, India",Menu/548017.json
455646,Kd Bhajipavpulav,"Paldi & Ambawadi,Ahmedabad",--,Too Few Ratings,₹ 300,"Street Food,Indian",20719034000674,https://www.swiggy.com/restaurants/kd-bhajipavpulav-paldi-bhathaa-ahmedabad-455646,"Kd Bhajipavpulav, KD Bhajipav Pulav Namni Lari Zalak Complex Opp Central Bank Bhathaa Paldi Ahmedabad 380007",Menu/455646.json
544058,Cakes N Bakes,"Paldi & Ambawadi,Ahmedabad",--,Too Few Ratings,₹ 200,"Fast Food,Snacks",20721034002045,https://www.swiggy.com/restaurants/cakes-n-bakes-paldi-and-ambawadi-ahmedabad-544058,"Cakes N Bakes, GF4 TEMPLE AVENUE DHARNIDHAR CHAR RASTA PALDI AHMEDABAD",Menu/544058.json
550724,D mysterious kitchen,"Paldi & Ambawadi,Ahmedabad",--,Too Few Ratings,₹ 400,"Fast Food,Chinese",20722038001579,https://www.swiggy.com/restaurants/d-mysterious-kitchen-paldi-and-ambawadi-ahmedabad-550724,"D mysterious kitchen, f-1 to 6 ridhi complex univercity road gulbai tekra road opp old passport office ahmdeabad",Menu/550724.json
524282,Purohit Chavana and Sweet Mart,"Paldi & Ambawadi,Ahmedabad",--,Too Few Ratings,₹ 200,"Snacks,Sweets",10714026001154,https://www.swiggy.com/restaurants/purohit-chavana-and-sweet-mart-paldi-and-ambawadi-ahmedabad-524282,"Purohit Chavana and Sweet Mart, 8,VIN HOUSE,NR.- SHANTIVAN BUS STOP, NARAYAN NAGAR ROAD, PALDI, AHMEDABAD",Menu/524282.json
131555,Jain Dairy,"Paldi & Ambawadi,Ahmedabad",--,Too Few Ratings,₹ 500,"Desserts,Beverages",10716026000602,https://www.swiggy.com/restaurants/jain-dairy-paldi-paldi-and-ambawadi-ahmedabad-131555,"Jain Dairy, 5,Vin House Narayannagar Road,Paldi,Ahmedabad-380007",Menu/131555.json
290013,Chatpati Handi,"Paldi & Ambawadi,Ahmedabad",--,Too Few Ratings,₹ 160,"South Indian,North Indian",20720033001460,https://www.swiggy.com/restaurants/chatpati-handi-prahlad-nagar-jivraj-park-ahmedabad-290013,"Chatpati Handi, A 1, Dikshanti Apartments, Malav talav lane, opp devas flats, Jivraj Park, Ahmedabad, Gujarat, India",Menu/290013.json
517498,RJ Ankurit kachori,"Paldi & Ambawadi,Ahmedabad",--,Too Few Ratings,₹ 250,"Snacks,Sweets",20722034000170,https://www.swiggy.com/restaurants/rj-ankurit-kachori-paldi-and-ambawadi-ahmedabad-517498,"RJ Ankurit kachori, Shop 6, Rajyash Riverium, Vasna, Ahmedabad",Menu/517498.json
391310,La Milano Pizzeria,"Paldi & Ambawadi,Ahmedabad",4.3,500+ ratings,₹ 300,Pizzas,license,https://www.swiggy.com/restaurants/la-milano-pizzeria-paldi-and-ambawadi-manekbaugh-ahmedabad-391310,"La Milano Pizzeria, Shop No. 5, Sun Avenue One, Manekbaug Shyamal Road Manekbaug Ahmedabad",Menu/391310.json
160138,Jay Bhavani Vadapav,"Paldi & Ambawadi,Ahmedabad",3.9,100+ ratings,₹ 300,Snacks,20718034000531,https://www.swiggy.com/restaurants/jay-bhavani-vadapav-vasna-vishala-ahmedabad-160138,"Jay Bhavani Vadapav, Shop Number 10  silver flora near anand nursery vasna",Menu/160138.json
402111,Turkish Zaika,"Paldi & Ambawadi,Ahmedabad",--,Too Few Ratings,₹ 300,Desserts,10722026000875,https://www.swiggy.com/restaurants/turkish-zaika-paldi-and-ambawadi-ahmedabad-402111,"Turkish Zaika, shop .No ;08 neel dhara complex opposite paavan travels next 2 UCO bank ellisbridge Ahmedabad  380006",Menu/402111.json
503647,Ladli Restaurant,"Paldi & Ambawadi,Ahmedabad",3.4,20+ ratings,₹ 350,"North Indian,Beverages",20721034001226,https://www.swiggy.com/restaurants/ladli-restaurant-paldi-and-ambawadi-ahmedabad-503647,"Ladli Restaurant, GF/2,SAPNAY COMPLES,OPP,SUVIDHA SHOPPING CENTER,PALDI,AHMEDABAD-380007",Menu/503647.json
523638,Vansh Fast Food,"Paldi & Ambawadi,Ahmedabad",--,Too Few Ratings,₹ 200,"Gujarati,Snacks",20722034000344,https://www.swiggy.com/restaurants/vansh-fast-food-paldi-and-ambawadi-ahmedabad-523638,"Vansh Fast Food, SHOP NO 8, NR SAHJANAND PLAZA,BHATTHA,PALDI,AHMEDABAD-380007",Menu/523638.json
114318,Tea Post,"Paldi & Ambawadi,Ahmedabad",4.3,100+ ratings,₹ 200,Beverages,20722034000324,https://www.swiggy.com/restaurants/tea-post-ambavadi-ambawadi-ahmedabad-114318,"Tea Post, 4, Ground Floor, JB Complex Opportunity, C.N Vidhyalaya, Ambavadi, Ahmedabad",Menu/114318.json
486864,Junior & Senior Burger,"Paldi & Ambawadi,Ahmedabad",--,Too Few Ratings,₹ 200,Fast Food,10719026001382,https://www.swiggy.com/restaurants/junior-and-senior-burger-paldi-and-ambawadi-ahmedabad-486864,"Junior & Senior Burger, GF/07, DEV complex, Parimal Garden char rasta, Ellisbridge, 380006",Menu/486864.json
50180,McDonald's,"Paldi & Ambawadi,Ahmedabad",4.2,100+ ratings,₹ 400,"Burgers,Beverages",10718026000609,https://www.swiggy.com/restaurants/mcdonalds-paldi-ahmedabad-50180,"McDonald's, Hardcastle Restaurants Pvt Ltd,McDonalds Family Restaurants Pvt Ltd,Yash Pinnacle Paldi, Ground floor, Shop No G 1, 2 F 1A ,Near Anjali Cross Roads, Village Mouje Paldi, Ahmedabad 380004",Menu/50180.json
230445,CIA Chinese in Ahmedabad,"Paldi & Ambawadi,Ahmedabad",--,Too Few Ratings,₹ 250,Chinese,10719026001559,https://www.swiggy.com/restaurants/cia-chinese-in-ahmedabad-navrangpura-ambawadi-ahmedabad-230445,"CIA Chinese in Ahmedabad, Shop no.9, Ground Floor, Dhiraj Avenue, Opp. Chadwad Police Station, Nr. Kalyan Jewellers, Ahmedabad - 380006",Menu/230445.json
543193,Kalpu Burger,"Paldi & Ambawadi,Ahmedabad",--,Too Few Ratings,₹ 200,Fast Food,20719037007658,https://www.swiggy.com/restaurants/kalpu-burger-paldi-and-ambawadi-ahmedabad-543193,"Kalpu Burger, manibhen ni chali prabhudas thakkar college road paldi ahmedabad",Menu/543193.json
59439,Vadilal Scoop Shop,"Paldi & Ambawadi,Ahmedabad",4.2,20+ ratings,₹ 300,"Ice Cream,Desserts",10013021000689,https://www.swiggy.com/restaurants/vadilal-scoop-shop-ellis-bridge-paldi-ahmedabad-59439,"Vadilal Scoop Shop, Opposite VS Hospital, Near Pavan Travels, Ellis Bridge, Ahmedabad",Menu/59439.json
426817,Swami Sandwich,"Paldi & Ambawadi,Ahmedabad",--,Too Few Ratings,₹ 30,Snacks,20721034001683,https://www.swiggy.com/restaurants/swami-sandwich-paldi-and-ambawadi-ahmedabad-426817,"Swami Sandwich, 2H75+QMR, Paldi, Ahmedabad, Gujarat 380007, India",Menu/426817.json
556778,Shakti - The Sandwich Shop (Paldi),"Paldi & Ambawadi,Ahmedabad",4.0,50+ ratings,₹ 300,"Fast Food,Snacks",20722034000859,https://www.swiggy.com/restaurants/shakti-the-sandwich-shop-paldi-paldi-and-ambawadi-ahmedabad-556778,"Shakti - The Sandwich Shop (Paldi), Shop No-2, Anand Shopping Center, Nr. Bhattha Bus Stand, Paldi, Ahmedabad, Gujarat-380007",Menu/556778.json
557746,Akki's Food,"Paldi & Ambawadi,Ahmedabad",--,Too Few Ratings,₹ 300,Fast Food,license,https://www.swiggy.com/restaurants/akkis-food-paldi-and-ambawadi-ahmedabad-557746,"Akki's Food, 294,VACHLO THAKOR VAS,NR. E.S.I.  DISPENSARY,PALDI,AHMEDABAD ,  Ahmedabad",Menu/557746.json
506242,Annapurna Caterers,"Paldi & Ambawadi,Ahmedabad",--,Too Few Ratings,₹ 100,"Thalis,Combo",10722026000071,https://www.swiggy.com/restaurants/annapurna-caterers-paldi-and-ambawadi-ahmedabad-506242,"Annapurna Caterers, GATE NO-3, ASHUTOSH BUNGLOWS, OPP. INDIAN BANK, NARAYANNAGAR ROAD, PALDI, AHMEDABAD-380007",Menu/506242.json
560593,vitamin juice house,"Paldi & Ambawadi,Ahmedabad",--,Too Few Ratings,₹ 150,"Juices,Beverages",20717035000299,https://www.swiggy.com/restaurants/vitamin-juice-house-paldi-and-ambawadi-ahmedabad-560593,"vitamin juice house, near G.P.O post office mirzapur road ahmedabad",Menu/560593.json
542887,Janta Super Omlet,"Paldi & Ambawadi,Ahmedabad",--,Too Few Ratings,₹ 100,"Snacks,North Indian",20722034000659,https://www.swiggy.com/restaurants/janta-super-omlet-paldi-and-ambawadi-ahmedabad-542887,"Janta Super Omlet, OPP TANNA TRAVEL OFFICE NEAR NILKANTH HOTEL PALDI ROAD PALDI AHMEDABAD",Menu/542887.json
416905,Shree Fast Food,"Paldi & Ambawadi,Ahmedabad",--,Too Few Ratings,₹ 100,"SVANidhi Street Food Vendor,Snacks",20721034000851,https://www.swiggy.com/restaurants/shree-fast-food-paldi-and-ambawadi-ahmedabad-416905,"Shree Fast Food, Nava Vikas Rd, Paldi Gaam, Paldi, Ahmedabad, Ahmedabad . , Ahmedabad Municipal Corporation, Ahmedabad Municipal Corporation, Gujarat, 380007",Menu/416905.json
513880,Delicioso,"Paldi & Ambawadi,Ahmedabad",--,Too Few Ratings,₹ 400,"Pizzas,Fast Food",license,https://www.swiggy.com/restaurants/delicioso-paldi-and-ambawadi-ahmedabad-513880,"Delicioso, 1101 PRATIKSHA COMPLEX, 11TH FLOOR, MAHALAXMI PANCH RASTA PALDI, AHMEDABAD",Menu/513880.json
372444,New Girish Coldrinks,"Paldi & Ambawadi,Ahmedabad",3.7,50+ ratings,₹ 200,"Juices,Beverages",10717026000492,https://www.swiggy.com/restaurants/new-girish-coldrinks-paldi-and-ambawadi-gulbai-tekra-ahmedabad-372444,"New Girish Coldrinks, GF/8,Dhiraj avenue,opp chhadavad police chowky,Ambawadi,Ahmedabad muncipal corporation-380015",Menu/372444.json
537058,Monginis Paldi,"Paldi & Ambawadi,Ahmedabad",--,Too Few Ratings,₹ 200,Bakery,10722026000686,https://www.swiggy.com/restaurants/monginis-paldi-paldi-and-ambawadi-ahmedabad-537058,"Monginis Paldi, 2, MANGAL MURTI COMPLEX, Dungarshinagar, Bhatta, Paldi, Ahmedabad, Gujarat 380007, India",Menu/537058.json
106402,Shriram Dabeli Vada Pav,"Paldi & Ambawadi,Ahmedabad",3.9,20+ ratings,₹ 200,"Fast Food,Snacks",10719026001296,https://www.swiggy.com/restaurants/shriram-dabeli-vada-pav-paldi-ahmedabad-106402,"Shriram Dabeli Vada Pav, 4, Vardhman Complex, Bhatta, Paldi, Ahmedabad",Menu/106402.json
517960,Kantilal Manilal's Gopi,"Paldi & Ambawadi,Ahmedabad",--,Too Few Ratings,₹ 500,"Sweets,Desserts",10718026000706,https://www.swiggy.com/restaurants/kantilal-manilals-gopi-paldi-and-ambawadi-ahmedabad-517960,"Kantilal Manilal's Gopi, M/S Kantilal Manilal Dudhwala, A/GF/27, Mangaltirth Tower, nr Sharda Society, opposite Dharnidhar Derasar, Paldi, Ahmedabad, Gujarat - 380007",Menu/517960.json
422073,London Dairy,"Paldi & Ambawadi,Ahmedabad",--,Too Few Ratings,₹ 280,Ice Cream,20721037004452,https://www.swiggy.com/restaurants/london-dairy-paldi-and-ambawadi-ahmedabad-422073,"London Dairy, SHOP NO 2 & 19 SUVIDHA SHOPPING  CENTRE OPP KARNAVATI PAGARAKHA  BAZAR PALDI AHMEDABAD ,  Ahmedabad . , Ahmedabad Municipal  Corporation, Ahmedabad Municipal  Corporation, Gujarat - 380007",Menu/422073.json
252785,Romy's fast food,"Paldi & Ambawadi,Ahmedabad",--,Too Few Ratings,₹ 150,Fast Food,20719037006574,https://www.swiggy.com/restaurants/romys-fast-food-and-ambawadi-paldi-ahmedabad-252785,"Romy's fast food, 10, Ashtapad Society, Shantivan, Besides Shantivan Bus Stop, Paldi, Ahmedabad",Menu/252785.json
385114,Gopi Dining Hall,"Paldi & Ambawadi,Ahmedabad",--,Too Few Ratings,₹ 300,"North Indian,Chinese",10718026000481,https://www.swiggy.com/restaurants/gopi-dining-hall-vastrapur-ellisbridge-ahmedabad-385114,"Gopi Dining Hall, Avadhesh Huse, Ground Floor, Off, Ashram Rd, Pritam Nagar, Ellisbridge, Ahmedabad, Gujarat 380006",Menu/385114.json
58636,Ame Gujarati,"Paldi & Ambawadi,Ahmedabad",3.5,100+ ratings,₹ 250,"Gujarati,Combo",20720034001298,https://www.swiggy.com/restaurants/ame-gujarati-nehrunagar-ambawadi-ahmedabad-58636,"Ame Gujarati, Ame Gujarati, Pushpak Avenue, Opp. Jain derasar, near Nehrunagar Circle Ambawadi",Menu/58636.json
119569,Ruchi Beverages,"Paldi & Ambawadi,Ahmedabad",--,Too Few Ratings,₹ 500,Bakery,10721026000449,https://www.swiggy.com/restaurants/ruchi-beverages-satellite-paldi-ahmedabad-119569,"Ruchi Beverages, 1, prasant park society, near RR fatak anandnagar, satellite",Menu/119569.json
55368,Treat,"Paldi & Ambawadi,Ahmedabad",4.6,20+ ratings,₹ 350,Indian,10716026000657,https://www.swiggy.com/restaurants/treat-ellis-bridge-ellisbridge-ahmedabad-55368,"Treat, B 1113, Doctor House, Near Parimal Railway Crossing, Ellis Bridge, Ahmedabad",Menu/55368.json
53988,Saffron,"Paldi & Ambawadi,Ahmedabad",--,Too Few Ratings,₹ 800,"Indian,Hyderabadi",10718026000547,https://www.swiggy.com/restaurants/saffron-paldi-ellisbridge-ahmedabad-53988,"Saffron, Rooftop, Sankalp Square 2, Near Jalaram Railway Crossing, Paldi, Ahmedabad.",Menu/53988.json
140314,Jalaram Parotha House,"Paldi & Ambawadi,Ahmedabad",3.9,20+ ratings,₹ 200,"North Indian,Gujarati",10717026000322,https://www.swiggy.com/restaurants/jalaram-parotha-house-paldi-ahmedabad-140314,"Jalaram Parotha House, 1214, Sahjanand Trade Centre, Opposite Kothawala Flats, Besides Sharma Musical, Pritamnagar, Paldi, Ahmedabad",Menu/140314.json
82100,Asharfi Kulfii,"Paldi & Ambawadi,Ahmedabad",4.3,20+ ratings,₹ 200,Indian,20719037007250,https://www.swiggy.com/restaurants/asharfi-kulfii-and-ambawadi-paldi-ahmedabad-82100,"Asharfi Kulfii, Near Ajay Continental Restaurant, Neelkanth Plaza, Bhattha, Paldi, Ahmedabad",Menu/82100.json
42313,Udipi Cafe,"Paldi & Ambawadi,Ahmedabad",4.2,100+ ratings,₹ 450,"Punjabi,Indian",10716026000667,https://www.swiggy.com/restaurants/udipi-cafe-paldi-ahmedabad-42313,"Udipi Cafe, Paldi Cross Roads, Paldi, Ahmedabad",Menu/42313.json
352725,Chai G,"Paldi & Ambawadi,Ahmedabad",3.7,20+ ratings,₹ 200,"Beverages,Snacks",20721034000318,https://www.swiggy.com/restaurants/chai-g-and-ambawadi-paldi-ahmedabad-352725,"Chai G, Shop no 1,Mahavira tower near adani CNG Pump, paldi cross road,Ahmedabad    380007",Menu/352725.json
515415,Havmor Ice Cream,"Paldi & Ambawadi,Ahmedabad",--,Too Few Ratings,₹ 200,"Ice Cream,Beverages",10721026002146,https://www.swiggy.com/restaurants/havmor-ice-cream-paldi-and-ambawadi-ahmedabad-515415,"Havmor Ice Cream, GF/SHOP NO-8, PRIVIERA, PATEL COLONY, NEHRU NAGAR CIRCLE, AMBAWADI,AHMEDABAD, Ahmedabad Municipal Corporation, Ahmedabad, Gujarat-380015",Menu/515415.json
395336,McDonald's Gourmet Burger Collection,"Paldi & Ambawadi,Ahmedabad",--,Too Few Ratings,₹ 500,"Burgers,Beverages",10718026000609,https://www.swiggy.com/restaurants/mcdonalds-gourmet-burger-collection-paldi-paldi-and-ambawadi-ahmedabad-395336,"McDonald's Gourmet Burger Collection, Hardcastle Restaurants Pvt Ltd,McDonalds Family Restaurants Pvt Ltd,Yash Pinnacle Paldi, Ground floor, Shop No G 1, 2 F 1A ,Near Anjali Cross Roads, Village Mouje Paldi, Ahmedabad 380004",Menu/395336.json
68602,Honest,"Paldi & Ambawadi,Ahmedabad",4.1,100+ ratings,₹ 250,"Snacks,Indian",10716026000666,https://www.swiggy.com/restaurants/honest-and-ambawadi-paldi-ahmedabad-68602,"Honest, 1-4, Neelkanth Plaza, Bhatta, Paldi, Ahmedabad",Menu/68602.json
136623,B K Nagar Chola Fali Center,"Paldi & Ambawadi,Ahmedabad",--,Too Few Ratings,₹ 200,"Fast Food,Snacks",10718026000971,https://www.swiggy.com/restaurants/b-k-nagar-chola-fali-center-navrangpura-paldi-ahmedabad-136623,"B K Nagar Chola Fali Center, muni market elisbridge navrangpura ahmedabad munciple corporation ahemdabad 380009",Menu/136623.json
415789,The Lio' Pizza,"Paldi & Ambawadi,Ahmedabad",3.8,50+ ratings,₹ 300,"Pizzas,Italian",20721035000654,https://www.swiggy.com/restaurants/the-lio-pizza-paldi-and-ambawadi-ahmedabad-415789,"The Lio' Pizza, Hotel Heritage Nr Adani CNG Pump Paldi Cross road Paldi Ahmedabad-380007.",Menu/415789.json
489710,Bol E To Vadapav,"Paldi & Ambawadi,Ahmedabad",4.3,50+ ratings,₹ 300,"Snacks,Street Food",20722034000149,https://www.swiggy.com/restaurants/bol-e-to-vadapav-paldi-and-ambawadi-ahmedabad-489710,"Bol E To Vadapav, TM FOOD & BEVERAGE SHOP NO 8 DEVMURTI APPARTMENT NR.PANCHVATI CIRCLE AMBAWADI-380006",Menu/489710.json
501804,Angur bakers,"Paldi & Ambawadi,Ahmedabad",--,Too Few Ratings,₹ 500,"Bakery,Fast Food",20722034000182,https://www.swiggy.com/restaurants/angur-bakers-paldi-and-ambawadi-ahmedabad-501804,"Angur bakers, shop no-4,vin house,near shantivan bus stop narayan nagar road, paldi, Ahmedabad,Gujarat-380007",Menu/501804.json
59970,Pizza Zone,"Paldi & Ambawadi,Ahmedabad",--,Too Few Ratings,₹ 250,Pizzas,10718026000860,https://www.swiggy.com/restaurants/pizza-zone-paldi-ahmedabad-59970,"Pizza Zone, 104, Yash Pinacle, Anjali Cross Road, Paldi, Bhattha, Ahmedabad",Menu/59970.json
357456,Hot Pot - Hotel Epsilon,"Paldi & Ambawadi,Ahmedabad",--,Too Few Ratings,₹ 400,North Indian,license,https://www.swiggy.com/restaurants/hot-pot-hotel-epsilon-and-ambawadi-paldi-ahmedabad-357456,"Hot Pot - Hotel Epsilon, Near Deepak Petrol Pump, Opp Kothawal Flat, Ashram Road, Paldi, Ahmedabad, Gujarat, 380007",Menu/357456.json
551192,Habibi Foods,"Paldi & Ambawadi,Ahmedabad",--,Too Few Ratings,₹ 200,Fast Food,20722034000033,https://www.swiggy.com/restaurants/habibi-foods-paldi-and-ambawadi-ahmedabad-551192,"Habibi Foods, L-19, Maharana Pratap Centre, Opp Kapadia Guest House, NR. V S Hospital, Ellisbridge, Ahmedabad--380006",Menu/551192.json
42315,Tummy Fillers,"Paldi & Ambawadi,Ahmedabad",3.9,20+ ratings,₹ 200,Beverages,10719026000068,https://www.swiggy.com/restaurants/tummy-fillers-nehru-nagar-ambawadi-ahmedabad-42315,"Tummy Fillers, 6, Shalibhadra Complex, Nehru Nagar, Ambavadi, Ahmedabad",Menu/42315.json
550652,Unnati Food and Dairy Parlour,"Paldi & Ambawadi,Ahmedabad",--,Too Few Ratings,₹ 200,"Sweets,Snacks",20721034002013,https://www.swiggy.com/restaurants/unnati-food-and-dairy-parlour-paldi-and-ambawadi-ahmedabad-550652,"Unnati Food and Dairy Parlour, Shop No  8  Arora Vihar  Besides Saransh  Bhudarpura Road  Ambawadi  Ahmedabad  Gujarat   380006",Menu/550652.json
574520,Hari Om Dhaba,"Paldi & Ambawadi,Ahmedabad",--,Too Few Ratings,₹ 400,"North Indian,Chinese",20722034001001,https://www.swiggy.com/restaurants/hari-om-dhaba-paldi-and-ambawadi-ahmedabad-574520,"Hari Om Dhaba, 29-Celler, Anilkunj Centre, Nr. Paldi Char Rasta, Paldi, Ahmedabad, Gujarat-",Menu/574520.json
449659,Hitesh Sweets,"Paldi & Ambawadi,Ahmedabad",--,Too Few Ratings,₹ 400,"Sweets,Snacks",10717026000083,https://www.swiggy.com/restaurants/hitesh-sweets-paldi-and-ambawadi-ahmedabad-449659,"Hitesh Sweets, GF-1/2/3 Swaminarayan shopping center,opposit-Vasna bus stop,Vasna,Ahmedabad,Gujarat,380007",Menu/449659.json
528114,Shiv Snacks And Fast Food,"Paldi & Ambawadi,Ahmedabad",--,Too Few Ratings,₹ 300,"Fast Food,Snacks",20721034001475,https://www.swiggy.com/restaurants/shiv-snacks-and-fast-food-paldi-and-ambawadi-ahmedabad-528114,"Shiv Snacks And Fast Food, SHOP. NO.4,UNDER AMBEDKAR BRIDGE,NR BIO DIVERCITY PARK,RIVER FRONT ROAD,NARAYANNAGAR,PALDI,AHMEDABAD-380007",Menu/528114.json
551100,Shriji Khana Khazana,"Paldi & Ambawadi,Ahmedabad",--,Too Few Ratings,₹ 250,"Indian,Chinese",20721037003625,https://www.swiggy.com/restaurants/shriji-khana-khazana-paldi-and-ambawadi-ahmedabad-551100,"Shriji Khana Khazana, 8,SHREE SAHJANAND PLAZA,BHATTA,PALDI,AHMEDABAD-380007",Menu/551100.json
521044,Jay Ambe Sandwich Corner,"Paldi & Ambawadi,Ahmedabad",--,Too Few Ratings,₹ 200,"Fast Food,Snacks",20718034001147,https://www.swiggy.com/restaurants/jay-ambe-sandwich-corner-paldi-and-ambawadi-ahmedabad-521044,"Jay Ambe Sandwich Corner, JAY AMBE SENDWICH CORNER, ASHESH SHOPPING CENTRE, OPP-SPICE RESTAURANT, JUNA SHARDA MANDIR ROAD, PALD, AHMEDABAD MUNICIPAL CORPORATION, AHMEDABAD MUNICIPAL CORPORATION (GUJARAT),-380007",Menu/521044.json
432393,Dipak Kumar Vaniya,"Paldi & Ambawadi,Ahmedabad",--,Too Few Ratings,₹ 200,"Street Food,Indian",license,https://www.swiggy.com/restaurants/dipak-kumar-vaniya-prahlad-nagar-paldi-and-ambawadi-ahmedabad-432393,"Dipak Kumar Vaniya, Dr Jivraj Mehta Marg, Yashkamal Society, Vasna, Bhairavnath Road , Ahmedabad Municipal Corporation, Ahmedabad Municipal Corporation, Gujarat, 380007",Menu/432393.json
134330,Taste Of Mumbai-Bombay Street Cafe,"Paldi & Ambawadi,Ahmedabad",4.1,20+ ratings,₹ 300,"South Indian,Beverages",license,https://www.swiggy.com/restaurants/taste-of-mumbai-bombay-street-cafe-ambawadi-ahmedabad-134330,"Taste Of Mumbai-Bombay Street Cafe, GF-1, Soorsarthi Complex, Opposite Chhadavad Police Chawky, Ambavadi, Ahmedabad",Menu/134330.json
434213,Thakor Maheshbhai,"Paldi & Ambawadi,Ahmedabad",--,Too Few Ratings,₹ 100,"Street Food,Indian",license,https://www.swiggy.com/restaurants/thakor-maheshbhai-paldi-and-ambawadi-ahmedabad-434213,"Thakor Maheshbhai, Pramukh Swami Maharaj Marg, Amit Society, Rajnagar Society, Paldi, Behrampura , Ahmedabad Municipal Corporation, Ahmedabad Municipal Corporation, Gujarat, 380007",Menu/434213.json
535717,Sale & Pepe - Ristorante Italiano,"Paldi & Ambawadi,Ahmedabad",--,Too Few Ratings,₹ 1200,"Pizzas,Beverages",10722026000627,https://www.swiggy.com/restaurants/sale-and-pepe-ristorante-italiano-paldi-and-ambawadi-ahmedabad-535717,"Sale & Pepe - Ristorante Italiano, Sun Avenue One, 1st Floor, 105, Shyamal, to, Manik Baug Rd, Bhudarpura, Ambawadi, Ahmedabad, Gujarat 380015, India",Menu/535717.json
323011,King Snacks,"Paldi & Ambawadi,Ahmedabad",--,Too Few Ratings,₹ 150,"Street Food,Continental",20719037006288,https://www.swiggy.com/restaurants/king-snacks-and-ambawadi-paldi-ahmedabad-323011,"King Snacks, 6, Omdeep Shopping Centre, Opp India Bank, P.T College Road, Paldi, 380007",Menu/323011.json
403772,Kwality Walls Frozen Dessert and Ice Cream Shop,"Paldi & Ambawadi,Ahmedabad",4.6,50+ ratings,₹ 300,Ice Cream,20721037004452,https://www.swiggy.com/restaurants/kwality-walls-frozen-dessert-and-ice-cream-shop-paldi-and-ambawadi-ahmedabad-403772,"Kwality Walls Frozen Dessert and Ice Cream Shop, SANGITA ENTERPRISE: SHOP NO-2,&19, SUVIDHA SHOPPING CENTER, OPP KARNAVATI PAGARAKHA BAZAR, PALDI, AHMEDABAD, GUJARAT-380007",Menu/403772.json
406007,La Pino'Z Pizza,"Paldi & Ambawadi,Ahmedabad",4.2,100+ ratings,₹ 400,"Pizzas,Pastas",10721026001071,https://www.swiggy.com/restaurants/la-pinoz-pizza-paldi-and-ambawadi-ahmedabad-406007,"La Pino'Z Pizza, Shop no.5, scarlett bsiness hub, opp ankur school, Bhatta, Ahedabad 380007",Menu/406007.json
323492,Real Spice Pizzeria,"Paldi & Ambawadi,Ahmedabad",3.0,20+ ratings,₹ 450,Pizzas,10718026001033,https://www.swiggy.com/restaurants/real-spice-pizzeria-and-ambawadi-paldi-ahmedabad-323492,"Real Spice Pizzeria, Shivalik 5, Paldi, Ahmedabad, Gujarat 380007, India",Menu/323492.json
406009,Bablu Shree Farali Centre,"Paldi & Ambawadi,Ahmedabad",4.0,50+ ratings,₹ 200,Indian,license,https://www.swiggy.com/restaurants/bablu-shree-farali-centre-navrangpura-ahmedabad-406009,"Bablu Shree Farali Centre, 1, AMRAKUNJ SOCIETY, NEAR SNEHKUNJ BUS STOP S. M. ROAD , Paldi, Paldi (Ahmedabad), Ahmedabad Municipal Corporation, Ahmedabad Municipal Corporation, Gujarat, 380015",Menu/406009.json
72430,Vipul Dudhiya Sweets,"Paldi & Ambawadi,Ahmedabad",4.7,50+ ratings,₹ 300,"Sweets,Snacks",10717026000690,https://www.swiggy.com/restaurants/vipul-dudhiya-sweets-paldi-ahmedabad-72430,"Vipul Dudhiya Sweets, 13, Mahalaxmi Shopping Centre, Mahalaxmi Cross Road, Paldi, Ahmedabad",Menu/72430.json
486279,Meal Centre,"Paldi & Ambawadi,Ahmedabad",--,Too Few Ratings,₹ 300,"North Indian,Fast Food",10719026001382,https://www.swiggy.com/restaurants/meal-centre-navrangpura-ahmedabad-486279,"Meal Centre, GF/07, Dev complex, Parimal Garden Char Rasta, Ellisbridge, 380006",Menu/486279.json
523667,Amruti'S Gruh Udhyog,"Paldi & Ambawadi,Ahmedabad",--,Too Few Ratings,₹ 150,Indian,20719034001667,https://www.swiggy.com/restaurants/amrutis-gruh-udhyog-paldi-and-ambawadi-ahmedabad-523667,"Amruti'S Gruh Udhyog, 13,SARANSH ARTH,SHAHWADI,VASANA,AHMEDABAD(Gujarat)-380007",Menu/523667.json
64416,RP's Pizzeria,"Paldi & Ambawadi,Ahmedabad",3.6,20+ ratings,₹ 550,Italian,10718026000889,https://www.swiggy.com/restaurants/rps-pizzeria-and-ambawadi-paldi-ahmedabad-64416,"RP's Pizzeria, shop no 6 scarlett business hub opp ankur school near mahalakshmi cross road paldi",Menu/64416.json
577253,Nutrivibes,"Paldi & Ambawadi,Ahmedabad",--,Too Few Ratings,₹ 300,Salads,20722034001015,https://www.swiggy.com/restaurants/nutrivibes-paldi-and-ambawadi-ahmedabad-577253,"Nutrivibes, D 501 riverside park vaishali township vasna ahmedabad",Menu/577253.json
500863,Vadilal Ice Creams,"Paldi & Ambawadi,Ahmedabad",4.5,100+ ratings,₹ 200,Ice Cream,20721037004452,https://www.swiggy.com/restaurants/vadilal-ice-creams-paldi-and-ambawadi-ahmedabad-500863,"Vadilal Ice Creams, SANGITA ENTERPRISE - SHOP NO 2 & 19 SUVIDHA SHOPPING CENTRE OPP KARNAVATI PAGARAKHA BAZAR PALDI AHMEDABAD GUJARAT-380007",Menu/500863.json
42304,Subway,"Paldi & Ambawadi,Ahmedabad",3.9,100+ ratings,₹ 350,"Fast Food,Healthy Food",10721026001421,https://www.swiggy.com/restaurants/subway-mahalaxmi-cross-paldi-ahmedabad-42304,"Subway, Shop 6, Shivalik 5, Mahalaxmi Cross Road, Paldi, Ahmedabad",Menu/42304.json
559100,Om Sai Chainese Panjabi Corner,"Paldi & Ambawadi,Ahmedabad",--,Too Few Ratings,₹ 100,Chinese,20722034000858,https://www.swiggy.com/restaurants/om-sai-chainese-panjabi-corner-paldi-and-ambawadi-ahmedabad-559100,"Om Sai Chainese Panjabi Corner, Nr.Navchetan school opp kutchhi bhavan jalaram mandir road paldi ahmedabad",Menu/559100.json
387799,P. Vasu Food Court,"Paldi & Ambawadi,Ahmedabad",4.4,50+ ratings,₹ 300,"Indian,South Indian",20720033000896,https://www.swiggy.com/restaurants/p-vasu-food-court-paldi-and-ambawadi-ahmedabad-387799,"P. Vasu Food Court, Shop No 6, Dev Complex, Opp. Mercedes Showroom, Parimal Garden Cross Road, Ambavadi, Ahmedabad - 380007.",Menu/387799.json
506851,Dragon 17 Chinese,"Paldi & Ambawadi,Ahmedabad",--,Too Few Ratings,₹ 100,Chinese,20721034001211,https://www.swiggy.com/restaurants/dragon-17-chinese-paldi-and-ambawadi-ahmedabad-506851,"Dragon 17 Chinese, NR. UNNATI SCHOOL, PP. INDIAN PETROL PUMP, MAHALAXMI CHAR RASTA, PALADI, AHMEDABAD-380007",Menu/506851.json
55549,Jay Bhole Vadapav - Nehru Nagar,"Paldi & Ambawadi,Ahmedabad",4.3,50+ ratings,₹ 200,"Fast Food,Snacks",20718001000483,https://www.swiggy.com/restaurants/jay-bhole-vadapav-nehru-nagar-ambavadi-ambawadi-ahmedabad-55549,"Jay Bhole Vadapav - Nehru Nagar, 3, Snehkunj Society, Opposite SBI Zonal Office, SM Road, Ambavadi, Ahmedabad",Menu/55549.json
37116,Tandoorworkz,"Paldi & Ambawadi,Ahmedabad",3.8,20+ ratings,₹ 450,"Indian,Tandoor",20719037000729,https://www.swiggy.com/restaurants/tandoorworkz-navrangpura-ellisbridge-ahmedabad-37116,"Tandoorworkz, GF-7 Dev complex, Opp. Parimal Garden, Ellis bridge, Ahmedabad, Gujarat 380006",Menu/37116.json
53128,Bon Homie,"Paldi & Ambawadi,Ahmedabad",4.3,100+ ratings,₹ 500,"Punjabi,Italian",10718026000771,https://www.swiggy.com/restaurants/bon-homie-paldi-ahmedabad-53128,"Bon Homie, Bon homie Restaurant, 1st floor, yash pinnacle, anjali cross road",Menu/53128.json
341232,London Yard Pizza,"Paldi & Ambawadi,Ahmedabad",3.9,100+ ratings,₹ 500,"Pizzas,Italian",license,https://www.swiggy.com/restaurants/london-yard-pizza-paldi-and-ambawadi-ellisbridge-ahmedabad-341232,"London Yard Pizza, G-6, Ground Floor, Capstone Building, Netaji Road, Opposite Chirag Motors, Ellis Bridge, Ahmedabad",Menu/341232.json
216229,Urban Foods Ambawadi,"Paldi & Ambawadi,Ahmedabad",--,Too Few Ratings,₹ 250,"Chinese,North Indian",10719026001559,https://www.swiggy.com/restaurants/urban-foods-ambawadi-navrangpura-ambawadi-ahmedabad-216229,"Urban Foods Ambawadi, Shop 9, Ground Floor, Dhiraj Avenue, Opposite Chadwad Police Station, Ambawadi, Ahmedabad",Menu/216229.json
414232,Foodies Kitchen,"Paldi & Ambawadi,Ahmedabad",--,Too Few Ratings,₹ 510,South Indian,license,https://www.swiggy.com/restaurants/foodies-kitchen-paldi-and-ambawadi-ahmedabad-414232,"Foodies Kitchen, Near Poja Apartment, Opp. Krushi Bhavan, Museum Sardar Bridge, Bhagtacharya Rd, Paldi Gaam, Paldi, Ahmedabad, Gujarat 380007, India",Menu/414232.json
432342,The Next Door,"Paldi & Ambawadi,Ahmedabad",--,Too Few Ratings,₹ 200,Indian,20721037004616,https://www.swiggy.com/restaurants/the-next-door-paldi-and-ambawadi-ahmedabad-432342,"The Next Door, Nivid Apartment Wing A, Amit Society, Paldi, Ahmedabad, Gujarat 380007, India",Menu/432342.json
435577,Grill On Fire,"Paldi & Ambawadi,Ahmedabad",3.6,50+ ratings,₹ 149,Desserts,20721034001843,https://www.swiggy.com/restaurants/grill-on-fire-paldi-and-ambawadi-ahmedabad-435577,"Grill On Fire, shop num 1, Abhishek Complex, Dungarshinagar, Bhatta, Paldi, Ahmedabad, Delhi 380007, India",Menu/435577.json
548213,Akki's Magic Food,"Paldi & Ambawadi,Ahmedabad",--,Too Few Ratings,₹ 300,"American,Indian",license,https://www.swiggy.com/restaurants/akkis-magic-food-paldi-and-ambawadi-ahmedabad-548213,"Akki's Magic Food, 294, VALCHOL THAKOR VAS, NR ESI DISPENSARY, PALDI AHMEDABAD",Menu/548213.json
548210,Stix n Brix wood fired pizza,"Paldi & Ambawadi,Ahmedabad",--,Too Few Ratings,₹ 550,Pizzas,20721035000338,https://www.swiggy.com/restaurants/stix-n-brix-wood-fired-pizza-paldi-and-ambawadi-ahmedabad-548210,"Stix n Brix wood fired pizza, Near Navchetna School,Paldi Char Rasta, 2H87+46M, opp. Patel Tours &Travels, Pritam Nagar, Paldi, Ahmedabad, Gujarat 380007, India",Menu/548210.json
566122,Shakti South Indian & Punjabi,"Paldi & Ambawadi,Ahmedabad",--,Too Few Ratings,₹ 300,Indian,license,https://www.swiggy.com/restaurants/shakti-south-indian-and-punjabi-paldi-and-ambawadi-ahmedabad-566122,"Shakti South Indian & Punjabi, opp bhart petrolpump paldi cross road nr paldigam, Paldi(West Zone), Ahmedabad, 380007",Menu/566122.json
50935,Choice Snack Bar,"Paldi & Ambawadi,Ahmedabad",4.2,100+ ratings,₹ 450,"South Indian,Indian",10718026000200,https://www.swiggy.com/restaurants/choice-snack-bar-ocean-park-ambawadi-ahmedabad-50935,"Choice Snack Bar, 1,2,3 Ocean Grill Park Building, New Kailash Puri Society, Ambawadi, Paldi & Ambawadi, Ahmedabad",Menu/50935.json
107046,Mahalaxmi Pav Bhaji,"Paldi & Ambawadi,Ahmedabad",4.3,500+ ratings,₹ 200,North Indian,20719037000534,https://www.swiggy.com/restaurants/mahalaxmi-pav-bhaji-c-g-road-ellisbridge-ahmedabad-107046,"Mahalaxmi Pav Bhaji, GF 9/10, Dev complex,near parimal charasta ,opp. Mercedes show room.parimal gardan, Ahmedabad",Menu/107046.json
456754,Kekiz-The Cake Shop,"Paldi & Ambawadi,Ahmedabad",--,Too Few Ratings,₹ 150,"Bakery,Desserts",10721026002144,https://www.swiggy.com/restaurants/kekiz-the-cake-shop-paldi-and-ambawadi-ahmedabad-456754,"Kekiz-The Cake Shop, GF/7, Agrawal Arcade, Ambawadi, Ahmedabad, Gujarat - 380006",Menu/456754.json
561751,Jitesh Chawana And Sweet Mart,"Paldi & Ambawadi,Ahmedabad",--,Too Few Ratings,₹ 500,"Sweets,Desserts",10718026000262,https://www.swiggy.com/restaurants/jitesh-chawana-and-sweet-mart-paldi-and-ambawadi-ahmedabad-561751,"Jitesh Chawana And Sweet Mart, Fatehpura, Motinagar, Paldi, Ahmedabad, Gujarat 380007, India",Menu/561751.json
545601,New Bombay Biryani,"Paldi & Ambawadi,Ahmedabad",--,Too Few Ratings,₹ 200,"Biryani,Indian",license,https://www.swiggy.com/restaurants/new-bombay-biryani-paldi-and-ambawadi-ahmedabad-545601,"New Bombay Biryani, shop no 6 siddharth park nr ambedkarnagar bhudarpura ambawadi ahmedabad",Menu/545601.json
533245,Dhaba Amritsari,"Paldi & Ambawadi,Ahmedabad",--,Too Few Ratings,₹ 300,"North Indian,Indian",10722026000706,https://www.swiggy.com/restaurants/dhaba-amritsari-paldi-and-ambawadi-ahmedabad-533245,"Dhaba Amritsari, 9,vardhaman complex,opp.-nilkanth plaza,bhatta,paldi,Ahmedabad,Gujarat-380007",Menu/533245.json
571677,Fooddygo,"Paldi & Ambawadi,Ahmedabad",--,Too Few Ratings,₹ 300,"Fast Food,Street Food",20719034002116,https://www.swiggy.com/restaurants/fooddygo-paldi-and-ambawadi-ahmedabad-571677,"Fooddygo, P-BLOCK  -102, SWAMINARAYAN PARK-03,  B/H G.B.SHAH College Road,  SHAHWADI,SOUTH VASNA, AHMEDABAD  , Ahmedabad  Municipal Corporation, Ahmedabad Municipal Corporation(Gujarat), -380007",Menu/571677.json
95663,Hocco Eatery,"Paldi & Ambawadi,Ahmedabad",--,Too Few Ratings,₹ 400,"Street Food,Desserts",10718026000778,https://www.swiggy.com/restaurants/hocco-eatery-vasna-paldi-and-ambawadi-ahmedabad-95663,"Hocco Eatery, 11, Saransh Ambience, Ground Floor, Opposite Pujan Apartment Jivraj Mehta Hospital, Vasna, Ahmedabad",Menu/95663.json
558122,Rj Mmaz Kitchen,"Paldi & Ambawadi,Ahmedabad",--,Too Few Ratings,₹ 350,"Chinese,Sweets",10722026000894,https://www.swiggy.com/restaurants/rj-mmaz-kitchen-paldi-and-ambawadi-ahmedabad-558122,"Rj Mmaz Kitchen, 10, Vin House Shopping Center, Near Shativan Bus Stop, Maharshi Ravindranath Tagore Society, Ranna Park, Paldi, Ahmedabad, Gujarat 380007, India",Menu/558122.json
488329,Testy Chinese Food,"Paldi & Ambawadi,Ahmedabad",--,Too Few Ratings,₹ 200,"Chinese,Fast Food",20722034000003,https://www.swiggy.com/restaurants/testy-chinese-food-paldi-and-ambawadi-ahmedabad-488329,"Testy Chinese Food, RUDRA COMPLEX, OPPOSIT RAVI JWELRES , AMBAWADI BAZAR, AHMEDABAD-380015",Menu/488329.json
114912,Paldi Juice Corner,"Paldi & Ambawadi,Ahmedabad",3.9,100+ ratings,₹ 150,"Beverages,Juices",10718026000164,https://www.swiggy.com/restaurants/paldi-juice-corner-paldi-ahmedabad-114912,"Paldi Juice Corner, Shop 4, M.M. Market, Opposite NID College, Paldi, Ahmedabad",Menu/114912.json
540715,Apnaa addaa cafe,"Paldi & Ambawadi,Ahmedabad",--,Too Few Ratings,₹ 500,"Snacks,Beverages",20722034000409,https://www.swiggy.com/restaurants/apnaa-addaa-cafe-paldi-and-ambawadi-ahmedabad-540715,"Apnaa addaa cafe, Comon-B sivanta one, near kothawala flat, Pritam Nagar, Paldi, Ahmedabad, Gujarat 380007, India",Menu/540715.json
146963,Shree Mangaleshwar Live Bakery,"Paldi & Ambawadi,Ahmedabad",--,Too Few Ratings,₹ 100,Snacks,20719034000069,https://www.swiggy.com/restaurants/shree-mangaleshwar-live-bakery-and-ambawadi-paldi-ahmedabad-146963,"Shree Mangaleshwar Live Bakery, 3, mangalaya Complex, Nr Anjali cross road,Anjali cross road, Paldi",Menu/146963.json
573220,maa ke hath ka poha,"Paldi & Ambawadi,Ahmedabad",--,Too Few Ratings,₹ 200,Indian,20721037005161,https://www.swiggy.com/restaurants/maa-ke-hath-ka-poha-paldi-and-ambawadi-ahmedabad-573220,"maa ke hath ka poha, block c2 203 aman gold behide gujarat samachar press old capital hotel compound mirzapur ahmedabad",Menu/573220.json
58425,Modi Sandwich And Pizza-Paldi,"Paldi & Ambawadi,Ahmedabad",3.9,500+ ratings,₹ 250,"Fast Food,Beverages",20718001000210,https://www.swiggy.com/restaurants/modi-sandwich-and-pizza-paldi-paldi-ahmedabad-58425,"Modi Sandwich And Pizza-Paldi, 1, Abhishek, Bhatta, Paldi, Ahmedabad",Menu/58425.json
531612,la Pavios Pizzaria,"Paldi & Ambawadi,Ahmedabad",--,Too Few Ratings,₹ 300,"Pizzas,Italian",20721034001148,https://www.swiggy.com/restaurants/la-pavios-pizzaria-paldi-and-ambawadi-ahmedabad-531612,"la Pavios Pizzaria	, 160 manekbaug society lane no 14 gate no 7 behind manekbaug hall ambawadi",Menu/531612.json
504700,The Tiffin Zone (Paldi),"Paldi & Ambawadi,Ahmedabad",--,Too Few Ratings,₹ 200,"Indian,North Indian",license,https://www.swiggy.com/restaurants/the-tiffin-zone-paldi-paldi-and-ambawadi-ahmedabad-504700,"The Tiffin Zone (Paldi), 984/ tolaknagar swatantra bungalow Paldi, opp amul garden,Paldi- 380007,",Menu/504700.json
55710,Ladli Fast Food,"Paldi & Ambawadi,Ahmedabad",4.6,20+ ratings,₹ 250,"Italian,Chinese",10717026000406,https://www.swiggy.com/restaurants/ladli-fast-food-paldi-ahmedabad-55710,"Ladli Fast Food, 5, Sapnay Complex, Opposite Suvidha Complex, Paldi, Ahmedabad",Menu/55710.json
147655,Ashapura Fast Food,"Paldi & Ambawadi,Ahmedabad",--,Too Few Ratings,₹ 200,South Indian,20721034002102,https://www.swiggy.com/restaurants/ashapura-fast-food-and-ambawadi-paldi-ahmedabad-147655,"Ashapura Fast Food, G-f 2 b shalin complex fatepura paldi",Menu/147655.json
322969,Shree Ambica Dalwada,"Paldi & Ambawadi,Ahmedabad",--,Too Few Ratings,₹ 100,"Street Food,Snacks",20720034001774,https://www.swiggy.com/restaurants/shree-ambica-dalwada-and-ambawadi-paldi-ahmedabad-322969,"Shree Ambica Dalwada, 10 BP ANAND SHOPPING CENTRE, bhatta,PALDI,380007",Menu/322969.json
421326,Bablu Shree Farali Center,"Paldi & Ambawadi,Ahmedabad",3.8,50+ ratings,₹ 200,"Indian,Snacks",license,https://www.swiggy.com/restaurants/bablu-shree-farali-center-paldi-and-ambawadi-ahmedabad-421326,"Bablu Shree Farali Center, Dharnidhar Tower, Opp. Temple Avenue, Vikas Gruh Road Dharnidhar 4 Rasta, Ahmedabad-380007",Menu/421326.json
416787,Monginis Cake Shop  Ambavadi,"Paldi & Ambawadi,Ahmedabad",--,Too Few Ratings,₹ 300,Bakery,10721026001175,https://www.swiggy.com/restaurants/monginis-cake-shop-ambavadi-paldi-and-ambawadi-ahmedabad-416787,"Monginis Cake Shop  Ambavadi, Shop No. 7, Ground Floor, Arora Vihar Complex, Ambawadi Bazar, Ambawadi, Ahmedabad, Gujarat 380006, India",Menu/416787.json
546025,Cake Di Bakery & More,"Paldi & Ambawadi,Ahmedabad",--,Too Few Ratings,₹ 50,Bakery,20722034000472,https://www.swiggy.com/restaurants/cake-di-bakery-and-more-paldi-and-ambawadi-ahmedabad-546025,"Cake Di Bakery & More, Shop no. 2 Abhishek complex near Modi sandwich Bhatta, Paldi, Ahmedabad, Gujarat 380007, India",Menu/546025.json
65590,Spice Zone,"Paldi & Ambawadi,Ahmedabad",4.3,50+ ratings,₹ 500,"Indian,Chinese",10717026000503,https://www.swiggy.com/restaurants/spice-zone-ellis-bridge-ellisbridge-ahmedabad-65590,"Spice Zone, Le Grande Residency, Old Sharda Mandir Cross Road, Ellis Bridge, Ahmedabad",Menu/65590.json
506160,Hoglatto,"Paldi & Ambawadi,Ahmedabad",--,Too Few Ratings,₹ 350,"Bakery,Desserts",20722034000356,https://www.swiggy.com/restaurants/hoglatto-paldi-and-ambawadi-ahmedabad-506160,"Hoglatto, 3, SUN AVENUE,ONE, NR, SUN PRIMA,AMBAWADI, AHMEDABAD GUJARAT , 380006",Menu/506160.json
71627,William John's Pizza,"Paldi & Ambawadi,Ahmedabad",--,Too Few Ratings,₹ 500,"Italian,Pizzas",license,https://www.swiggy.com/restaurants/william-johns-pizza-paldi-ahmedabad-71627,"William John's Pizza, 101, Yash Pinnacle, Near Anjali Cross Road, Bhattha Paldi, Ahmedabad",Menu/71627.json
415297,Assi Tussi,"Paldi & Ambawadi,Ahmedabad",--,Too Few Ratings,₹ 300,North Indian,20721034000011,https://www.swiggy.com/restaurants/assi-tussi-paldi-and-ambawadi-ahmedabad-415297,"Assi Tussi, Assi Tussi (Abha Suri) 97, Ankur Flats, Nr. Shantivan Bus Stand, Narayan Nagar Road, Paldi , Paldi (Ahmedabad) , Ahmedabad Municipal Corporation, Ahmedabad Municipal Corporation, Gujarat-380007",Menu/415297.json
